icao24,callsign,origin_country,time_position,last_contact,longitude,latitude,baro_altitude,on_ground,velocity,true_track,vertical_rate,sensors,geo_altitude,squawk,spi,position_source
ae1fa6,TALON75 ,United States,1778033664,1778033670,-116.8908,43.8175,1417.32,false,48.83,318.42,0.0,,1386.84,,false,0
ab1644,UAL1913 ,United States,1778033939,1778033939,-104.8377,40.3198,5196.84,false,176.74,338.66,9.1,,5181.6,0642,false,0
801642,AXB1032 ,India,1778033933,1778033935,82.7138,26.6185,11887.2,false,267.02,95.08,0.0,,12412.98,,false,0
ab6fdd,AAL363  ,United States,1778033939,1778033939,-81.389,33.1885,11277.6,false,193.13,347.85,0.0,,11719.56,3505,false,0
a3b87f,DAL2703 ,United States,1778033939,1778033939,-85.392,42.6143,10668.0,false,276.98,110.89,-0.33,,10690.86,2454,false,0
80162e,AIC8XR  ,India,1778033884,1778033884,77.0729,28.5491,274.32,false,71.49,103.74,-4.23,,198.12,6321,false,0
8744f6,ANA246  ,Japan,1778033937,1778033939,134.7486,34.1765,11887.2,false,303.61,77.87,0.0,,12359.64,3455,false,0
80163d,IGO141P ,India,1778033938,1778033939,77.2484,26.7514,9288.78,false,234.09,0.63,-5.53,,9646.92,,false,0
801648,"",India,,1778033939,,,,false,207.21,157.83,-10.08,,,,false,0
a52bd9,N432PH  ,United States,1778033891,1778033893,-97.4325,32.3519,365.76,false,13.39,357.8,-1.3,,281.94,,false,0
801657,AIC5MT  ,India,1778033939,1778033939,76.8099,27.4411,8054.34,false,243.57,192.07,7.48,,8343.9,,false,0
c81bcc,ZKTAE   ,New Zealand,1778033731,1778033731,176.168,-37.6851,152.4,false,34.65,310.79,-2.93,,297.18,,false,0
a36898,DAL825  ,United States,1778033937,1778033939,-102.422,36.6146,10363.2,false,181.52,280.45,0.0,,10568.94,,false,0
acdfa3,ASA443  ,United States,1778033939,1778033939,-95.4969,46.4495,10363.2,false,212.43,290.41,-0.33,,10081.26,3007,false,0
adffb0,JUMP84  ,United States,1778033939,1778033939,-102.203,31.9147,2240.28,false,101.7,11.08,-15.28,,2270.76,,false,0
801616,IGO064  ,India,1778033660,1778033803,56.4624,22.8431,11277.6,false,250.06,76.68,0.33,,11978.64,,false,0
801623,AXB1067 ,India,1778033939,1778033939,86.2976,25.7112,9730.74,false,223.82,114.15,-5.2,,10187.94,0574,false,0
a5955b,UPS1323 ,United States,1778033939,1778033939,-78.0259,35.1242,11277.6,false,237.6,37.79,0.0,,11620.5,2652,false,0
80160f,IGO2706 ,India,1778033939,1778033939,77.2154,27.3665,6835.14,false,191.74,3.54,-12.68,,7078.98,,false,0
a15bf8,N187PF  ,United States,1778033932,1778033932,-158.0836,21.3075,182.88,false,35.3,316.77,3.25,,205.74,3767,false,0
ab0347,N80896  ,United States,1778033939,1778033939,-97.5484,30.4676,998.22,false,48.37,1.22,3.25,,952.5,,false,0
7c2ebe,JIO     ,Australia,1778033940,1778033940,144.6921,-37.8863,396.24,false,48.78,62.35,0.65,,426.72,1200,false,0
801627,AXB1012 ,India,1778033939,1778033939,75.4561,31.7105,11582.4,false,226.34,15.96,0.0,,11955.78,,false,0
8a02e1,PKCAN   ,Indonesia,1778033790,1778033804,108.4407,-7.3213,7620.0,false,128.02,118.83,0.0,,8145.78,2404,false,0
a0e250,AAL1933 ,United States,1778033939,1778033939,-71.8833,41.5915,6012.18,false,216.09,68.2,-7.48,,6126.48,2262,false,0
a48850,UPS266  ,United States,1778033939,1778033939,9.988,47.7748,10050.78,false,232.84,152.93,-0.65,,10050.78,3160,false,0
a77ed4,N582RG  ,United States,1778033936,1778033936,-87.4643,30.5625,1470.66,false,77.21,60.02,-1.63,,1508.76,0137,false,0
ad694c,SWA4255 ,United States,1778033939,1778033939,-121.9257,37.3653,,true,0.0,47.81,,,,,false,0
80161d,AKJ1405 ,India,1778033939,1778033939,76.9645,28.4696,2613.66,false,112.05,283.27,-2.28,,2667.0,,false,0
80161e,AKJ1421 ,India,1778033938,1778033939,77.7932,14.0013,5996.94,false,201.57,17.83,8.78,,6248.4,,false,0
c047cf,CGBFA   ,Canada,1778033939,1778033939,-79.8498,43.7518,601.98,false,42.3,41.05,3.58,,518.16,1200,false,0
80166a,AKJ1925 ,India,1778033939,1778033939,84.7627,23.0697,10668.0,false,265.65,92.22,0.0,,11231.88,6404,false,0
adeca5,AAL1012 ,United States,1778033939,1778033939,-106.0845,31.977,10911.84,false,175.58,260.9,0.98,,11247.12,1731,false,0
ac232e,N881ST  ,United States,1778033939,1778033939,-94.6732,40.5659,10668.0,false,279.1,125.62,0.33,,10668.0,,false,0
0aa002,Q8PBSD  ,Barbados,1778033893,1778033893,-72.0683,42.617,5676.9,false,203.58,98.87,-10.73,,5737.86,6304,false,0
adffbe,COOL25  ,United States,1778033939,1778033939,-99.4274,30.2242,6705.6,false,205.99,241.83,-1.3,,7025.64,2242,false,0
801683,AXB478  ,India,1778033937,1778033938,53.2902,22.7267,9448.8,false,246.57,97.67,0.0,,10020.3,2116,false,0
a47597,DAL1419 ,United States,1778033939,1778033939,-77.7857,33.3359,12496.8,false,204.44,8.54,0.0,,12885.42,,false,0
801689,AXB1347 ,India,1778033897,1778033900,77.7615,13.1891,1097.28,false,79.74,270.37,-3.9,,1036.32,,false,0
4bc8c8,PGT1577 ,Turkey,1778033939,1778033939,21.6793,48.9831,10668.0,false,228.92,168.46,0.0,,10789.92,4513,false,0
a4757f,N387CB  ,United States,1778033939,1778033939,-89.3325,42.2963,5577.84,false,151.12,276.25,-6.83,,5486.4,5470,false,0
801680,AXB1026 ,India,1778033938,1778033939,81.1695,26.7394,1463.04,false,113.18,0.52,-6.18,,1440.18,,false,0
80167b,AIC8CW  ,India,1778033938,1778033939,76.6349,26.2595,10050.78,false,245.33,176.51,0.0,,10485.12,,false,0
abf008,SWA210  ,United States,1778033939,1778033939,-89.4948,40.0887,8839.2,false,258.77,53.24,-0.33,,8923.02,,false,0
801698,AXB2370 ,India,1778033939,1778033939,89.0994,24.7279,11277.6,false,268.27,57.13,0.0,,11856.72,2723,false,0
801699,AXB2780 ,India,1778033938,1778033939,77.91,13.1878,1516.38,false,98.26,270.3,-2.6,,1485.9,,false,0
4bc8d2,PGT652  ,Turkey,1778033940,1778033940,16.9853,37.8732,10668.0,false,243.14,61.16,0.0,,10965.18,,false,0
a2226b,GAQV    ,United States,1778033934,1778033934,-122.3902,49.0045,365.76,false,34.79,203.53,0.33,,342.9,,false,0
80164e,AIC4CM  ,India,1778033935,1778033935,77.0907,28.5612,,true,5.4,286.88,,,,,false,0
ac234f,UAL2328 ,United States,1778033939,1778033939,-121.3474,38.488,8839.2,false,199.57,74.6,0.0,,9052.56,4513,false,0
80164c,IGO445P ,India,1778033902,1778033937,88.4433,22.6549,45.72,true,0.0,5.62,,,,1402,false,0
ae5000,SHWK413 ,United States,1778033939,1778033939,-117.4084,32.6788,213.36,false,62.66,282.32,-0.33,,198.12,,false,0
adffdf,RATLR30 ,United States,1778033939,1778033939,-98.3426,31.0751,4594.86,false,232.04,57.4,-10.4,,4785.36,2574,false,0
ae631a,HAWK260 ,United States,1778033939,1778033939,-98.6513,27.8647,1150.62,false,123.35,64.82,0.0,,1120.14,,false,0
a34268,SKW3935 ,United States,1778033939,1778033939,-85.5815,32.7854,8229.6,false,207.81,50.12,-0.33,,8587.74,,false,0
e8026f,LPE2461 ,Chile,1778033939,1778033939,-76.2988,-6.2855,11582.4,false,229.1,188.0,0.0,,12367.26,,false,0
ae1ff5,G72230  ,United States,1778033800,1778033801,-84.5113,33.914,350.52,false,15.62,287.24,-1.63,,335.28,,false,0
80165e,AXB2786 ,India,1778033939,1778033939,78.3291,13.2889,3931.92,false,141.05,295.72,-6.18,,4069.08,,false,0
3442c9,GES091F ,Spain,1778033933,1778033933,-3.5615,40.4589,,true,0.0,180.0,,,,,false,0
801669,IGO1853 ,India,1778033724,1778033725,36.8392,-1.3839,2118.36,false,93.84,53.7,-4.55,,2194.56,,false,0
ac1042,SWA4179 ,United States,1778033939,1778033939,-86.3872,35.8695,4008.12,false,163.81,306.19,-11.38,,4122.42,2602,false,0
801672,AIC3BX  ,India,1778033748,1778033792,83.5924,21.9971,12260.58,true,207.38,256.52,0.0,,,1412,false,0
adffca,CARBN90 ,United States,1778033939,1778033939,-100.4391,29.6191,5212.08,false,173.72,227.76,-15.61,,5448.3,2201,false,0
a4c527,RPA4554 ,United States,1778033939,1778033940,-89.4824,36.8781,10972.8,false,172.16,262.79,0.0,,11300.46,7163,false,0
ac21e4,DAL1636 ,United States,1778033939,1778033939,-82.0065,30.7994,10965.18,false,253.66,193.73,0.0,,11483.34,1761,false,0
aa8075,ENY4208 ,United States,1778033939,1778033939,-87.9265,44.3586,1805.94,false,107.84,7.13,-4.55,,1714.5,3121,false,0
ab01ee,N8080A  ,United States,1778033940,1778033940,-79.0979,35.5691,335.28,false,54.93,22.0,0.33,,327.66,,false,0
adda1b,N992AK  ,United States,1778033645,1778033647,-149.8337,61.215,,true,0.06,255.94,,,,5140,false,0
a9fbb7,N742TX  ,United States,1778033939,1778033939,-98.0346,33.4856,4442.46,false,177.61,130.89,-9.43,,4541.52,,false,0
e80211,LPE2695 ,Chile,1778033939,1778033939,-79.2692,-6.843,10668.0,false,228.18,172.75,0.0,,11391.9,,false,0
a7bbe9,JBU571  ,United States,1778033939,1778033939,-77.5693,33.7903,11582.4,false,246.14,198.4,0.0,,11986.26,4377,false,0
e80210,LPE2479 ,Chile,1778033939,1778033939,-79.1986,-8.1605,11277.6,false,239.03,149.9,0.0,,12047.22,,false,0
ae74e7,"",United States,1778033919,1778033919,-78.7841,36.1947,152.4,false,17.61,263.29,-0.65,,160.02,,false,0
ac6a65,SWA3877 ,United States,1778033939,1778033939,-108.3014,32.3636,11887.2,false,273.53,107.17,0.33,,12230.1,,false,0
86cfa0,ANA22   ,Japan,1778033924,1778033939,136.2764,34.7854,7124.7,false,234.84,85.35,10.08,,7414.26,,false,0
ae0d69,09626669,United States,1778033912,1778033919,-77.3266,37.5024,121.92,false,42.3,108.43,-1.95,,76.2,,false,0
a6f23d,DAL694  ,United States,1778033940,1778033940,-96.1647,41.7251,10972.8,false,186.75,258.72,0.0,,10949.94,7435,false,0
0d11e6,VIV4345 ,Mexico,1778033939,1778033939,-100.0942,25.883,2567.94,false,154.66,21.87,-7.15,,2659.38,,false,0
4bc8cf,PGT80PT ,Turkey,1778033939,1778033939,26.0886,42.0324,10066.02,false,242.73,114.01,0.33,,10218.42,1155,false,0
4bc8ce,PGT96T  ,Turkey,1778033939,1778033939,24.6161,42.7998,10660.38,false,242.23,122.07,-0.33,,10828.02,6033,false,0
c81d02,ZKNSZ   ,New Zealand,1778033939,1778033939,170.296,-45.9089,373.38,false,51.9,72.1,1.3,,388.62,,false,0
ad41cd,SWA1468 ,United States,1778033939,1778033939,-99.4729,31.6712,10652.76,false,234.35,157.54,-17.23,,11155.68,3274,false,0
a34291,UPS921  ,United States,1778033927,1778033939,-117.1844,32.735,,true,0.0,146.25,,,,,false,0
a5d28e,UAL1887 ,United States,1778033939,1778033939,-85.4601,36.7197,11887.2,false,264.62,59.9,0.0,,12214.86,2211,false,0
e80241,LAE2530 ,Chile,1778033831,1778033832,-79.307,13.7369,11887.2,false,233.57,179.37,0.0,,12626.34,,false,0
a8dbbd,PDT5892 ,United States,1778033939,1778033939,-81.5202,36.2747,6705.6,false,208.94,338.93,-0.33,,6896.1,3332,false,0
a5f894,N484MM  ,United States,1778033939,1778033939,-97.6005,40.335,13106.4,false,165.78,215.91,0.33,,13182.6,2026,false,0
c07bc7,WJA2135 ,Canada,1778033939,1778033939,-83.4797,30.8002,11277.6,false,221.7,20.37,0.0,,11833.86,6136,false,0
a6aef7,N53KB   ,United States,1778033939,1778033940,-83.0993,34.2065,5478.78,false,141.57,114.7,-2.6,,5638.8,5234,false,0
a97861,N7090M  ,United States,1778033939,1778033939,-156.0432,19.7301,,false,2.57,53.13,0.0,,45.72,,false,0
7c2ebb,JIL     ,Australia,1778033939,1778033939,150.161,-34.4747,2392.68,false,78.48,104.04,-0.33,,2476.5,7214,false,0
a091d5,DAL496  ,United States,1778033939,1778033939,-94.9992,31.9745,9098.28,false,193.92,288.72,-8.13,,9525.0,1720,false,0
46b838,AEE3K   ,Greece,1778033939,1778033939,32.4905,34.9267,7284.72,false,209.47,294.68,10.08,,7391.4,,false,0
a8eed8,FFT2445 ,United States,1778033939,1778033939,-88.5793,41.8274,5044.44,false,163.26,259.47,11.05,,4998.72,6240,false,0
a114f4,AAL2459 ,United States,1778033939,1778033939,-116.6925,33.9367,4061.46,false,187.0,286.79,-9.1,,4076.7,1620,false,0
a101c3,AAL1594 ,United States,1778033939,1778033939,-84.6268,31.0955,10355.58,false,196.33,326.43,0.0,,10843.26,3757,false,0
a8584c,TCF637  ,United States,1778033939,1778033939,-80.7794,28.0827,487.68,false,38.56,71.32,1.3,,502.92,,false,0
a114ed,UPS513  ,United States,1778033939,1778033939,-89.0885,40.2957,9433.56,false,278.66,101.39,0.0,,9540.24,2665,false,0
46b826,AEE727  ,Greece,1778033939,1778033939,21.0305,38.5876,11277.6,false,246.02,112.76,0.0,,11529.06,2354,false,0
a1ad49,N207P   ,United States,1778033939,1778033939,-96.6214,34.9342,2849.88,false,96.52,305.89,-2.93,,2865.12,,false,0
a15d6c,N18728  ,United States,1778033924,1778033924,-82.4541,27.9109,-15.24,false,31.18,37.63,-3.25,,7.62,3216,false,0
a85887,JBU308  ,United States,1778033939,1778033940,-72.4855,42.6747,7010.4,false,223.76,50.78,0.0,,7117.08,1744,false,0
a7cee7,N602CH  ,United States,1778033939,1778033939,-97.8527,39.8729,13639.8,false,308.35,75.01,2.28,,13716.0,7632,false,0
e80209,LPE2455 ,Chile,1778033938,1778033939,-78.1992,-6.3979,11269.98,false,227.15,177.14,-0.33,,12039.6,,false,0
a38a3a,AAL1165 ,United States,1778033939,1778033940,-80.5719,34.8431,3794.76,false,148.48,320.91,-2.6,,3909.06,7455,false,0
aa2a15,NDU54   ,United States,1778033673,1778033674,-97.0814,47.6693,784.86,false,53.79,12.71,-3.58,,739.14,,false,0
aa07f9,UAL1475 ,United States,1778033939,1778033939,-94.1723,30.8015,6492.24,false,174.35,227.03,-11.38,,6835.14,3503,false,0
c0482a,ROU2010 ,Canada,1778033939,1778033939,-65.775,45.4501,937.26,false,91.76,189.36,-0.33,,899.16,,false,0
c03517,WJA1845 ,Canada,1778033939,1778033939,-100.8521,49.3696,12192.0,false,221.25,313.49,0.0,,11971.02,,false,0
7cf9df,VIPR44  ,Australia,1778033939,1778033940,115.8223,-31.5,259.08,false,100.95,240.04,-1.95,,365.76,2062,false,0
e49ec9,AZU2678 ,Brazil,1778033939,1778033939,-46.337,-21.0495,10058.4,false,256.43,22.66,0.0,,10652.76,,false,0
87455c,ANA763  ,Japan,1778033646,1778033646,127.7726,26.1288,830.58,false,142.9,196.74,-4.55,,922.02,,false,0
7cf9dc,SIRA614 ,Australia,1778033939,1778033939,116.0436,-31.2522,883.92,false,129.15,1.14,-9.1,,1005.84,2043,false,0
ab5d2c,DAL84   ,United States,1778033939,1778033939,-83.4251,34.1378,7871.46,false,266.5,53.79,7.8,,8183.88,3526,false,0
a2ba1f,N275LX  ,United States,1778033938,1778033938,-84.3042,33.8688,,true,3.6,255.94,,,,,false,0
7cf9e5,TANG72  ,Australia,1778033939,1778033939,115.7622,-31.4418,2628.9,false,138.15,183.63,-2.93,,2788.92,7327,false,0
e0b215,ARG1324 ,Argentina,1778033939,1778033939,-58.5295,-34.2612,5158.74,false,202.87,353.74,12.03,,5402.58,0357,false,0
7cf9e0,VIPR78  ,Australia,1778033939,1778033939,116.2511,-31.6292,800.1,false,130.31,305.2,0.65,,922.02,2051,false,0
a2cd61,NGH28   ,United States,1778033744,1778033744,-101.6071,41.7627,10050.78,false,238.87,94.32,0.98,,9951.72,,false,0
7cf9cd,TRDT41  ,Australia,1778033939,1778033939,152.5468,-27.6718,891.54,false,154.16,25.71,1.95,,998.22,,false,0
7cf9ce,BFLO42  ,Australia,1778033939,1778033939,147.2677,-35.9827,1729.74,false,113.89,334.01,0.33,,1821.18,7354,false,0
a00929,RPA4662 ,United States,1778033939,1778033939,-85.8943,36.518,4122.42,false,158.01,239.26,-8.45,,4213.86,7063,false,0
ad67bf,ERU963  ,United States,1778033685,1778033685,-81.1158,29.1572,228.6,false,49.73,65.56,-2.6,,236.22,,false,0
8a047a,GIA879  ,Indonesia,1778033939,1778033939,126.7612,35.6807,8724.9,false,243.78,185.08,4.23,,9029.7,4104,false,0
accd18,DAL3071 ,United States,1778033892,1778033892,-82.5587,35.4732,822.96,false,69.97,160.23,-4.23,,822.96,5117,false,0
7cf9d8,SBOT    ,Australia,1778033939,1778033939,115.441,-31.4623,2308.86,false,134.25,104.2,-2.93,,2453.64,2015,false,0
e0b244,ARG1862 ,Argentina,1778033755,1778033834,-61.8907,-41.7816,11582.4,false,211.81,204.39,0.0,,11689.08,1677,false,0
a3ed89,N352PJ  ,United States,1778033939,1778033939,-122.8445,45.4402,601.98,false,78.71,323.5,-5.53,,601.98,,false,0
ab5d58,N831PB  ,United States,1778033939,1778033939,-98.789,31.0425,11582.4,false,192.84,280.14,0.33,,12123.42,2153,false,0
ab5d4a,AAL2074 ,United States,1778033939,1778033939,-94.3768,41.7908,10668.0,false,250.73,15.35,0.0,,10629.9,6360,false,0
ab14d9,DAL2126 ,United States,1778033879,1778033882,-86.6721,36.1332,,true,0.0,213.75,,,,4101,false,0
84d283,JJP337  ,Japan,1778033939,1778033939,128.0273,26.6712,4648.2,false,151.22,194.18,-10.4,,4914.9,,false,0
a3ed91,AAL2733 ,United States,1778033939,1778033939,-87.9314,41.972,,true,4.63,177.19,,,,,false,0
8a0479,GIA881  ,Indonesia,1778033939,1778033939,140.6449,34.4742,9547.86,false,181.03,209.26,5.53,,9989.82,6035,false,0
a38a21,UPS901  ,United States,1778033939,1778033939,-89.049,38.2986,10157.46,false,293.37,93.82,-3.25,,10347.96,,false,0
7c2f54,JMU     ,Australia,1778033939,1778033939,151.0391,-35.0381,8534.4,false,137.28,202.24,0.0,,8747.76,1161,false,0
7c1c23,FUD     ,Australia,1778033938,1778033939,144.7561,-36.7541,1767.84,false,67.24,238.13,0.0,,1767.84,,true,0
a857c9,N637AM  ,United States,1778033939,1778033939,-119.771,34.303,1120.14,false,128.85,353.81,-11.38,,1112.52,3477,false,0
e49eec,GLO1558 ,Brazil,1778033938,1778033938,-46.2606,-23.3409,2506.98,false,136.44,57.63,11.05,,2682.24,,false,0
e49eed,GLO7635 ,Brazil,1778033939,1778033939,-80.4397,27.9826,5676.9,false,213.06,132.16,7.15,,5943.6,0744,false,0
e49eef,GLO1655 ,Brazil,1778033841,1778033935,-45.7167,-21.7092,10972.8,false,212.98,217.15,-4.88,,11582.4,,false,0
ac34bf,SWA1231 ,United States,1778033939,1778033939,-82.5133,27.7449,899.16,false,118.32,294.67,0.33,,944.88,4142,false,0
a3b7d1,LXJ339  ,United States,1778033939,1778033939,-118.0655,33.8316,1813.56,false,102.03,353.34,-4.88,,1813.56,1670,false,0
8014de,IGO6269 ,India,1778033939,1778033939,77.5931,13.1003,4678.68,false,194.17,95.02,7.8,,4846.32,,false,0
86ced2,ANA965  ,Japan,1778033938,1778033939,139.7708,35.5554,,true,0.0,45.0,,,,,false,0
c04800,CGBGX   ,Canada,1778033808,1778033808,-122.6231,49.1057,53.34,false,30.77,218.21,-4.23,,45.72,,false,0
a9fbf8,"",United States,1778033762,1778033811,-85.2822,42.3101,655.32,false,57.14,43.18,-2.6,,579.12,,false,0
ad67cc,FDX1125 ,United States,1778033939,1778033939,-80.4287,26.3262,3947.16,false,193.06,286.41,-1.3,,4130.04,,false,0
a40d8d,DAL2416 ,United States,1778033939,1778033939,-81.8495,37.8398,7620.0,false,235.3,34.49,0.33,,7818.12,1076,false,0
a39d9b,DAL2810 ,United States,1778033939,1778033939,-105.5983,37.6263,11582.4,false,209.39,306.31,0.33,,11704.32,,false,0
ae0d25,NINJA32 ,United States,1778033939,1778033939,139.3752,35.5069,213.36,false,56.59,306.87,2.93,,350.52,1200,false,0
aaf4ee,N805FA  ,United States,1778033939,1778033939,-118.7003,34.1338,1363.98,false,118.14,289.86,-0.33,,1356.36,,false,0
a3ed40,N352LL  ,United States,1778033916,1778033917,-92.9595,45.6454,594.36,false,55.65,33.69,-2.93,,548.64,,false,0
8014af,IGO72H  ,India,1778033939,1778033939,78.4563,8.5546,11742.42,false,227.12,152.33,-4.55,,12428.22,,false,0
e0b285,FBZ5091 ,Argentina,1778033939,1778033939,-58.6766,-33.5475,8244.84,false,196.88,185.4,-10.08,,8633.46,2134,false,0
acba1b,SWA945  ,United States,1778033939,1778033939,-104.6841,39.8523,,true,4.37,196.88,,,,,true,0
a26a93,FDX1203 ,United States,1778033939,1778033939,-85.3755,37.4463,10370.82,false,207.42,239.11,0.0,,10645.14,0556,false,0
acba1a,WMU91   ,United States,1778033782,1778033782,-86.3424,42.1273,701.04,false,70.48,270.42,-5.2,,800.1,,false,0
c04826,ROU1731 ,Canada,1778033939,1778033939,-111.9299,33.4407,678.18,false,62.76,269.53,-3.25,,640.08,,false,0
e0b284,FBZ5119 ,Argentina,1778033939,1778033939,-58.6456,-33.2811,9669.78,false,207.42,185.98,-11.7,,10111.74,2103,false,0
ae74c2,ZEUS21  ,United States,1778033822,1778033822,-78.7242,35.388,91.44,false,36.49,220.43,-3.58,,91.44,,false,0
a3da0d,N34727  ,United States,1778033939,1778033939,-122.2438,47.3122,243.84,false,39.61,180.0,-1.63,,228.6,,false,0
a4d7e4,AAL3176 ,United States,1778033939,1778033939,-84.3978,35.7515,11269.98,false,257.26,158.41,0.0,,11643.36,1371,false,0
86cee7,SNJ74   ,Japan,1778033939,1778033939,139.5196,34.5474,5623.56,false,205.9,44.39,-9.43,,5897.88,0407,false,0
a12921,N174ME  ,United States,1778033632,1778033632,-90.0299,30.0522,0.0,false,30.35,180.0,-1.95,,-7.62,,false,0
7c1c4b,AL701   ,Australia,1778033879,1778033938,115.9615,-31.9527,-129.54,false,4.63,98.44,,,,3632,false,0
a27d9f,N26LA   ,United States,1778029565,1778033935,-83.6094,31.5048,243.84,false,59.02,345.36,0.98,,800.1,1200,false,0
8014d0,AIC3NQ  ,India,1778033939,1778033939,76.9471,24.8402,11887.2,false,242.16,172.8,0.0,,12481.56,,false,0
a0092f,BRW101  ,United States,1778033939,1778033939,-92.6126,44.3911,1661.16,false,42.7,306.18,-1.3,,1577.34,4213,false,0
7c1c4f,AL709   ,Australia,1778033939,1778033939,116.8176,-29.8451,4876.8,false,106.29,117.06,0.0,,5082.54,7225,false,0
8a03b2,CTV718  ,Indonesia,1778033927,1778033933,108.4619,-6.5877,8770.62,false,236.79,101.53,4.88,,9380.22,2315,false,0
34310d,BCS7CK  ,Spain,1778033939,1778033939,-1.9061,40.5659,7383.78,false,186.9,249.37,-6.83,,7482.84,1000,false,0
aa2a7f,SKW6470 ,United States,1778033936,1778033937,-102.8477,35.229,10363.2,false,179.23,297.15,0.0,,10629.9,,false,0
ae620e,CARD71  ,United States,1778033939,1778033939,128.1925,36.0008,525.78,false,58.58,136.07,-2.93,,601.98,,false,0
ae620c,CARD29  ,United States,1778033608,1778033743,127.2234,36.8899,952.5,false,54.79,192.47,0.98,,1021.08,1764,false,0
8014fe,AKJ652V ,India,1778033934,1778033938,77.5487,13.3761,2895.6,false,143.57,29.87,13.0,,2948.94,,false,0
8014fd,AKJ1372 ,India,1778033939,1778033939,87.6918,23.9132,11277.6,false,259.08,57.98,0.0,,11879.58,2745,false,0
a977fd,WMU70   ,United States,1778033589,1778033704,-84.688,42.263,952.5,false,72.43,276.12,-0.33,,861.06,,false,0
a00978,N101LU  ,United States,1778033939,1778033939,-81.2762,26.1144,1661.16,false,58.53,77.31,0.33,,1699.26,,false,0
ae0bec,G026022 ,United States,1778033893,1778033933,-111.9959,40.6137,,true,0.0,340.31,,,,,false,0
a964e3,N704RB  ,United States,1778033939,1778033939,-84.9169,33.1165,1363.98,false,42.5,218.12,0.0,,1371.6,0124,false,0
c07c7b,ACA312  ,Canada,1778033939,1778033939,-99.8784,47.4385,10668.0,false,239.05,102.3,0.0,,10393.68,,false,0
7809be,CES2106 ,China,1778033849,1778033849,115.9854,39.5883,5135.88,false,174.27,210.12,10.4,,5189.22,,false,0
4400be,TAY7LL  ,Austria,1778033939,1778033939,5.3351,51.716,10668.0,false,220.1,44.15,0.33,,10584.18,3334,false,0
ab029d,N8085A  ,United States,1778033939,1778033939,-123.0223,44.2708,1440.18,false,31.08,6.65,4.88,,1455.42,,false,0
5003a6,T7IRL   ,San Marino,1778033939,1778033939,-6.1541,48.4418,12496.8,false,270.15,120.81,0.0,,12443.46,,false,0
c07c92,WEN3726 ,Canada,1778033939,1778033940,-114.1615,51.2392,3474.72,false,143.6,178.15,-6.5,,3497.58,,false,0
a5d1b9,UAL616  ,United States,1778033930,1778033937,-100.5065,39.0276,10058.4,false,293.01,100.52,0.0,,10104.12,3546,false,0
ada595,FDX1662 ,United States,1778033939,1778033939,-81.6726,30.6259,2324.1,false,139.24,321.9,19.83,,2377.44,2630,false,0
c81cb1,ZKLJF   ,New Zealand,1778033938,1778033938,172.5519,-43.7943,701.04,false,53.62,81.17,2.28,,777.24,,false,0
a3696e,DAL420  ,United States,1778033939,1778033939,-116.0454,33.4856,11277.6,false,259.36,93.87,0.0,,11369.04,6775,false,0
a88d47,FFT2252 ,United States,1778033939,1778033939,-82.2919,40.2069,9707.88,false,236.54,176.63,2.6,,9845.04,4160,false,0
801602,AIC4WC  ,India,1778033939,1778033939,76.2579,11.5197,11277.6,false,231.24,154.29,0.0,,11940.54,,false,0
7c1c10,FTU     ,Australia,1778033939,1778033939,150.6674,-33.8784,510.54,false,36.12,10.67,-2.28,,586.74,1200,false,0
7809e7,CSN6575 ,China,1778033929,1778033929,117.6132,39.3804,9479.28,false,243.38,66.85,0.0,,9723.12,,false,0
a1bff9,UCA4378 ,United States,1778033747,1778033774,-92.2498,34.4938,2682.24,false,157.39,41.82,-6.5,,2971.8,2515,false,0
a40ca4,DAL2918 ,United States,1778033939,1778033939,-79.7332,39.9567,11772.9,false,283.03,120.71,-5.2,,11963.4,2310,false,0
a5f7fe,N484FM  ,United States,1778033939,1778033939,-101.7393,33.6606,13098.78,false,169.58,283.15,-0.33,,13395.96,0146,true,0
a9c7c7,N7293L  ,United States,1778033939,1778033939,-81.6168,26.3144,830.58,false,47.35,88.13,-6.5,,868.68,,false,0
ab5d08,N831KX  ,United States,1778033939,1778033939,-82.6387,35.682,2308.86,false,61.05,110.73,0.0,,2331.72,,false,0
ae627e,BLZR238 ,United States,1778033939,1778033939,-97.7911,27.5173,0.0,false,75.37,317.49,0.0,,160.02,,false,0
e07542,ARG1550 ,Argentina,1778033939,1778033939,-59.4882,-33.8264,10119.36,false,204.85,310.01,15.61,,10515.6,1503,false,0
a08021,AAL1622 ,United States,1778033938,1778033939,-110.2234,32.3704,9761.22,false,178.93,283.64,0.0,,9959.34,2345,false,0
7c7194,WPY     ,Australia,1778033939,1778033940,115.3534,-31.9116,4389.12,false,96.06,336.32,5.53,,4602.48,6770,false,0
a09357,N136VA  ,United States,1778033908,1778033908,-79.7661,36.9948,853.44,false,64.88,333.64,0.65,,830.58,,false,0
7809fd,"",China,1778033627,1778033627,113.778,22.6989,297.18,false,75.93,152.57,-4.23,,335.28,,false,0
a0934b,UPS837  ,United States,1778033938,1778033939,-102.1413,40.8962,11277.6,false,266.06,102.96,-0.33,,11262.36,2261,false,0
a3b90e,UPS1403 ,United States,1778033729,1778033729,-101.5244,41.787,11894.82,false,267.77,103.56,0.0,,11841.48,,false,0
a2363b,N2543A  ,United States,1778033785,1778033811,-81.1306,29.1514,205.74,false,41.48,66.61,-0.98,,213.36,,false,0
ab5dd4,UAL533  ,United States,1778033939,1778033939,-91.1407,44.5747,10980.42,false,192.74,290.47,0.0,,10789.92,1342,false,0
80174b,IGO411H ,India,1778033938,1778033939,76.9215,26.1707,11125.2,false,243.33,179.76,2.28,,11635.74,,false,0
a2ccef,WDY28   ,United States,1778033940,1778033940,-104.0655,39.3607,11887.2,false,270.05,69.6,0.0,,11986.26,1312,false,0
a4d97e,SKW3069 ,United States,1778033939,1778033939,-111.9933,33.4397,,true,1.03,90.0,,,,,false,0
800429,VTIAH   ,India,1778033934,1778033939,33.439,28.6961,10965.18,false,218.37,308.98,0.0,,11346.18,5274,false,0
e48c05,GLO7686 ,Brazil,1778033709,1778033711,-44.6529,-24.566,11582.4,false,207.37,225.8,0.0,,12146.28,3405,false,0
a76cb4,LXJ578  ,United States,1778033939,1778033939,-109.9751,39.8063,13708.38,false,257.12,77.52,0.33,,13822.68,3605,false,0
a0806f,N131RR  ,United States,1778033848,1778033848,-115.1654,36.0867,,true,11.83,22.5,,,,,false,0
ac2412,SWA603  ,United States,1778033939,1778033939,-100.6857,32.1833,11887.2,false,291.24,88.79,-0.33,,12336.78,1323,false,0
c07e42,"",Canada,,1778033819,,,,false,51.8,214.48,-0.33,,,,false,0
ad9db0,ASA524  ,United States,1778033939,1778033939,-108.0125,45.5885,10363.2,false,222.3,291.88,0.0,,10210.8,,false,0
80175b,VTFSP   ,India,1778033928,1778033931,75.7137,28.3542,1699.26,false,52.46,221.82,0.65,,1691.64,,false,0
e49f43,AZU2865 ,Brazil,1778033939,1778033939,-47.2838,-23.4133,4975.86,false,165.45,194.04,2.28,,5295.9,,false,0
c81ac0,ANZ167L ,New Zealand,1778033939,1778033939,176.2048,-37.8808,6096.0,false,151.53,124.07,-0.33,,6377.94,,false,0
a60665,VAR488  ,United States,1778033939,1778033939,-112.4668,33.2569,1402.08,false,75.69,99.78,-0.33,,1379.22,,false,0
ac3751,SWA2934 ,United States,1778033940,1778033940,-116.4871,34.4161,8420.1,false,232.86,236.17,-9.43,,8481.06,1012,false,0
a3a67b,UPS1017 ,United States,1778033939,1778033939,-70.8725,42.3231,2644.14,false,160.26,77.39,20.81,,2644.14,,false,0
c07e32,ACA375  ,Canada,1778033939,1778033939,-96.7409,49.758,1668.78,false,129.15,275.26,-6.5,,1592.58,,false,0
801778,"",India,,1778033938,,,,false,239.32,103.68,0.0,,,,false,0
ad4404,FDX155  ,United States,1778033939,1778033939,-81.1287,38.8581,11582.4,false,200.4,243.96,0.0,,11795.76,6533,false,0
aad104,N7962Y  ,United States,1778033939,1778033939,-115.3771,36.3322,1889.76,false,68.19,311.02,3.58,,1859.28,,false,0
c81ad8,ZKIQT   ,New Zealand,1778033939,1778033939,172.5757,-43.5046,403.86,false,52.71,114.81,0.33,,472.44,,false,0
a2dffe,UAL2117 ,United States,1778033923,1778033928,-117.2056,32.7346,,true,0.0,5.62,,,,,false,0
801738,IGO6024 ,India,1778033935,1778033939,77.2549,26.0986,9631.68,false,224.81,0.26,-4.88,,10043.16,,false,0
7c1cd4,FZA     ,Australia,1778033939,1778033939,150.6718,-34.0253,365.76,false,48.66,250.22,-2.93,,419.1,3000,false,0
a08057,N131QS  ,United States,1778033939,1778033939,-157.9067,21.7298,7414.26,false,205.27,270.57,-9.75,,7848.6,,false,0
a47656,N387LS  ,United States,1778033939,1778033939,-93.5041,43.8061,5455.92,false,199.03,3.85,-13.0,,5288.28,5635,false,0
a89fcf,FDX1679 ,United States,1778033925,1778033925,-77.454,38.9589,,true,0.0,90.0,,,,,false,0
801745,IGO769Y ,India,1778033939,1778033939,75.8024,26.2134,10988.04,false,235.13,206.51,-0.98,,11506.2,,false,0
ad574f,AAL706  ,United States,1778033939,1778033939,-75.6712,38.6108,8534.4,false,229.25,211.98,0.33,,8724.9,2675,false,0
801743,VTPVV   ,India,1778033939,1778033939,77.4783,28.8028,4198.62,false,152.86,358.26,7.8,,4320.54,,false,0
a71337,JIA5128 ,United States,1778033939,1778033939,-83.328,38.3793,8534.4,false,194.83,261.96,0.33,,8717.28,2454,false,0
ac2439,SWA734  ,United States,1778033939,1778033939,-101.7536,33.6635,10972.8,false,178.57,283.16,0.0,,11300.46,,false,0
80172d,IGO6441 ,India,1778033911,1778033911,84.5237,25.5604,11269.98,false,265.93,86.56,0.0,,11818.62,,false,0
a7cfd2,N602MT  ,United States,1778033821,1778033821,-78.7297,35.384,106.68,false,22.43,233.39,-1.63,,106.68,,false,0
801748,IGO2044 ,India,1778033939,1778033939,77.0898,28.5695,,true,0.06,348.75,,,,,false,0
a7130c,SWA963  ,United States,1778033929,1778033929,-104.6943,39.852,,true,0.0,270.0,,,,,false,0
c07e59,WJA2151 ,Canada,1778033667,1778033667,-120.4927,42.2886,10363.2,false,205.74,347.88,-0.33,,10599.42,2046,false,0
c035d4,JZA767  ,Canada,1778033939,1778033939,-122.129,45.9052,10972.8,false,211.09,355.39,0.0,,11277.6,4565,false,0
8852e3,THA415  ,Thailand,1778033939,1778033939,100.7248,13.6339,525.78,false,97.96,194.91,11.05,,502.92,,false,0
c06b22,CGOOV   ,Canada,1778033939,1778033939,-122.6328,49.0916,647.7,false,45.89,266.14,-0.33,,632.46,,false,0
80173e,IGO393M ,India,1778033875,1778033875,77.0896,28.5705,,true,4.37,5.62,,,,,false,0
0d10e3,VOI1862 ,Mexico,1778033939,1778033939,-117.4977,34.055,693.42,false,66.37,269.56,-3.25,,678.18,2676,false,0
aae465,AAL2144 ,United States,1778033939,1778033939,-76.4597,40.5427,7086.6,false,217.22,300.45,8.78,,7208.52,5036,false,0
a2107b,FFT1401 ,United States,1778033936,1778033936,-98.6879,38.7166,10965.18,false,168.64,274.02,0.33,,11087.1,5051,false,0
50039a,T7EZ222 ,San Marino,1778033816,1778033816,117.2643,39.7017,6004.56,false,205.4,166.97,0.0,,6126.48,,false,0
ab0485,AAL1771 ,United States,1778033940,1778033940,-103.7992,34.2668,10363.2,false,187.1,282.55,0.0,,10652.76,,false,0
80179a,AXB2837 ,India,1778033939,1778033939,81.954,17.5252,8839.2,false,250.43,86.7,0.0,,,,false,0
0d10ec,VOI900  ,Mexico,1778033863,1778033938,-90.5999,14.9212,3200.4,false,120.17,120.63,-1.95,,3398.52,2641,false,0
801779,VTHHC   ,India,1778033937,1778033938,78.2081,30.3755,2545.08,false,57.73,86.42,2.28,,2583.18,,false,0
801785,AKJ1850 ,India,1778033936,1778033939,87.5305,24.8722,8663.94,false,219.37,16.91,-7.8,,9075.42,2714,false,0
a0808f,SKW5856 ,United States,1778033938,1778033939,-88.0125,42.0005,1485.9,false,123.43,329.16,6.5,,1424.94,,false,0
0d10fe,VOI3628 ,Mexico,1778033939,1778033939,-98.4605,19.9459,11574.78,false,224.7,247.66,0.0,,12336.78,,false,0
801783,AXB5253 ,India,1778033939,1778033939,77.2653,27.556,5516.88,false,164.62,0.18,-3.9,,5707.38,,false,0
ac379a,SWA278  ,United States,1778033939,1778033939,-118.3117,34.6335,12496.8,false,248.13,131.72,0.0,,12641.58,3367,false,0
80177c,AXB2881 ,India,1778033939,1778033939,86.8364,22.9909,11277.6,false,252.24,29.44,0.0,,11894.82,7277,false,0
80177d,IGO5216 ,India,1778033874,1778033901,77.0731,14.5155,8831.58,false,232.32,323.28,3.9,,9342.12,,false,0
a008c5,DAL2145 ,United States,1778033939,1778033939,-109.366,37.322,10980.42,false,209.24,237.76,-0.33,,11064.24,3613,false,0
a008c9,DAL831  ,United States,1778033938,1778033939,-115.8015,44.6086,11582.4,false,209.76,298.89,0.0,,11750.04,,false,0
800462,AIC188  ,India,1778033939,1778033939,15.6214,39.2936,10668.0,false,252.36,105.37,0.0,,10934.7,1412,false,0
801797,VTRGL   ,India,1778033935,1778033937,78.777,30.4113,0.0,false,71.08,267.1,-0.33,,,,false,0
801798,IGO149M ,India,1778033939,1778033939,75.6975,27.7041,7437.12,false,195.44,31.77,-9.1,,7719.06,0344,false,0
a3a65f,AAL2772 ,United States,1778033939,1778033939,-97.3369,30.8786,3985.26,false,146.58,198.63,-6.5,,4145.28,2207,false,0
ad42db,N9535H  ,United States,1778033939,1778033939,-122.9812,45.1266,754.38,false,42.12,8.43,0.98,,754.38,,false,0
a39e0c,ENY3735 ,United States,1778033939,1778033939,-99.4014,27.7719,9753.6,false,207.11,203.57,-0.33,,10294.62,2417,false,0
a6905d,TWY522  ,United States,1778033939,1778033939,-79.3046,39.0342,12192.0,false,206.44,274.57,0.0,,12412.98,2170,false,0
ada5ee,JBU333  ,United States,1778033910,1778033910,-83.8469,46.287,10965.18,false,199.38,291.33,-0.33,,10744.2,3503,false,0
a248cf,N2461L  ,United States,1778033939,1778033939,-118.2627,34.1585,731.52,false,56.81,305.42,-1.3,,754.38,,false,0
a0f5b1,N161DA  ,United States,1778033834,1778033839,-120.4601,34.6665,,true,0.06,329.06,,,,0161,false,0
a45091,DAL2945 ,United States,1778033939,1778033939,-88.4474,44.3626,853.44,false,98.01,206.83,0.65,,784.86,7173,false,0
a14b1a,UAL730  ,United States,1778033939,1778033939,-102.7496,39.6606,8983.98,false,248.89,96.17,5.2,,8999.22,,false,0
c01074,ACA549  ,Canada,1778033939,1778033939,-114.9294,51.0086,12184.38,false,239.11,258.84,0.0,,12252.96,2735,false,0
ae62f7,BLZR201 ,United States,1778033939,1778033939,-97.9705,27.6462,708.66,false,83.06,122.61,0.0,,662.94,,false,0
aa8164,AAL3248 ,United States,1778033939,1778033939,-80.8396,27.2789,11529.06,false,186.92,341.22,5.2,,12123.42,3615,false,0
505ca6,AXE6810 ,Slovakia,1778033931,1778033936,7.1207,50.8764,,true,0.0,120.94,,,,,false,0
a3b8e1,AAL2035 ,United States,1778033939,1778033939,-109.2033,33.522,10363.2,false,198.34,301.42,0.0,,10568.94,3321,false,0
e48ad5,TAM3882 ,Brazil,1778033754,1778033754,-41.7981,-18.0729,10668.0,false,240.42,11.48,0.0,,11269.98,,false,0
e48ad4,TAM3852 ,Brazil,1778033741,1778033741,-43.2285,-5.9464,5372.1,false,192.34,26.7,-11.05,,5760.72,7544,false,0
a1ae05,SWA570  ,United States,1778033939,1778033939,-87.5349,36.0173,7955.28,false,214.76,247.61,10.08,,8206.74,1525,false,0
a7000a,GJS4467 ,United States,1778033939,1778033939,-87.7679,42.0918,1844.04,false,140.44,90.21,-5.85,,1760.22,2645,false,0
a84663,JIA5280 ,United States,1778033867,1778033871,-77.4579,38.9533,,true,0.0,149.06,,,,5335,false,0
7c2fe1,HELTK331,Australia,1778033676,1778033694,145.0943,-37.9726,,true,0.0,191.25,,,,,false,0
a76cf0,N578JG  ,United States,1778033939,1778033939,-101.2016,39.5032,11277.6,false,292.64,73.35,0.0,,11308.08,6131,false,0
a02b6e,N11SD   ,United States,1778033939,1778033939,-95.6242,29.9182,449.58,false,46.04,193.57,0.0,,396.24,,false,0
4aca67,"",Sweden,,1778033932,,,,false,234.17,24.26,0.0,,,,false,0
a7133f,DAL905  ,United States,1778033939,1778033939,-84.2392,33.7169,1417.32,false,109.29,152.83,-6.5,,1440.18,6011,false,0
c81c07,ZKWKT   ,New Zealand,1778033903,1778033903,174.6433,-36.6654,60.96,false,29.84,46.4,-0.65,,205.74,,false,0
a475b1,N387EB  ,United States,1778033939,1778033939,-111.8781,33.7285,1143.0,false,125.16,182.83,-5.2,,1112.52,1416,false,0
a2bb10,SWA2611 ,United States,1778033939,1778033939,-107.2586,37.0265,11285.22,false,274.02,57.65,0.0,,11399.52,,false,0
a0e2d9,N1560H  ,United States,1778033691,1778033692,-122.7717,45.2379,60.96,false,37.91,7.8,-2.6,,60.96,,false,0
ac370b,SWA3688 ,United States,1778033939,1778033939,-101.8259,40.6838,12192.0,false,198.32,243.5,0.0,,12207.24,7127,false,0
76b863,TGW672  ,Singapore,1778033939,1778033939,100.7621,12.392,10370.82,false,239.55,344.17,0.0,,11071.86,,false,0
76b866,TGW624  ,Singapore,1778033939,1778033939,101.7443,11.2677,10363.2,false,238.99,347.19,0.33,,11056.62,,false,0
7c2fd6,NWK2917 ,Australia,1778033857,1778033859,115.9605,-31.9363,,true,0.26,329.06,,,,4352,false,0
8016b8,IGO6439 ,India,1778033939,1778033939,84.7957,18.8427,11277.6,false,250.28,51.93,0.0,,,,false,0
a475a3,DAL493  ,United States,1778033939,1778033939,-94.3983,36.0466,8244.84,false,199.94,288.3,4.55,,8488.68,7117,false,0
a8dcba,LFA529  ,United States,1778033939,1778033939,-81.6902,28.4293,1043.94,false,58.93,33.97,0.0,,1059.18,5140,false,0
a102b6,N164YF  ,United States,1778033939,1778033939,-123.0327,45.3032,1432.56,false,48.16,336.72,2.6,,1447.8,,false,0
440356,TAY7FO  ,Austria,1778033939,1778033939,2.649,49.0279,1112.52,false,88.35,84.65,13.0,,1097.28,,false,0
ab5dab,SKW3807 ,United States,1778033940,1778033940,-78.6612,42.3404,11277.6,false,278.43,84.81,-0.65,,11369.04,5774,false,0
aa944a,AAL9797 ,United States,1778033939,1778033939,-111.3207,32.8239,11582.4,false,200.74,277.36,0.33,,11788.14,3653,false,0
4bb4e3,MGH886  ,Turkey,1778033938,1778033939,28.7181,39.1977,11277.6,false,244.99,151.12,0.0,,11376.66,4510,false,0
76b86b,TGW570  ,Singapore,1778033939,1778033939,113.5023,4.2513,10058.4,false,240.02,66.24,0.33,,10812.78,,false,0
841ab7,JA07DR  ,Japan,1778033907,1778033917,139.8383,35.6361,-60.96,false,3.71,236.31,-0.65,,53.34,1200,false,0
76b86d,TGW835  ,Singapore,1778033939,1778033939,120.7203,21.6391,9745.98,false,230.1,231.08,0.33,,10386.06,,false,0
aa2abc,AAL1844 ,United States,1778033939,1778033939,-80.3499,29.198,10980.42,false,273.68,179.89,0.0,,11529.06,7405,false,0
a88ce4,N650BS  ,United States,1778033940,1778033940,-86.7917,43.4209,11879.58,false,284.93,99.67,-0.33,,11849.1,6502,false,0
ac3731,SWA3464 ,United States,1778033939,1778033939,-95.4607,39.7339,11277.6,false,306.05,70.56,0.0,,11361.42,2050,false,0
8015c1,AIC5FP  ,India,1778033940,1778033940,76.2115,27.3735,8328.66,false,243.6,211.44,7.15,,8656.32,,false,0
0d118f,MXA1106 ,Mexico,1778033939,1778033940,-99.4414,25.2232,7025.64,false,214.04,329.37,-6.83,,7452.36,,false,0
8015c0,IGO960C ,India,1778033939,1778033939,91.7724,23.952,7719.06,false,216.7,59.78,-11.05,,8115.3,1456,false,0
a3a5ec,DAL1056 ,United States,1778033939,1778033939,-79.0455,42.3376,11277.6,false,285.94,85.36,-0.33,,11353.8,7446,false,0
a51b58,SWA2576 ,United States,1778033939,1778033939,-79.9344,39.5872,11887.2,false,214.9,9.51,0.0,,12085.32,7031,false,0
47b1dc,IGO61J  ,Norway,1778033939,1778033939,50.72,22.2542,10972.8,false,238.03,280.46,0.33,,11650.98,4022,false,0
ac48f2,SWA2340 ,United States,1778033939,1778033939,-110.1208,35.1483,10972.8,false,199.82,282.64,0.0,,11109.96,4067,false,0
a582bb,UAL3884 ,United States,1778033939,1778033939,-82.561,31.0366,3977.64,false,187.79,180.78,-6.83,,4160.52,2556,false,0
a965a1,N704YS  ,United States,1778033936,1778033936,-84.7355,34.1203,944.88,false,37.36,112.68,0.65,,937.26,,false,0
8a0377,CTV939  ,Indonesia,1778033930,1778033938,106.4358,-5.8024,3474.72,false,158.75,206.98,-14.31,,3710.94,,false,0
8015cb,IGO365L ,India,1778033905,1778033905,76.9465,8.4548,220.98,false,64.77,316.29,-3.25,,83.82,,false,0
84c068,JJP507  ,Japan,1778033939,1778033939,137.9812,35.6158,11582.4,false,163.77,261.69,0.33,,11986.26,2221,false,0
47b1e8,LED8    ,Norway,1778033939,1778033939,24.4445,60.2811,716.28,false,43.92,256.45,0.0,,685.8,,false,0
c81c58,ZKLJE   ,New Zealand,1778033939,1778033939,172.2757,-43.528,396.24,false,49.16,256.69,0.98,,441.96,,false,0
884004,RTP742  ,Thailand,1778033936,1778033938,99.7614,11.4078,10363.2,false,244.88,180.0,-0.33,,11064.24,,false,0
8015a4,IGO6304 ,India,1778033938,1778033939,85.8291,26.03,11582.4,false,204.38,289.71,0.0,,12146.28,2620,false,0
ad8b16,N972AC  ,United States,1778033764,1778033764,-81.2753,28.3771,22.86,false,4.15,119.74,-0.98,,22.86,,false,0
ae0e36,G26641  ,United States,1778033939,1778033939,-76.5578,40.1337,426.72,false,55.57,358.94,-0.98,,373.38,1761,false,0
8015a6,AIC130  ,India,1778033930,1778033939,48.5924,23.7966,10668.0,false,266.8,108.78,0.0,,11285.22,1641,false,0
a9a397,ASA460  ,United States,1778033939,1778033939,-78.7342,43.4805,11277.6,false,271.22,111.36,0.0,,11285.22,3573,false,0
781a60,CSH869  ,China,1778032887,1778033939,48.0432,61.8053,11582.4,false,226.27,266.48,1.95,,11437.62,,false,0
873378,ANA773  ,Japan,1778033938,1778033939,139.8088,39.6012,12489.18,false,276.86,30.85,0.0,,12755.88,,false,0
ac7e60,DAL1414 ,United States,1778033923,1778033930,-78.4176,31.5836,11582.4,false,240.0,200.84,0.0,,12031.98,7043,true,0
aaf5df,EJA805  ,United States,1778033939,1778033939,-115.1634,35.1949,12496.8,false,257.95,69.94,-0.33,,12626.34,1376,false,0
ad8b1d,ASA1377 ,United States,1778033939,1778033939,-122.3416,45.5596,960.12,false,105.71,273.91,-4.55,,967.74,,false,0
c06a9b,TSC728  ,Canada,1778033939,1778033939,-73.7943,45.4111,883.92,false,109.83,218.53,1.95,,807.72,,false,0
885302,THA021  ,Thailand,1778033939,1778033939,100.9054,13.8329,1653.54,false,132.32,306.78,-10.73,,1767.84,,false,0
a0f70c,SKW4672 ,United States,1778033937,1778033937,-104.6831,39.8628,,true,0.0,270.0,,,,7071,false,0
873312,ANA203  ,Japan,1778033939,1778033939,5.3463,52.5245,11887.2,false,234.52,137.67,-0.33,,11818.62,1175,false,0
acce3f,AAL650  ,United States,1778033939,1778033939,-116.6894,34.3288,7246.62,false,217.41,243.43,-9.1,,7307.58,6533,false,0
7c0a70,CCI     ,Australia,1778033939,1778033939,145.2784,-38.1587,914.4,false,54.73,175.15,1.63,,929.64,1200,false,0
ac7e80,SKW5063 ,United States,1778033939,1778033939,-105.2898,39.2615,5425.44,false,183.99,51.01,-6.18,,5440.68,2642,false,0
3c4ad8,DLH455  ,Germany,1778033938,1778033938,-77.4458,47.806,9448.8,false,305.53,63.39,0.0,,9151.62,,false,0
8015e7,IGO6139 ,India,1778033938,1778033939,85.0146,22.312,10980.42,false,207.02,256.93,0.0,,11597.64,1465,false,0
8015e6,IGO421W ,India,1778033928,1778033936,88.4439,22.6526,,true,7.2,5.62,,,,1445,false,0
a52e50,AAL1293 ,United States,1778033940,1778033940,-81.032,33.947,8046.72,false,253.63,179.42,10.73,,8374.38,2565,false,0
a95380,N70PF   ,United States,1778033939,1778033939,-111.7179,33.4692,518.16,false,35.83,230.83,-1.95,,472.44,,false,0
a64e2a,SKW6186 ,United States,1778033939,1778033939,-108.859,32.2677,10972.8,false,172.86,270.34,0.0,,11308.08,6235,false,0
a462dd,N382BM  ,United States,1778033939,1778033939,-98.4618,29.6292,784.86,false,54.77,208.01,0.98,,716.28,,false,0
abae8f,SWA2781 ,United States,1778033882,1778033882,-100.4961,38.3428,11277.6,false,292.2,74.37,0.0,,11391.9,7652,false,0
88530b,THA323  ,Thailand,1778033938,1778033938,90.2139,20.2039,10972.8,false,227.08,306.9,0.0,,,6135,false,0
88530d,THA603  ,Thailand,1778033939,1778033939,101.0843,14.0721,3802.38,false,161.11,219.69,-7.8,,4053.84,,false,0
a38b84,JBU381  ,United States,1778033939,1778033939,-71.0099,42.3716,,true,5.92,25.31,,,,4164,false,0
ae62a1,HAWK278 ,United States,1778033939,1778033939,-98.5946,27.3965,1432.56,false,124.49,220.14,0.0,,1424.94,,false,0
0d118c,VIV8014 ,Mexico,1778033939,1778033939,-102.0734,27.7476,11285.22,false,232.27,125.63,0.0,,11849.1,,false,0
e48b66,TAM3381 ,Brazil,1778033939,1778033939,-45.5689,-21.5143,10965.18,false,208.04,216.76,0.0,,11574.78,,false,0
a0f73c,AAL3156 ,United States,1778033939,1778033939,-96.6319,37.9893,7909.56,false,198.36,285.8,0.33,,8031.48,,false,0
a1adab,SKW5466 ,United States,1778033939,1778033939,-122.2355,38.3085,6149.34,false,176.96,4.33,8.78,,6316.98,3257,false,0
4bc84e,PGT399  ,Turkey,1778033939,1778033939,22.6998,46.0479,11277.6,false,236.79,154.66,0.0,,11422.38,6033,false,0
0d111a,VOI430  ,Mexico,1778033939,1778033939,-98.902,18.5614,8839.2,false,221.69,188.68,0.0,,9456.42,0031,false,0
a0e431,AAL1391 ,United States,1778033939,1778033939,-81.8961,34.8814,6309.36,false,203.89,236.11,6.5,,6522.72,2520,false,0
0d1130,VIV1108 ,Mexico,1778033939,1778033939,-98.6338,19.5583,5509.26,false,163.45,101.81,10.08,,5852.16,,false,0
a99b83,DAL437  ,United States,1778033939,1778033939,-80.8954,42.3457,11887.2,false,281.85,83.19,0.0,,11940.54,3055,false,0
0d1138,VIV0546 ,Mexico,1778033940,1778033940,-99.2315,27.8259,11269.98,false,262.06,36.78,0.0,,11902.44,,false,0
ada64d,AAL670  ,United States,1778033939,1778033939,-89.7142,34.772,10363.2,false,194.1,317.69,0.0,,10744.2,7453,false,0
702067,BBC584  ,Bangladesh,1778033939,1778033939,90.4064,23.8441,,true,0.0,98.44,,,,,false,0
0d1140,VOI801  ,Mexico,1778033939,1778033939,-97.0636,32.9689,922.02,false,125.43,341.34,6.18,,868.68,,false,0
a52da3,N4325R  ,United States,1778033939,1778033939,-80.4274,27.2919,563.88,false,49.09,185.41,0.33,,563.88,,false,0
abf058,CXK1087 ,United States,1778033939,1778033939,-111.6566,33.3139,640.08,false,49.52,317.53,4.55,,594.36,,false,0
a0941a,N1362A  ,United States,1778033689,1778033747,-82.3544,28.8851,746.76,false,84.26,21.87,0.0,,754.38,7423,true,0
4bc846,PGT53YJ ,Turkey,1778033939,1778033939,42.9815,41.5087,9883.14,false,229.53,259.02,4.88,,9883.14,6751,false,0
0d1151,VOI5554 ,Mexico,1778033925,1778033925,-100.1134,25.7773,,true,1.03,53.44,,,,,false,0
0d1154,VOI3282 ,Mexico,1778033777,1778033777,-106.3148,31.7257,1958.34,false,68.4,263.09,-2.6,,1996.44,,false,0
a35701,EDV4918 ,United States,1778033939,1778033939,-83.3443,38.263,5044.44,false,167.73,265.43,-7.48,,5097.78,4445,false,0
841b6a,        ,Japan,1778033939,1778033939,139.7798,35.5413,,true,6.69,149.06,,,,0467,false,0
a0f735,UPS1275 ,United States,1778033939,1778033939,-85.5239,38.2254,1866.9,false,114.99,316.45,-4.55,,1828.8,3210,false,0
aa92f9,UAL672  ,United States,1778033856,1778033856,-114.7299,44.3713,10058.4,false,225.43,52.79,0.0,,10187.94,,false,0
4bc88b,PGT695  ,Turkey,1778033908,1778033911,30.6071,38.0063,9753.6,false,212.92,336.66,0.0,,9883.14,5244,false,0
a1f116,ENY3478 ,United States,1778033939,1778033939,-86.9339,36.6933,10058.4,false,273.25,65.41,-0.33,,10363.2,2323,false,0
87339a,ANA61   ,Japan,1778033939,1778033939,139.9611,36.1,7010.4,false,240.54,357.18,11.38,,7315.2,7325,false,0
a21127,ENY4154 ,United States,1778033939,1778033939,-85.5793,38.1113,10058.4,false,260.39,141.66,0.0,,10317.48,6271,false,0
a5d2d4,"",United States,1778033896,1778033901,-122.3841,37.6197,,true,0.0,216.56,,,,,false,0
4bb565,CAI9297 ,Turkey,1778032851,1778033937,22.6242,54.919,11277.6,false,4.12,0.0,0.0,,10012.68,6020,false,0
ad438d,ASA422  ,United States,1778033939,1778033939,-122.3181,47.7693,1508.76,false,104.36,170.35,-0.33,,1524.0,2147,false,0
8638b0,ANA706  ,Japan,1778033938,1778033938,137.8158,36.1123,4572.0,false,185.3,209.98,0.0,,4777.74,7345,false,0
c06a38,ACA856  ,Canada,1778033932,1778033932,-61.9958,47.8606,10668.0,false,265.82,80.76,0.0,,10721.34,6356,false,0
a8de56,DAL517  ,United States,1778033939,1778033939,-122.3766,37.6217,,true,16.98,298.12,,,,1615,false,0
a99b1b,JIA5025 ,United States,1778033929,1778033930,-88.975,32.3702,5097.78,false,160.84,266.33,-6.83,,5288.28,2422,false,0
8518ae,JAL540  ,Japan,1778033939,1778033939,140.398,36.8964,6675.12,false,180.23,192.53,-10.73,,6964.68,,false,0
8518d0,JAL552  ,Japan,1778033939,1778033939,139.768,35.552,,true,9.26,59.06,,,,3312,false,0
ac7e09,AAL3314 ,United States,1778033829,1778033927,-97.0457,32.9,,true,0.0,149.06,,,,,false,0
801725,IGO726M ,India,1778033939,1778033939,77.19,11.2145,9753.6,false,238.56,13.98,0.0,,10325.1,,false,0
a88e54,N650SK  ,United States,1778033939,1778033939,-105.8478,37.7178,10660.38,false,292.7,62.35,-0.65,,10767.06,,false,0
ac7e15,AAL2055 ,United States,1778033939,1778033939,-81.3859,36.6519,12001.5,false,200.78,348.17,3.25,,12344.4,3266,false,0
a5d2f9,UAL2077 ,United States,1778033939,1778033939,-100.1227,32.2747,10668.0,false,284.08,88.44,0.33,,11102.34,6350,false,0
a8de33,DAL842  ,United States,1778033939,1778033939,-87.9099,34.0728,12192.0,false,175.33,283.06,0.0,,12664.44,6011,false,0
e49e9e,MWM9200 ,Brazil,1778033938,1778033938,-48.8204,-20.7015,9753.6,false,236.6,325.27,0.0,,10355.58,,false,0
ac48ac,SWA165  ,United States,1778033939,1778033939,-99.3874,30.5181,10972.8,false,191.52,284.15,0.0,,11498.58,2704,false,0
a1f102,N224MT  ,United States,1778033939,1778033939,-112.0916,33.4719,518.16,false,71.23,79.18,0.0,,457.2,,false,0
ac48d3,SWA3239 ,United States,1778033937,1778033937,-104.6807,39.862,,true,0.0,272.81,,,,3401,true,0
c07d5a,CGVMF   ,Canada,1778033939,1778033939,-119.6039,49.8103,937.26,false,47.64,204.9,4.23,,914.4,,false,0
abf09e,DAL2614 ,United States,1778033939,1778033939,-76.7109,43.3357,10668.0,false,264.15,104.55,0.0,,10698.48,2614,false,0
a9fe0b,N743DS  ,United States,1778033939,1778033939,-84.2935,33.9373,579.12,false,50.63,174.75,-2.28,,541.02,1200,false,0
a4996b,DAL763  ,United States,1778033939,1778033939,-96.5239,35.498,10972.8,false,171.59,275.51,0.0,,11308.08,3167,false,0
a3c975,SKQ55   ,United States,1778033938,1778033939,-78.0123,37.166,4876.8,false,124.46,226.67,0.0,,4998.72,2426,false,0
452084,BCS460  ,Bulgaria,1778033939,1778033939,6.9783,44.3681,10058.4,false,181.87,228.55,-0.33,,10096.5,1000,false,0
80053e,AIC282  ,India,1778033938,1778033939,77.254,26.2614,10363.2,false,229.45,0.39,0.0,,10774.68,,false,0
73806f,ELY311  ,Israel,1778033939,1778033939,33.4441,32.5093,8564.88,false,219.99,317.84,5.85,,8770.62,5602,false,0
c058b4,ROU1677 ,Canada,1778033939,1778033939,-81.32,28.4155,,true,1.54,270.0,,,,,false,0
c058c0,ACA842  ,Canada,1778033939,1778033939,-71.9022,46.6821,11269.98,false,296.21,60.67,0.0,,11193.78,2214,false,0
e085ce,LQHWN   ,Argentina,1778033901,1778033901,-58.3518,-34.6281,22.86,false,2.18,45.0,-1.3,,45.72,,false,0
a4d624,RYA410  ,United States,1778033939,1778033939,-150.0223,61.2139,297.18,false,63.76,165.52,-4.23,,243.84,5206,false,0
a4995f,DAL1837 ,United States,1778033939,1778033939,-122.4555,47.8,1813.56,false,103.92,0.0,0.0,,1844.04,2153,false,0
80053f,AIC3BT  ,India,1778033938,1778033939,76.8534,28.0947,5471.16,false,194.98,225.0,1.95,,5646.42,,false,0
a8690a,ATN3363 ,United States,1778033939,1778033939,-81.1929,39.3678,10668.0,false,275.74,61.71,0.0,,10843.26,2552,false,0
a36659,UPS1331 ,United States,1778033939,1778033939,-80.1998,25.9052,2689.86,false,140.42,315.3,13.66,,2796.54,,false,0
a4c30d,N406BJ  ,United States,1778033631,1778033631,-83.3892,42.666,441.96,false,60.76,267.57,-2.28,,365.76,3264,false,0
3d6a4b,EIS01   ,Germany,1778033939,1778033939,13.2676,54.1641,4267.2,false,116.08,85.68,0.0,,4259.58,1671,false,0
738061,ELY376  ,Israel,1778033938,1778033939,34.8026,32.0476,403.86,false,76.58,120.7,-4.23,,441.96,4310,false,0
a28cd7,"",United States,1778033911,1778033911,-121.8178,37.7085,396.24,false,52.6,93.93,-1.3,,396.24,,false,0
c07b05,ACA1038 ,Canada,1778033939,1778033939,-93.6095,41.7222,11277.6,false,294.45,71.57,0.0,,11269.98,1456,false,0
738062,ELY5113 ,Israel,1778033939,1778033939,34.7821,31.9967,1165.86,false,96.7,255.52,4.55,,1203.96,6032,false,0
a00699,N100VK  ,United States,1778033915,1778033915,-93.567,31.0802,4754.88,false,78.1,299.6,-1.3,,4922.52,,false,0
4bb46d,MNB9392 ,Turkey,1778033939,1778033939,-0.4688,52.2919,6431.28,false,211.92,137.56,11.05,,6416.04,2002,false,0
73805c,ELY843  ,Israel,1778033939,1778033939,34.636,32.0259,2171.7,false,137.31,281.02,15.28,,2225.04,6014,false,0
ac340a,SWA2038 ,United States,1778033938,1778033939,-99.3296,39.502,11277.6,false,287.64,105.03,0.0,,11338.56,,false,0
80052b,AIC3HX  ,India,1778033939,1778033939,77.0858,28.3364,2148.84,false,149.4,216.32,12.68,,2141.22,,false,0
a3661f,AAL2426 ,United States,1778033939,1778033939,-93.9183,30.8679,9753.6,false,199.07,293.45,-0.33,,10241.28,,false,0
738072,ELY025  ,Israel,1778033939,1778033939,9.0135,51.0667,10972.8,false,252.16,304.7,0.0,,10927.08,3552,false,0
c058c3,ACA900  ,Canada,1778033939,1778033939,-71.1911,46.8873,10050.78,false,291.25,59.54,-0.33,,10012.68,6534,false,0
738074,ELY197  ,Israel,1778033938,1778033939,-13.4886,41.1314,11277.6,false,233.32,263.92,0.0,,11353.8,0401,false,0
a1cfdc,N216AR  ,United States,1778033939,1778033939,-75.0148,42.5548,13014.96,false,275.24,86.46,-7.15,,13060.68,6732,false,0
801875,VTPJN   ,India,1778033654,1778033654,78.684,30.6201,3215.64,false,61.53,132.63,0.65,,3299.46,,false,0
c058be,ACA844  ,Canada,1778033939,1778033939,-3.2946,54.611,12496.8,false,261.68,110.96,0.0,,12382.5,2203,false,0
4bb46f,MNB229  ,Turkey,1778033691,1778033695,97.7817,21.3429,10972.8,false,229.63,281.11,-0.33,,11620.5,,false,0
80057d,AIC224  ,India,1778033939,1778033939,76.9538,28.5746,876.3,false,91.08,103.72,-4.88,,838.2,,false,0
440059,BCS90Y  ,Austria,1778033939,1778033939,10.3125,51.485,10370.82,false,227.03,262.97,-0.33,,10332.72,1000,false,0
adb723,JBU711  ,United States,1778033939,1778033940,-82.9147,40.3986,10378.44,false,183.13,277.42,-0.33,,10500.36,2605,false,0
8733bc,ANA248  ,Japan,1778033939,1778033939,131.9418,33.5615,8366.76,false,269.65,76.65,8.13,,8709.66,3474,false,0
3c4a06,DLH577  ,Germany,1778033939,1778033939,8.564,44.6043,11574.78,false,263.05,12.08,0.0,,11635.74,1000,false,0
3c4a04,DLH443  ,Germany,1778033939,1778033939,-8.4516,53.5234,11887.2,false,266.29,113.69,0.0,,11795.76,,false,0
3c4a03,DLH445  ,Germany,1778033938,1778033939,-13.4576,51.0797,12496.8,false,252.76,85.8,-0.33,,12466.32,,false,0
ac8dc7,N908KB  ,United States,1778033939,1778033939,-118.2687,34.2558,1143.0,false,58.77,339.5,5.85,,1127.76,,false,0
49f055,"",Czech Republic,1778033864,1778033864,14.2681,50.101,,true,11.32,126.56,,,,,false,0
a04e00,DAL2108 ,United States,1778033939,1778033939,-115.3715,46.6741,11277.6,false,237.47,104.94,-0.33,,11414.76,2565,false,0
a41cf8,UPS248  ,United States,1778033939,1778033939,6.4587,50.9217,4495.8,false,201.18,280.91,13.33,,4480.56,4113,false,0
738054,ELY395  ,Israel,1778033939,1778033939,34.4642,32.0607,3177.54,false,169.32,284.25,3.58,,3238.5,1171,false,0
a6290b,N4962L  ,United States,1778033938,1778033939,-121.3622,38.5052,762.0,false,48.37,321.91,-3.58,,723.9,4466,false,0
8a04f7,GIA1220 ,Indonesia,1778033939,1778033939,75.8908,11.5009,11887.2,false,246.62,120.04,0.0,,12565.38,,false,0
a11380,DAL679  ,United States,1778033935,1778033935,-122.381,37.6223,,true,0.0,267.19,,,,1516,false,0
ac210e,SWA2148 ,United States,1778033939,1778033939,-88.8475,36.2173,10363.2,false,185.32,263.62,0.0,,10698.48,1504,false,0
a86904,N641AT  ,United States,1778033856,1778033856,-149.8409,61.2168,,true,0.0,2.81,,,,4601,false,0
e48b01,GLO1182 ,Brazil,1778033940,1778033940,-46.7219,-23.5019,5920.74,false,195.03,279.41,10.4,,6294.12,,false,0
a3534a,EDV4950 ,United States,1778033939,1778033939,-86.7425,36.9463,10363.2,false,193.72,320.6,0.0,,10683.24,2051,false,0
800579,AIC2NA  ,India,1778033939,1778033939,76.7359,28.7792,11010.9,false,239.27,26.84,-7.15,,11422.38,0255,false,0
a3c94c,ENY3965 ,United States,1778033939,1778033939,-81.7374,27.6319,9753.6,false,197.11,324.78,0.0,,10279.38,3765,false,0
aaf459,N8049N  ,United States,1778033939,1778033939,-81.5392,28.345,457.2,false,50.23,237.12,-0.33,,480.06,,false,0
a3a302,JNX03   ,United States,1778033939,1778033939,-118.6622,34.3744,5707.38,false,148.72,349.23,10.08,,5753.1,1330,false,0
ad6758,AAL884  ,United States,1778033939,1778033939,-111.1405,35.3744,9144.0,false,217.17,278.03,-0.33,,9189.72,,false,0
a2dce1,ASA602  ,United States,1778033939,1778033939,-112.4779,43.794,10058.4,false,257.94,126.89,0.0,,10104.12,,false,0
e80048,VIV4168 ,Chile,1778033939,1778033939,-99.7581,25.217,5494.02,false,196.48,153.9,11.38,,5829.3,,false,0
800589,AIC216  ,India,1778033938,1778033939,85.0984,27.7011,4427.22,false,143.09,268.15,4.55,,4549.14,,false,0
800588,AIC213  ,India,1778033939,1778033939,78.7065,27.6661,8869.68,false,250.26,114.4,4.88,,9151.62,,false,0
8a04d7,GIA713  ,Indonesia,1778033939,1778033939,147.4728,-32.7137,10972.8,false,217.03,303.2,0.0,,11247.12,1501,false,0
e80049,VIV4398 ,Chile,1778033939,1778033939,-98.8865,23.6129,10576.56,false,237.0,144.27,2.6,,11262.36,,false,0
ac32d3,N8850U  ,United States,1778033939,1778033939,-83.3577,33.5732,1341.12,false,46.61,280.81,0.0,,1363.98,,false,0
c04681,ASP846  ,Canada,1778033939,1778033939,-84.202,37.1129,12496.8,false,184.6,331.72,0.0,,12816.84,1075,false,0
c02023,MAL7070 ,Canada,1778033939,1778033939,-107.1894,52.2852,11285.22,false,246.84,109.61,0.0,,11117.58,2141,false,0
a7101e,AAL1773 ,United States,1778033939,1778033939,-82.2395,30.9821,10965.18,false,245.69,192.09,0.0,,11475.72,3316,false,0
c02029,MAL7062 ,Canada,1778033939,1778033939,-119.9073,49.4901,11841.48,false,228.89,67.82,3.58,,12062.46,,false,0
a005c1,N100LU  ,United States,1778033939,1778033939,-80.4164,26.7751,1691.64,false,58.25,144.34,0.0,,1737.36,,false,0
a83006,N6268Q  ,United States,1778033939,1778033939,-83.7845,42.9862,579.12,false,75.99,75.49,0.33,,525.78,,false,0
a95015,MVJ7    ,United States,1778033939,1778033939,-122.5794,45.8937,13716.0,false,233.37,343.08,-0.33,,13921.74,7662,true,0
ac32cf,SWA3159 ,United States,1778033939,1778033939,-83.1079,34.2621,11582.4,false,193.65,338.82,0.0,,12024.36,2673,false,0
a8431a,SKW5508 ,United States,1778033939,1778033939,-122.472,36.8808,7368.54,false,211.04,149.37,8.78,,7528.56,3660,false,0
a258b7,ENY3459 ,United States,1778033940,1778033940,-97.2926,32.9264,3497.58,false,171.46,177.59,10.4,,3611.88,,false,0
a8697f,FFT2030 ,United States,1778033939,1778033939,-81.6669,28.1234,2529.84,false,142.03,88.55,-7.48,,2636.52,2422,false,0
a8b964,QXE2269 ,United States,1778033939,1778033939,-113.7643,42.0226,10972.8,false,195.19,310.62,-0.65,,11079.48,6046,false,0
ae1e6d,BOMR753 ,United States,1778033939,1778033939,-96.2669,28.5226,4785.36,false,98.6,230.08,-3.58,,5044.44,,false,0
a5939c,ASA1473 ,United States,1778033939,1778033939,-123.1023,39.052,10568.94,false,242.16,151.58,-13.98,,10835.64,,false,0
ae1e85,RNGR701 ,United States,1778033939,1778033939,-97.375,27.7698,548.64,false,52.03,133.8,-0.33,,495.3,,false,0
abab67,DAL2861 ,United States,1778033939,1778033939,-120.7035,38.2218,11277.6,false,258.17,176.69,0.0,,11468.1,6246,false,0
ac32f2,SWA790  ,United States,1778033939,1778033939,-86.8788,35.907,3375.66,false,156.03,228.74,8.13,,3429.0,5625,false,0
ab5b8c,SWA3662 ,United States,1778033940,1778033940,-119.9332,35.9838,10363.2,false,220.49,316.13,0.0,,10507.98,6730,false,0
a5e391,N479LP  ,United States,1778033939,1778033939,-112.2979,33.5219,403.86,false,30.19,203.07,4.55,,365.76,,false,0
aa3ae2,UAL1654 ,United States,1778033650,1778033653,-104.6763,39.8578,,true,1.8,0.0,,,,,false,0
ad52d3,ERU958  ,United States,1778033939,1778033939,-81.3888,29.082,891.54,false,57.25,355.88,-0.33,,914.4,,false,0
a5d04c,N474DL  ,United States,1778033939,1778033939,-116.4955,33.248,3352.8,false,95.69,36.25,0.0,,3329.94,,false,0
a5e37b,N479KS  ,United States,1778033939,1778033939,-119.7768,35.3753,3032.76,false,85.4,328.8,0.0,,3032.76,1027,false,0
a8699a,GTI8376 ,United States,1778033939,1778033939,-147.085,64.6553,,true,7.2,160.31,,,,,false,0
c0202d,MAL8079 ,Canada,1778033939,1778033939,-120.9076,49.0784,8618.22,false,249.32,80.5,5.53,,8823.96,,false,0
accb50,SWA1727 ,United States,1778033939,1778033939,-90.1028,35.4816,12192.0,false,171.5,245.36,0.0,,12573.0,4353,false,0
a138b8,AAL1366 ,United States,1778033939,1778033939,-86.5319,33.6671,10050.78,false,269.07,90.66,-0.33,,10454.64,3433,false,0
aa911d,N780GA  ,United States,1778033651,1778033651,-98.0414,43.7725,381.0,false,2.77,158.2,0.0,,365.76,,false,0
a35388,AAL1485 ,United States,1778033939,1778033939,-80.9339,25.7095,5821.68,false,201.68,245.59,8.78,,6134.1,,false,0
a6bfe8,GJS4573 ,United States,1778033939,1778033939,-87.9085,41.9049,899.16,false,113.38,176.62,14.31,,853.44,6540,false,0
aa3abe,6       ,United States,,1778033938,,,,false,70.71,184.59,0.0,,,,false,0
ac7b8a,AAL667  ,United States,1778033939,1778033939,-80.06,26.0874,3337.56,false,154.97,191.68,0.0,,3489.96,7047,false,0
adfe93,REEL27  ,United States,1778033939,1778033939,-85.1632,35.0163,4892.04,false,136.43,347.59,0.0,,5006.34,3777,false,0
a15b2f,FDX1629 ,United States,1778033939,1778033939,-83.3918,30.3704,10972.8,false,207.69,338.65,0.0,,11521.44,1461,false,0
accb65,EDV5393 ,United States,1778033938,1778033939,-73.3175,41.6872,7010.4,false,219.17,359.19,0.0,,7124.7,,false,0
a3fcfb,VJA356  ,United States,1778033939,1778033939,-106.3257,37.2195,13716.0,false,192.95,252.14,0.33,,13891.26,1547,false,0
8004a6,AIC8ES  ,India,1778033939,1778033939,81.9204,26.6941,10058.4,false,259.16,103.43,0.0,,10447.02,,false,0
a9d932,N73345  ,United States,1778033939,1778033939,-111.5508,32.3466,2476.5,false,54.79,304.29,0.33,,2461.26,,false,0
c04660,CGAQX   ,Canada,1778033881,1778033882,-122.3544,49.0513,182.88,false,31.52,206.15,-0.98,,160.02,,false,0
8017a0,IGO745M ,India,1778033939,1778033939,76.8884,25.4171,10043.16,false,248.32,173.94,0.0,,10500.36,,false,0
c04662,CGAQZ   ,Canada,1778033939,1778033939,-122.3015,49.2209,975.36,false,55.14,30.87,0.65,,998.22,,false,0
8a0604,"",Indonesia,1778033933,1778033933,108.0096,-6.4972,7551.42,false,222.0,110.2,4.55,,8077.2,2443,false,0
a5d007,ASA758  ,United States,1778033938,1778033939,-122.7255,46.407,7696.2,false,193.51,358.32,-10.08,,7924.8,3342,false,0
a97608,ASA353  ,United States,1778033939,1778033939,-125.3988,44.0823,9989.82,false,246.68,230.5,4.55,,10264.14,,false,0
a61697,N4913G  ,United States,1778033830,1778033870,-120.9847,44.3102,1341.12,false,40.6,98.75,-1.63,,1348.74,,false,0
ab2729,AAL1173 ,United States,1778033939,1778033939,-76.2376,39.1507,7018.02,false,237.54,81.78,0.0,,7170.42,7003,false,0
a74992,JIA5671 ,United States,1778033939,1778033939,-80.0568,37.8245,7620.0,false,237.47,36.72,0.33,,7818.12,5443,false,0
a03b2d,XAA80   ,United States,1778033936,1778033937,-88.7057,28.6946,13716.0,false,279.49,104.06,0.0,,14363.7,4166,true,0
a78ffa,ASA1308 ,United States,1778033939,1778033939,-118.884,35.6422,10972.8,false,211.11,349.89,0.0,,11079.48,0045,false,0
aa0759,RPA3667 ,United States,1778033939,1778033939,-80.3218,38.8143,10972.8,false,183.26,267.91,0.0,,11193.78,3004,false,0
8003b2,AXB1046 ,India,1778033938,1778033939,81.9593,26.0588,10668.0,false,253.53,126.34,0.33,,11117.58,,false,0
aa3b05,UAL2499 ,United States,1778033939,1778033939,-90.7577,41.7395,9144.0,false,201.82,261.5,0.0,,9121.14,1361,false,0
8016e0,IGO1702 ,India,1778033939,1778033939,89.9828,24.3262,10972.8,false,210.35,288.39,0.0,,11544.3,3122,false,0
8016e1,IGO391L ,India,1778033939,1778033939,75.6916,26.4799,10363.2,false,233.8,200.75,0.0,,10828.02,,false,0
89611d,UAE378  ,United Arab Emirates,1778033914,1778033914,80.1699,13.96,11277.6,false,256.81,111.01,0.0,,11940.54,,false,0
804c36,WJA1741 ,India,1778033939,1778033939,-123.3477,49.113,1272.54,false,109.19,280.04,-2.6,,1295.4,,false,0
8016da,IGO1043 ,India,1778033939,1778033939,78.0759,13.0945,6187.44,false,220.84,97.09,4.23,,6484.62,,false,0
8016db,IGO457  ,India,1778033925,1778033925,90.953,25.7759,3268.98,false,162.27,59.94,-8.13,,3444.24,2712,false,0
a40b24,CMB516  ,United States,1778033939,1778033939,19.5331,57.3811,11277.6,false,249.19,135.59,0.0,,11079.48,6030,false,0
a748bc,DAL301  ,United States,1778033939,1778033939,-115.2154,34.0882,11330.94,false,229.03,281.01,-5.2,,11430.0,3312,false,0
c81b2a,ZKJVC   ,New Zealand,1778033939,1778033939,176.7045,-39.7819,525.78,false,34.88,322.79,-0.33,,647.7,,false,0
a4d5c7,SKW3404 ,United States,1778033575,1778033809,-118.1574,37.8474,10668.0,false,219.9,125.96,0.0,,10828.02,3340,false,0
8016ec,SHWK769 ,India,1778033938,1778033938,-117.229,32.6655,38.1,false,64.44,3.66,-0.33,,38.1,,false,0
a28e5b,FDX1610 ,United States,1778033939,1778033939,-70.8992,42.1987,4876.8,false,188.32,271.1,11.38,,4945.38,3703,false,0
8016ae,AXB258  ,India,1778033937,1778033938,55.4711,24.1294,4808.22,false,189.28,112.87,7.15,,5021.58,1756,false,0
34558e,AEA098  ,Spain,1778033727,1778033736,-77.2287,26.9991,9662.16,false,265.48,68.16,3.9,,10165.08,,false,0
aa908e,ENY4120 ,United States,1778033939,1778033939,-87.5591,41.8839,1562.1,false,117.29,90.25,0.0,,1493.52,2114,false,0
896114,UAE1KM  ,United Arab Emirates,1778033939,1778033939,28.5247,35.9182,10972.8,false,210.98,319.75,0.0,,11125.2,0502,false,0
8016bc,IGO372M ,India,1778033939,1778033939,77.2639,27.8548,4328.16,false,147.65,0.2,-3.9,,4457.7,,false,0
a125f9,SKW3032 ,United States,1778033939,1778033939,-105.2234,31.5503,10363.2,false,171.72,286.53,0.0,,10721.34,4035,false,0
a3eb3c,"",United States,1778033939,1778033939,-122.1052,47.883,312.42,false,42.55,255.29,0.65,,297.18,,false,0
c05941,CGHUU   ,Canada,1778033939,1778033939,-122.7841,48.8835,1402.08,false,45.59,229.12,-0.33,,1394.46,,false,0
a365b7,DAL2615 ,United States,1778033939,1778033939,-85.4459,33.8303,6903.72,false,208.63,272.97,8.78,,7155.18,2056,false,0
896118,UAE3MX  ,United Arab Emirates,1778033939,1778033939,29.7188,40.51,9753.6,false,233.12,337.28,0.0,,9852.66,0540,false,0
c81b4c,ZKVCC   ,New Zealand,1778033886,1778033888,172.5926,-43.8341,388.62,false,41.67,0.71,-3.58,,457.2,,false,0
8016be,IGO763  ,India,1778033939,1778033939,77.0353,11.0057,7185.66,false,187.68,209.02,-5.2,,7551.42,,false,0
a65e4e,N5094L  ,United States,1778033629,1778033629,-122.3627,45.5536,152.4,false,35.14,197.9,-1.95,,144.78,,false,0
8016ca,AXB1517 ,India,1778033939,1778033939,88.4446,22.6328,312.42,false,93.35,187.28,11.7,,220.98,1436,false,0
a41e29,UAL1166 ,United States,1778033939,1778033939,-113.265,33.5376,9144.0,false,212.04,282.75,0.0,,9197.34,1265,false,0
ac8e1d,AAL1468 ,United States,1778033913,1778033916,-86.9265,28.1382,10972.8,false,203.62,295.92,0.0,,11590.02,1305,false,0
781b7a,CSC8048 ,China,1778033818,1778033818,113.5729,23.4105,6614.16,false,199.71,314.9,6.83,,6690.36,,false,0
e49caa,GLO1480 ,Brazil,1778033940,1778033940,-47.5037,-23.483,8938.26,false,218.82,289.07,7.15,,9448.8,,false,0
781b94,CSZ9723 ,China,1778033766,1778033782,123.3596,36.6403,10698.48,false,247.5,178.81,0.0,,11064.24,1621,false,0
471d61,WZZ247  ,Hungary,1778033939,1778033939,42.4754,42.1759,,true,5.66,115.31,,,,,false,0
8003f1,AXB690  ,India,1778033836,1778033836,103.072,0.8835,4457.7,false,167.13,81.15,-4.55,,4739.64,,false,0
3d4973,DFABJ   ,Germany,1778033940,1778033940,9.3139,53.08,7315.2,false,128.84,206.05,0.0,,7330.44,7672,false,0
ac45ac,DAL1251 ,United States,1778033939,1778033939,-92.9907,32.2648,9144.0,false,202.18,261.81,0.0,,9563.1,3012,false,0
c1ea42,SEC205  ,Canada,1778033928,1778033928,-113.9981,51.1233,,true,0.06,0.0,,,,,false,0
ab5b2b,SWA3577 ,United States,1778033939,1778033939,-120.2067,35.0117,11887.2,false,243.16,125.88,0.0,,12039.6,7451,false,0
84715c,JJP500  ,Japan,1778033939,1778033939,130.8588,33.2246,5097.78,false,192.0,127.27,12.03,,5257.8,2231,false,0
ab6e70,"",United States,,1778033732,,,,false,47.1,173.73,0.33,,,,false,0
a8302c,N6269T  ,United States,1778033939,1778033939,-91.1932,36.5528,3688.08,false,52.51,311.03,0.0,,3733.8,,false,0
a9766c,GMH709  ,United States,1778033885,1778033886,-84.5971,38.0437,365.76,false,58.7,221.09,-4.23,,297.18,1324,false,0
a9633c,N70380  ,United States,1778033748,1778033748,-95.758,41.2437,457.2,false,30.91,2.86,-2.6,,464.82,,false,0
847183,NCA209  ,Japan,1778033939,1778033939,137.2274,34.9591,10972.8,false,195.56,250.8,-0.33,,11414.76,6074,false,0
a40b41,N36PJ   ,United States,1778033939,1778033939,-115.2786,35.4311,6096.0,false,120.3,237.4,0.0,,6156.96,4717,false,0
a41e74,UAL554  ,United States,1778033939,1778033939,-104.1804,41.0576,8237.22,false,251.3,25.2,0.0,,8206.74,0564,false,0
a4d5a1,N410RK  ,United States,1778033939,1778033939,-85.8441,38.2221,12481.56,false,237.96,159.76,0.33,,12740.64,6211,false,0
a3c8da,IJA34   ,United States,1778033937,1778033937,-86.678,36.1172,,true,0.0,188.44,,,,,false,0
3d7cc7,EIS02   ,Germany,1778033939,1778033939,13.1128,54.1521,3962.4,false,112.62,84.76,0.0,,3954.78,1672,false,0
adc8c7,N9879Q  ,United States,1778033902,1778033902,-82.5012,34.71,1196.34,false,61.5,17.53,-2.93,,1203.96,,false,0
a12732,UAL1068 ,United States,1778033939,1778033939,-94.9496,37.9426,11277.6,false,295.09,94.3,0.0,,11498.58,3736,false,0
a12733,UAL1780 ,United States,1778033939,1778033939,-95.6445,35.5456,11887.2,false,249.79,14.06,0.0,,12245.34,,false,0
a12734,UAL1636 ,United States,1778033939,1778033939,-80.3083,42.4853,12192.0,false,175.97,274.53,0.0,,12237.72,1176,false,0
a12735,UAL1531 ,United States,1778033939,1778033939,-91.5355,44.6793,10972.8,false,193.7,290.36,0.0,,10797.54,7633,false,0
a04daf,N119AN  ,United States,1778033939,1778033939,-80.5776,26.1877,586.74,false,81.22,227.82,0.0,,601.98,,false,0
a9c5c5,JBU1138 ,United States,1778033939,1778033939,-78.2852,37.187,11277.6,false,238.54,49.2,-0.33,,11574.78,7126,false,0
7cb05e,QLK55D  ,Australia,1778033939,1778033939,145.1483,-38.5892,5067.3,false,191.9,159.77,4.23,,5158.74,3711,false,0
7cb05c,QLK109D ,Australia,1778033939,1778033939,151.1632,-33.9809,594.36,false,93.92,222.78,9.1,,662.94,3665,false,0
801800,IGO5296 ,India,1778033800,1778033800,78.0247,13.3255,2514.6,false,120.65,138.63,-3.58,,2560.32,,false,0
aa3b84,AMX404  ,United States,1778033939,1778033939,-79.6751,35.1786,11887.2,false,243.65,63.0,0.0,,12252.96,4221,false,0
a842ac,JIA5201 ,United States,1778033939,1778033939,-84.3703,33.8657,10972.8,false,189.39,280.49,0.33,,11414.76,2550,false,0
a16db9,AAL3017 ,United States,1778033939,1778033939,-110.7636,32.9085,7719.06,false,284.23,100.64,4.23,,7810.5,,false,0
e4a4ac,BOE123  ,Brazil,1778033736,1778033737,-122.2168,47.4886,-213.36,false,0.0,0.0,0.33,,-7.62,,false,0
ad5329,JBU974  ,United States,1778033939,1778033939,-72.9517,40.4378,8740.14,false,219.04,41.48,-9.1,,8907.78,7616,true,0
a2cb9e,UAL82   ,United States,1778033939,1778033939,-63.3913,43.7508,10050.78,false,259.78,60.85,0.0,,10203.18,,false,0
7cb063,QLK93D  ,Australia,1778033921,1778033922,146.016,-40.2256,5173.98,false,192.97,149.74,0.0,,5219.7,4377,false,0
a24720,RPA5841 ,United States,1778033938,1778033940,-84.4208,41.0906,6400.8,false,209.9,359.44,0.33,,6446.52,6637,false,0
a1272f,UAL1704 ,United States,1778033939,1778033939,-104.6791,39.8648,,true,4.89,272.81,,,,,false,0
8a05d6,CTV961  ,Indonesia,1778033938,1778033939,106.5417,-6.1833,662.94,false,73.37,67.75,-3.25,,693.42,3373,false,0
8626cc,ANA564  ,Japan,1778033939,1778033939,139.8751,35.6043,472.44,false,82.83,269.64,-4.23,,586.74,4713,false,0
a12711,UAL280  ,United States,1778033938,1778033939,-106.4435,41.5914,9753.6,false,211.73,311.55,0.0,,9707.88,3523,false,0
896196,UAE93P  ,United Arab Emirates,1778033783,1778033811,54.0726,22.7937,12496.8,false,258.28,78.51,0.0,,13182.6,1622,false,0
a8ee45,N67495  ,United States,1778033939,1778033939,-121.4269,37.6869,152.4,false,34.68,327.72,-2.6,,144.78,,false,0
738102,ELY003  ,Israel,1778033939,1778033939,-6.3094,55.5926,12184.38,false,234.97,289.7,0.0,,12039.6,6601,false,0
a04da8,KFB119  ,United States,1778033938,1778033939,-122.8967,46.8745,5440.68,false,173.48,357.96,-4.55,,5600.7,3324,false,0
ac2038,SWA3141 ,United States,1778033939,1778033939,-88.7844,34.0828,10363.2,false,192.9,311.0,0.0,,10782.3,0703,false,0
738100,ELY005  ,Israel,1778033939,1778033939,10.2881,54.6525,11414.76,false,248.28,323.51,3.58,,11346.18,1147,false,0
738103,ELY015  ,Israel,1778033939,1778033939,17.6822,46.6513,11582.4,false,231.2,309.85,-0.33,,11727.18,5622,false,0
ac335b,SWA725  ,United States,1778033938,1778033939,-86.9249,29.1853,11582.4,false,195.33,281.55,0.0,,12199.62,1674,false,0
a40b80,REH13   ,United States,1778033767,1778033767,-117.4438,34.288,1668.78,false,70.51,7.13,-0.65,,1661.16,,false,0
adb656,AAL2311 ,United States,1778033939,1778033939,-82.0543,34.7933,10363.2,false,251.63,159.79,0.33,,10728.96,6764,false,0
8a05ad,GIA983  ,Indonesia,1778033935,1778033939,76.4139,10.1931,12496.8,false,230.16,123.05,0.0,,13167.36,,false,0
a04db8,AER66   ,United States,1778033939,1778033939,-165.764,57.8321,7307.58,false,110.8,256.03,0.0,,7223.76,,false,0
a1270b,UAL1961 ,United States,1778033939,1778033939,-93.7691,36.1055,11887.2,false,284.36,116.43,0.0,,12230.1,2463,false,0
e49d4c,PSANF   ,Brazil,1778033939,1778033939,-79.3794,25.8616,5219.7,false,196.74,131.82,9.43,,5463.54,,false,0
80182a,IGO541  ,India,1778033636,1778033636,75.9903,13.0658,5257.8,false,178.85,264.39,-7.48,,5509.26,,false,0
801835,AKJ1823 ,India,1778033938,1778033939,77.2404,25.465,11582.4,false,223.92,358.03,0.0,,12138.66,,false,0
a602ab,ASA386  ,United States,1778033939,1778033939,-116.4865,47.1737,10675.62,false,232.6,98.65,0.0,,10835.64,5425,false,0
896175,UAE4M   ,United Arab Emirates,1778033939,1778033939,-13.0006,42.2864,10668.0,false,254.12,106.34,0.0,,10698.48,5332,false,0
896179,UAE221  ,United Arab Emirates,1778033705,1778033939,29.7714,40.7782,9753.6,false,230.42,335.32,0.0,,9837.42,0532,false,0
8a05a5,AW139   ,Indonesia,1778033464,1778033661,106.7868,-6.7434,792.48,false,43.48,349.09,-1.63,,830.58,1301,false,0
a4d5f0,UPS757  ,United States,1778033939,1778033939,-99.2867,34.708,11978.64,false,302.74,68.36,8.45,,12336.78,,false,0
a5f5bf,SWA1505 ,United States,1778033939,1778033939,-104.0123,38.8632,4259.58,false,153.24,312.96,-1.63,,4267.2,3616,false,0
a1010c,FDX1221 ,United States,1778033939,1778033939,-85.8865,33.6901,9525.0,false,218.68,268.92,13.66,,9921.24,2027,false,0
89616a,UAE78P  ,United Arab Emirates,1778033938,1778033939,34.6961,29.4633,11887.2,false,278.54,109.31,0.0,,12260.58,3367,false,0
ab38a1,DAL574  ,United States,1778033939,1778033939,-114.8513,42.1051,10972.8,false,248.55,239.67,0.33,,11102.34,3614,false,0
adc98b,N988H   ,United States,1778033939,1778033939,-77.6998,39.2204,1546.86,false,154.44,84.84,0.0,,1539.24,3044,false,0
ad5398,AAL2230 ,United States,1778033939,1778033939,-80.6863,25.7939,4892.04,false,199.2,257.47,12.35,,5128.26,,false,0
c07a0f,TSC214  ,Canada,1778033939,1778033939,-68.0335,46.6894,10668.0,false,267.61,74.39,-0.65,,10698.48,2240,false,0
a12755,UAL2046 ,United States,1778033937,1778033939,-101.8366,40.5802,11193.78,false,190.17,256.87,-4.88,,11193.78,7761,false,0
801822,IGO1063 ,India,1778033939,1778033939,81.2972,26.2587,10066.02,false,263.73,119.32,-0.33,,10492.74,,false,0
80180b,IGO493H ,India,1778033938,1778033939,86.9176,22.8523,6225.54,false,215.18,87.94,-5.2,,6492.24,0303,false,0
80180e,IGO415Y ,India,1778033937,1778033938,77.1984,26.4824,10424.16,false,222.99,357.36,-4.55,,10866.12,,false,0
781b48,AMU996  ,China,1778033939,1778033939,101.0176,13.8592,2948.94,false,152.93,197.83,-7.8,,3086.1,,false,0
896169,UAE9W   ,United Arab Emirates,1778033939,1778033939,26.7541,37.5549,11582.4,false,214.78,318.98,0.0,,11742.42,0577,false,0
a24796,N246PH  ,United States,1778033939,1778033939,-94.5445,38.2154,3352.8,false,124.58,177.87,0.0,,3314.7,,false,0
781acf,CHB6333 ,China,1778033715,1778033715,113.9606,22.8463,3581.4,false,185.05,350.72,1.63,,3764.28,,false,0
a9fb92,SKW6279 ,United States,1778033938,1778033939,-86.7794,36.452,1836.42,false,146.49,138.42,-8.45,,1798.32,3174,false,0
45217e,AIZ635  ,Bulgaria,1778033939,1778033939,75.0693,27.1625,10789.92,false,238.19,25.18,-4.55,,11300.46,3332,false,0
a1148c,N169QS  ,United States,1778033939,1778033939,-85.5301,43.6055,8534.4,false,206.51,235.04,0.0,,8488.68,0711,false,0
47b12e,NBT50P  ,Norway,1778033939,1778033939,15.0466,39.5479,11887.2,false,259.9,103.62,0.0,,12161.52,1414,false,0
ab5bb1,SWA3767 ,United States,1778033939,1778033939,-95.4828,37.1881,11887.2,false,301.31,72.31,0.0,,12153.9,,false,0
a39ab4,DAL303  ,United States,1778033939,1778033939,-76.9051,38.3244,11277.6,false,235.44,48.54,0.0,,11513.82,3643,false,0
a77dae,DAL1740 ,United States,1778033939,1778033939,-79.5155,29.6623,9159.24,false,244.85,210.28,-5.2,,9601.2,6533,false,0
a12796,UAL2160 ,United States,1778033939,1778033939,-77.58,38.9615,2659.38,false,158.9,110.66,-8.13,,2697.48,2433,false,0
a12797,UAL1412 ,United States,1778033939,1778033939,-98.1951,40.8647,10668.0,false,287.91,79.91,0.0,,10645.14,,false,0
c07c0b,CGUZI   ,Canada,1778033933,1778033933,-123.0195,49.0784,7.62,false,25.72,143.13,-1.3,,-7.62,,false,0
a1277b,UAL2462 ,United States,1778033937,1778033937,-118.2637,37.7522,10972.8,false,228.95,289.7,0.0,,11132.82,,false,0
a3b796,DAL31   ,United States,1778033939,1778033939,-95.2358,32.2635,9060.18,false,199.15,277.27,-4.55,,9464.04,0530,false,0
7c7555,XGN     ,Australia,1778033633,1778033633,150.2048,-30.5692,982.98,false,57.5,303.69,0.33,,1043.94,,false,0
a48730,ASA809  ,United States,1778033939,1778033939,-125.0757,36.2087,11582.4,false,253.99,280.15,0.0,,11849.1,2442,false,0
a1bdcc,N211FX  ,United States,1778033939,1778033939,-77.4425,38.8882,190.5,false,21.11,223.03,-0.98,,144.78,,false,0
ab5bd4,SWA1601 ,United States,1778033939,1778033939,-105.4613,39.0987,12192.0,false,202.05,238.54,0.0,,12275.82,6537,false,0
ac486a,SWA1797 ,United States,1778033939,1778033939,-90.1129,30.7228,3848.1,false,195.32,209.33,-14.63,,4023.36,2141,false,0
ae1ec7,BOMR774 ,United States,1778033939,1778033939,-97.4152,27.0322,2194.56,false,130.3,2.72,-0.33,,2263.14,,false,0
ab6efc,DAL1469 ,United States,1778033939,1778033939,-90.4134,43.15,8229.6,false,242.27,135.17,0.0,,8153.4,2623,false,0
abbee3,DAL1    ,United States,1778033767,1778033822,-61.2921,47.6336,11582.4,false,267.51,53.13,0.0,,11628.12,1157,false,0
45214b,CGF1808 ,Bulgaria,1778033920,1778033920,7.1254,50.8773,,true,4.89,25.31,,,,,false,0
a46140,N381Z   ,United States,1778033940,1778033940,-97.9533,35.1617,716.28,false,33.75,37.57,1.63,,678.18,,false,0
7cc599,R9954   ,Australia,1778033939,1778033939,153.3226,-27.7148,868.68,false,37.28,230.6,-0.65,,960.12,,false,0
45213d,MSC2967 ,Bulgaria,1778033939,1778033939,22.7802,38.7729,10668.0,false,260.15,141.18,0.0,,10896.6,2222,false,0
ac4888,"",United States,,1778033870,,,,false,0.0,196.88,,,,,false,0
a9fb4e,AAL1474 ,United States,1778033939,1778033939,-87.9616,42.0429,1889.76,false,137.22,69.59,20.81,,1790.7,,false,0
ad6884,AAL766  ,United States,1778033939,1778033939,-95.0521,35.2979,11277.6,false,289.95,53.66,0.0,,11635.74,,false,0
ad9bc8,AAL2756 ,United States,1778033849,1778033849,-97.049,32.8828,,true,8.75,180.0,,,,,false,0
acdef1,N9285H  ,United States,1778033927,1778033935,-117.2728,33.1295,91.44,false,28.85,258.69,-0.33,,76.2,,false,0
a39ada,EDV5036 ,United States,1778033939,1778033939,-78.8966,37.376,8534.4,false,227.33,221.88,0.0,,8785.86,7154,false,0
70a9b1,BHA551  ,Nepal,1778033939,1778033939,85.2641,27.7607,2385.06,false,89.82,260.11,5.85,,2377.44,,false,0
300a9d,ITY609  ,Italy,1778033939,1778033939,-8.7769,49.3919,12496.8,false,249.58,114.35,0.0,,12458.7,,false,0
a2348d,RPA5828 ,United States,1778033939,1778033939,-73.359,41.954,7551.42,false,223.8,0.66,6.18,,7680.96,,false,0
a09193,FFL640  ,United States,1778033939,1778033940,-122.3278,47.6129,419.1,false,27.85,168.27,0.98,,411.48,,false,0
a04f04,LBQ783  ,United States,1778033939,1778033939,-81.6136,28.1597,1501.14,false,127.57,55.35,0.0,,1577.34,1367,false,0
adfec1,WING13  ,United States,1778033816,1778033822,-74.6091,40.0632,289.56,false,48.75,172.72,-3.58,,259.08,6136,false,0
a3411f,DAL541  ,United States,1778033939,1778033939,-90.1323,43.5919,11277.6,false,272.82,108.81,0.33,,11193.78,3571,false,0
440189,BCS21G  ,Austria,1778033939,1778033939,9.1721,52.1121,9151.62,false,240.02,281.62,0.0,,9144.0,1000,false,0
a53dac,FFT1039 ,United States,1778033924,1778033934,-81.3152,28.4362,,true,0.0,191.25,,,,,false,0
7c7597,XIH     ,Australia,1778033937,1778033938,153.0915,-26.5916,76.2,false,39.0,278.34,-1.3,,152.4,,false,0
a27aee,SWA2690 ,United States,1778033939,1778033939,-71.6305,41.7171,1219.2,false,137.31,324.76,-7.48,,1211.58,7157,false,0
ac20c4,SWA3330 ,United States,1778033939,1778033939,-82.9571,28.3461,3329.94,false,182.38,150.98,0.0,,3482.34,1122,false,0
a4c48f,SIL1404 ,United States,1778033940,1778033940,-151.502,59.7189,2857.5,false,102.17,30.57,9.43,,2727.96,5161,false,0
ab00ce,AAL2327 ,United States,1778033939,1778033939,-87.5692,33.3912,11277.6,false,274.62,99.16,0.0,,11757.66,7264,false,0
ad40a5,N953JS  ,United States,1778033652,1778033653,-155.6179,20.6876,8343.9,false,243.99,33.82,8.13,,8831.58,0012,false,0
a95128,POD6    ,United States,1778033939,1778033940,-76.2052,37.0762,12192.0,false,236.23,199.07,0.33,,12443.46,0754,false,0
a7cdf6,N60143  ,United States,1778033939,1778033939,-117.549,33.8833,944.88,false,46.85,328.93,-3.25,,922.02,,false,0
452112,BCS7NC  ,Bulgaria,1778033659,1778033940,12.5941,55.5861,83.82,false,247.06,46.27,0.0,,68.58,7153,false,0
a28f12,ENY3551 ,United States,1778033939,1778033939,-96.9088,40.7517,10058.4,false,237.69,0.62,0.0,,10050.78,,false,0
ab00df,N808PE  ,United States,1778033715,1778033715,-158.0612,21.3142,53.34,false,29.74,232.73,-2.93,,76.2,1200,false,0
a126c4,UAL2682 ,United States,1778033631,1778033631,-76.6442,39.1721,121.92,false,77.97,274.92,-4.55,,76.2,7237,false,0
8018b7,IGO32AV ,India,1778033739,1778033739,77.7598,13.1891,1089.66,false,69.45,270.42,-3.58,,1043.94,,false,0
a83152,N627MA  ,United States,1778033939,1778033939,-147.7381,64.7632,495.3,false,70.66,317.95,0.33,,434.34,,false,0
ac20e7,SWA677  ,United States,1778033939,1778033939,-82.4198,27.7981,883.92,false,118.34,181.0,-0.33,,922.02,0507,false,0
acdf9a,AAL2378 ,United States,1778033937,1778033937,-97.0477,32.8979,,true,6.94,180.0,,,,,false,0
300a62,ITY6KC  ,Italy,1778033939,1778033939,-67.6632,41.935,11277.6,false,251.11,61.75,0.0,,11414.76,,false,0
300a63,ITY682  ,Italy,1778033939,1778033939,-57.0374,-33.8921,11582.4,false,213.17,236.62,0.0,,12062.46,2427,false,0
e49baf,GLO7722 ,Brazil,1778033917,1778033917,-45.3637,-25.1709,11582.4,false,203.22,232.4,0.0,,12131.04,,false,0
8a0521,BTK7513 ,Indonesia,1778033937,1778033937,107.2799,-6.4764,4846.32,false,190.13,99.97,9.1,,4823.46,7134,false,0
300a5c,LSI146  ,Italy,1778033939,1778033939,21.2138,46.3467,10363.2,false,240.65,296.4,0.0,,10507.98,1000,false,0
7cb0db,"",Australia,,1778033741,,,,false,48.02,315.0,1.3,,,,false,0
a3ff0a,KFS55   ,United States,1778033939,1778033939,-86.5099,38.9703,10668.0,false,219.58,7.67,-0.98,,10873.74,3256,false,0
a15c01,SKW3738 ,United States,1778033938,1778033939,-82.4638,41.9145,5311.14,false,210.62,113.31,11.38,,5295.9,7414,false,0
471db7,WZZ8SG  ,Hungary,1778033870,1778033937,38.087,41.1005,10972.8,false,228.46,278.68,0.0,,10965.18,2356,false,0
a126ea,UAL308  ,United States,1778033939,1778033939,-98.5359,40.5493,9144.0,false,193.3,255.04,0.0,,9136.38,7220,false,0
a4d77b,N4107P  ,United States,1778033939,1778033939,-81.1111,26.4826,754.38,false,49.12,133.73,-0.33,,762.0,,false,0
a126eb,UAL2432 ,United States,1778033837,1778033837,-111.594,37.6224,10972.8,false,241.7,241.53,0.33,,11064.24,2327,false,0
4bb2aa,TKJ6DS  ,Turkey,1778033869,1778033872,29.7931,39.4657,8481.06,false,208.94,336.34,-6.18,,8610.6,7370,false,0
a77de9,LXJ582  ,United States,1778033939,1778033939,-80.0722,31.5542,13098.78,false,239.09,194.96,0.65,,13563.6,1050,false,0
ada3f2,N97811  ,United States,1778033939,1778033939,-111.9019,32.8892,1211.58,false,54.62,60.05,0.33,,1173.48,,false,0
7020a6,BBC591  ,Bangladesh,1778033939,1778033939,90.0873,23.9845,4251.96,false,134.58,309.1,4.55,,4404.36,4111,false,0
a41f31,N365DG  ,United States,1778033939,1778033939,-76.637,38.8358,8846.82,false,248.82,45.17,-7.8,,9044.94,6655,false,0
7020a5,BBC611  ,Bangladesh,1778033939,1778033939,91.3244,22.8233,3352.8,false,147.34,126.91,-0.33,,3467.1,5506,false,0
ae73f4,EB028   ,United States,1778033831,1778033845,-87.2249,30.4958,129.54,false,57.89,14.41,0.33,,121.92,,true,0
a1bf3a,SWA2920 ,United States,1778033939,1778033939,-101.2075,39.1258,11879.58,false,261.59,99.85,0.0,,11955.78,2711,false,0
7020ae,AWA411  ,Bangladesh,1778033799,1778033799,91.5858,22.5594,2674.62,false,141.35,114.51,-6.5,,2743.2,5556,false,0
7020ab,UBG342  ,Bangladesh,1778033939,1778033939,87.5746,22.9976,11041.38,false,264.28,93.01,-4.88,,11643.36,6236,false,0
a61797,ASA573  ,United States,1778033939,1778033939,-116.8486,32.6981,1805.94,false,133.97,249.55,-0.33,,1798.32,6700,false,0
4bb2ad,TKJ1DE  ,Turkey,1778033939,1778033939,30.8954,34.6426,10980.42,false,209.05,357.6,-0.33,,11148.06,7362,false,0
a41f22,N365CS  ,United States,1778033934,1778033935,-104.2843,31.2697,6400.8,false,170.37,105.59,0.65,,6637.02,,false,0
ac4801,SWA459  ,United States,1778033939,1778033939,-92.1585,29.9051,12496.8,false,268.11,106.38,0.0,,13121.64,,false,0
0d12ac,VIV5116 ,Mexico,1778033939,1778033939,-98.3614,18.8939,3329.94,false,122.79,355.67,-4.23,,3528.06,1470,false,0
a8a748,FFT3136 ,United States,1778033939,1778033939,-92.1187,36.4295,10058.4,false,254.45,20.6,0.0,,10370.82,2563,false,0
a03c81,XAA2971 ,United States,1778033939,1778033939,-94.5731,30.1671,5791.2,false,195.92,252.9,-8.45,,6057.9,3505,false,0
7020b8,UBG141  ,Bangladesh,1778033939,1778033939,91.3807,22.7248,4572.0,false,130.23,135.0,0.0,,4724.4,4106,false,0
a6177f,N49194  ,United States,1778033895,1778033895,-122.9583,45.2814,129.54,false,36.23,321.34,-0.65,,137.16,,false,0
a126cc,UAL333  ,United States,1778033939,1778033939,-105.2977,37.922,11582.4,false,205.57,196.58,-0.33,,11704.32,6540,false,0
7020be,UBG362  ,Bangladesh,1778033933,1778033938,90.4094,23.8371,,true,0.0,323.44,,,,5275,false,0
a379d3,DAL2088 ,United States,1778033939,1778033939,-71.5337,41.6857,5349.24,false,218.79,63.31,-10.08,,5440.68,2541,false,0
7020bc,AWA431  ,Bangladesh,1778033923,1778033923,91.0126,24.2981,3352.8,false,131.69,49.28,0.33,,3429.0,4113,false,0
a1ac11,ENY3435 ,United States,1778033939,1778033939,-80.4746,26.3576,5715.0,false,185.52,327.46,13.0,,6027.42,,false,0
a379cd,DAL1065 ,United States,1778033939,1778033939,-82.6172,29.0457,7010.4,false,255.33,164.82,0.0,,7383.78,5361,false,0
a6045d,UAL2317 ,United States,1778033939,1778033939,-87.9146,38.2608,10957.56,false,229.26,183.09,-0.33,,11216.64,4025,false,0
a5d140,VET474  ,United States,1778033939,1778033939,-93.2476,31.0282,12496.8,false,250.2,71.42,-0.65,,13083.54,,false,0
e49bfe,TAM3872 ,Brazil,1778033939,1778033939,-47.1427,-20.9269,10363.2,false,261.84,353.8,0.0,,10972.8,,false,0
e49bfd,TAM3426 ,Brazil,1778033939,1778033939,-46.398,-23.6218,4236.72,false,177.59,226.64,11.7,,4518.66,,false,0
846020,IBX13   ,Japan,1778033939,1778033939,132.3775,34.4359,9235.44,false,282.17,29.37,4.88,,9578.34,2262,false,0
aa4ee9,RPA3658 ,United States,1778033939,1778033939,-79.5868,41.363,10972.8,false,174.07,290.95,-0.33,,11041.38,3352,false,0
a126e6,UAL2425 ,United States,1778033939,1778033939,-83.7564,35.6226,12192.0,false,195.19,236.39,0.0,,12565.38,1151,false,0
a126e7,UAL437  ,United States,1778033939,1778033939,-61.119,10.6793,11277.6,false,236.71,145.9,0.0,,11993.88,,false,0
a126e8,UAL2036 ,United States,1778033939,1778033939,-73.8546,39.6295,3063.24,false,164.96,336.47,0.0,,3124.2,1250,false,0
a7cf10,DAL1655 ,United States,1778033939,1778033939,-119.5748,40.3357,10607.04,false,257.08,230.03,-3.58,,10843.26,,false,0
ab39da,N822SA  ,United States,1778033939,1778033939,-122.1561,40.0077,1821.18,false,70.06,326.08,0.0,,1851.66,1335,false,0
a869bc,JBU1586 ,United States,1778033939,1778033939,-78.9884,42.137,6751.32,false,228.51,20.15,-12.68,,6827.52,1022,false,0
a77f2d,AAL336  ,United States,1778033939,1778033939,-97.2047,41.565,11590.02,false,191.4,258.06,0.0,,11551.92,5204,false,0
ab39f0,SCX8654 ,United States,1778033939,1778033939,-85.7668,39.0773,10972.8,false,182.62,290.27,0.0,,11209.02,6710,false,0
a1bf9c,N2110L  ,United States,1778033938,1778033938,-102.815,31.2853,2499.36,false,73.41,278.87,0.0,,2537.46,,false,0
a989c1,N7131V  ,United States,1778033939,1778033939,-111.3535,38.6765,13106.4,false,209.17,266.9,0.0,,13213.08,3266,false,0
ab6f3d,N836GC  ,United States,1778033777,1778033777,-114.0162,36.0297,1600.2,false,68.14,318.37,-1.63,,1562.1,,false,0
a353c6,UPS1305 ,United States,1778033939,1778033939,-84.6521,34.961,8534.4,false,225.89,355.95,0.0,,8816.34,2504,false,0
a77f26,UPS214  ,United States,1778033939,1778033940,-79.9008,47.0634,10972.8,false,223.76,208.57,-0.33,,10698.48,,false,0
a233ed,N241CE  ,United States,1778033939,1778033939,-77.9907,38.4006,5867.4,false,187.97,234.92,12.68,,6004.56,5634,false,0
a0e0d9,CXK597  ,United States,1778033938,1778033938,-111.4536,32.9352,822.96,false,36.97,338.79,-0.65,,777.24,,false,0
8004de,AIC187  ,India,1778033936,1778033938,30.005,31.1728,10363.2,false,221.12,287.47,0.0,,10645.14,3545,false,0
a603a2,N487LP  ,United States,1778033939,1778033939,-112.3138,33.3824,1173.48,false,37.21,185.55,4.55,,1165.86,,false,0
a27c59,N25976  ,United States,1778033939,1778033939,-118.029,33.8021,914.4,false,49.09,38.19,0.0,,876.3,,false,0
8017e5,IGO315J ,India,1778033939,1778033939,78.0776,28.0157,7764.78,false,229.15,116.68,6.83,,8023.86,,false,0
8017e4,IGO217E ,India,1778033934,1778033939,76.8769,25.6446,10668.0,false,253.32,177.67,0.0,,11170.92,,false,0
adc9b6,JBU423  ,United States,1778033939,1778033939,-96.7369,40.9243,10363.2,false,181.6,270.16,0.0,,10332.72,2754,false,0
a52c4f,UAL2638 ,United States,1778033939,1778033939,-121.6108,47.1185,5021.58,false,159.8,303.84,-5.53,,5189.22,,false,0
a233ce,ATN3367 ,United States,1778033939,1778033939,-120.0296,38.9109,7216.14,false,192.59,293.62,-9.43,,7360.92,,false,0
8017ee,IGO418V ,India,1778033933,1778033933,77.1147,28.567,,true,0.9,303.75,,,,,false,0
c81a33,ZKGWD   ,New Zealand,1778033938,1778033938,175.2786,-41.2526,2545.08,false,43.08,40.16,0.98,,2705.1,,false,0
781c9d,CQH8875 ,China,1778033628,1778033628,119.6112,24.7882,9784.08,false,230.23,229.44,0.0,,10363.2,,false,0
4bb1c7,THY64   ,Turkey,1778033939,1778033939,100.7985,13.8347,838.2,false,103.31,191.2,-4.88,,861.06,0750,false,0
ad79eb,AAL2043 ,United States,1778033940,1778033940,-79.9945,42.4677,11582.4,false,174.4,274.4,0.33,,11635.74,4165,false,0
a53f20,SWA3089 ,United States,1778033939,1778033939,-104.6761,39.5527,3154.68,false,127.07,28.54,-5.2,,3147.06,2630,false,0
c81a47,ZKSWZ   ,New Zealand,1778033704,1778033704,174.973,-37.0488,182.88,false,55.68,231.75,-2.28,,335.28,,false,0
896215,UAE816  ,United Arab Emirates,1778033618,1778033627,53.8265,22.7838,10668.0,false,267.16,91.99,0.0,,11308.08,4246,false,0
abac2c,AAL54   ,United States,1778033939,1778033939,-82.9148,42.9298,11277.6,false,296.92,54.52,-0.33,,11308.08,1337,false,0
896218,UAE2V   ,United Arab Emirates,1778033842,1778033856,88.4383,22.6401,,true,0.0,337.5,,,,6216,false,0
884202,BKP241  ,Thailand,1778033939,1778033939,100.4352,12.4891,11590.02,false,228.87,3.61,0.0,,12374.88,,false,0
884203,BKP106  ,Thailand,1778033939,1778033939,100.6487,13.2772,4290.06,false,165.84,54.98,-3.58,,4549.14,,false,0
ac20a1,SWA2327 ,United States,1778033928,1778033928,-86.3249,39.7032,304.8,false,71.67,44.13,-4.23,,243.84,7356,false,0
7cb0ab,VH86L   ,Australia,1778033939,1778033939,138.644,-34.7952,350.52,false,44.09,258.56,-2.28,,426.72,3000,false,0
7380c0,ELY027  ,Israel,1778033939,1778033939,-1.4736,54.6258,10972.8,false,237.71,292.79,0.0,,10866.12,7541,false,0
7380c6,ELY018  ,Israel,1778033939,1778033939,22.5575,37.4475,11887.2,false,271.31,111.7,-0.33,,12131.04,4317,false,0
7380c5,ELY026  ,Israel,1778033939,1778033939,-65.8086,44.705,10668.0,false,259.97,71.78,-0.33,,10782.3,2731,false,0
7380c3,ELY028  ,Israel,1778033939,1778033939,24.9617,37.8877,12489.18,false,271.98,131.17,0.0,,12679.68,3757,false,0
7380c9,ELY010  ,Israel,1778033939,1778033940,25.6522,37.4043,11887.2,false,272.95,131.56,-0.33,,12092.94,6022,false,0
7380c7,ELY017  ,Israel,1778033939,1778033939,-4.6308,52.0691,10965.18,false,237.47,278.09,0.0,,10896.6,1144,false,0
a220cb,SWA2723 ,United States,1778033927,1778033938,-104.6779,39.8626,,true,0.0,0.0,,,,,false,0
ac7c52,SWA3641 ,United States,1778033939,1778033939,-111.6316,33.6154,2537.46,false,115.02,214.61,-5.53,,2552.7,,false,0
a96481,N704MD  ,United States,1778033939,1778033939,-122.3439,48.3599,1051.56,false,77.31,343.37,0.0,,1059.18,,false,0
7380cb,ELY001  ,Israel,1778033939,1778033939,4.6484,52.5888,11582.4,false,247.4,300.35,-0.33,,11513.82,1145,false,0
7380ca,ELY091  ,Israel,1778033939,1778033939,126.2856,37.21,11879.58,false,263.93,89.33,0.0,,12207.24,,false,0
ae1f52,SHADY27 ,United States,1778033936,1778033936,-71.4995,43.206,152.4,false,0.0,0.0,0.0,,83.82,,false,0
8004fa,VTBRK   ,India,1778033938,1778033938,76.7132,25.4881,12496.8,false,256.94,160.22,0.0,,13098.78,,false,0
ac33e2,SWA2497 ,United States,1778033939,1778033939,-88.5239,42.9956,9578.34,false,200.7,305.4,5.53,,9517.38,4104,false,0
c81a91,ANZ259L ,New Zealand,1778033939,1778033939,175.5481,-40.42,7322.82,false,122.0,201.26,-0.33,,7589.52,,false,0
ad9ac9,JBU1387 ,United States,1778033939,1778033939,-81.5698,46.808,10972.8,false,201.89,288.11,0.0,,10721.34,3420,false,0
ac212d,SWA1551 ,United States,1778033916,1778033929,-104.6788,39.8614,,true,0.0,270.0,,,,,false,0
abbdfa,DAL2053 ,United States,1778033939,1778033939,-84.3423,33.6495,624.84,false,74.08,269.6,-3.58,,624.84,2324,false,0
a950a8,N7JD    ,United States,1778033940,1778033940,-83.6018,34.8885,13106.4,false,209.65,228.88,0.0,,13487.4,2166,false,0
ae7434,"",United States,1778033861,1778033861,-87.8894,30.9231,289.56,false,56.4,104.8,0.98,,,,false,0
a28eb7,JSX113  ,United States,1778033939,1778033939,-117.983,34.6398,3810.0,false,179.63,262.26,-8.13,,3855.72,4037,false,0
accac7,RGY923  ,United States,1778033939,1778033939,-119.2574,36.1116,8229.6,false,265.47,200.3,-0.33,,8336.28,,false,0
a64c98,CSI505  ,United States,1778033939,1778033939,-107.6943,35.4155,4892.04,false,111.64,322.87,-0.33,,4930.14,,false,0
a9d9fe,N734AY  ,United States,1778033920,1778033920,-80.7322,26.9618,1638.3,false,51.56,192.09,0.98,,1676.4,,false,0
acddf8,EDV5473 ,United States,1778033939,1778033939,-79.1528,37.5419,4008.12,false,216.98,42.69,-7.8,,4069.08,2015,false,0
ad5460,SWA4473 ,United States,1778033939,1778033939,-108.6654,38.4403,12192.0,false,213.51,243.99,0.0,,12283.44,1722,false,0
a04edb,AAL1355 ,United States,1778033936,1778033936,-97.0262,32.8981,,true,12.35,348.75,,,,0371,false,0
a7bc58,JIA5047 ,United States,1778033939,1778033939,-79.3552,42.2551,7924.8,false,219.05,3.5,0.0,,7985.76,2021,false,0
a76c79,DAL1686 ,United States,1778033939,1778033939,-74.3425,39.5179,6195.06,false,236.54,40.24,-13.98,,6347.46,1623,false,0
840a64,JAL45   ,Japan,1778033917,1778033917,143.9912,37.556,10668.0,false,316.62,56.8,-0.33,,11018.52,7043,false,0
ab148b,ASA667  ,United States,1778033939,1778033939,-118.7094,34.9116,10126.98,false,237.2,153.6,-4.88,,10226.04,3512,false,0
ac3477,DAL544  ,United States,1778033939,1778033939,-110.9737,38.082,9753.6,false,255.51,239.51,0.33,,9837.42,1405,false,0
adb782,AAL1398 ,United States,1778033939,1778033940,-79.1473,35.8363,8229.6,false,217.92,36.84,0.0,,8488.68,2036,false,0
ac2154,SWA893  ,United States,1778033939,1778033939,-98.8785,29.7999,2385.06,false,157.15,112.11,-5.2,,2453.64,7627,false,0
abaadd,SWA222  ,United States,1778033939,1778033939,-90.1619,41.7634,11247.12,false,170.98,251.4,17.56,,11269.98,3150,false,0
a3a503,DAL300  ,United States,1778033939,1778033939,-71.0099,42.3582,,true,7.2,278.44,,,,1712,false,0
a976f8,N709LA  ,United States,1778033939,1778033939,-75.0202,40.0785,205.74,false,32.96,235.81,4.55,,152.4,7275,true,0
3c4a02,DLH591  ,Germany,1778033939,1778033939,23.0264,40.3611,12192.0,false,223.85,333.38,0.0,,12367.26,2014,false,0
840a7c,JAL506  ,Japan,1778033939,1778033939,141.444,41.6128,8298.18,false,226.86,207.26,10.4,,8488.68,0401,false,0
a8b9e8,N661WD  ,United States,1778033939,1778033939,-97.9084,30.2954,4015.74,false,209.12,16.87,0.33,,4160.52,7320,false,0
4bb324,THY28J  ,Turkey,1778033939,1778033939,30.7598,37.1994,10363.2,false,216.07,354.4,0.0,,10462.26,6035,false,0
a3ec93,DAL2309 ,United States,1778033939,1778033939,-81.4241,28.4273,1844.04,false,114.21,179.74,-10.08,,1927.86,7713,false,0
a7cf40,LXJ602  ,United States,1778033932,1778033934,-115.1382,35.9767,,true,0.06,182.81,,,,,false,0
c07b09,ACA280  ,Canada,1778033839,1778033913,-123.183,49.1961,,true,0.0,196.88,,,,,false,0
a28ee7,SWA3616 ,United States,1778033939,1778033939,-111.8887,33.4287,922.02,false,81.8,270.72,-4.55,,891.54,,false,0
a76c2d,N578AM  ,United States,1778033927,1778033927,-73.8926,41.2499,502.92,false,76.53,344.0,0.0,,449.58,,false,0
a856f3,VWA120  ,United States,1778033938,1778033939,-111.7401,33.4545,579.12,false,37.38,235.65,4.55,,525.78,,false,0
a4b0be,N401EB  ,United States,1778033939,1778033939,-100.3995,36.1923,13106.4,false,227.95,137.56,0.0,,13380.72,3707,false,0
a0921b,FFL1570 ,United States,1778033939,1778033939,-75.5442,40.127,1249.68,false,62.25,270.0,0.0,,1226.82,7126,false,0
a1286c,DAL938  ,United States,1778033939,1778033939,-85.6868,39.9943,11277.6,false,293.96,76.23,0.0,,11437.62,7716,false,0
adeaf6,N996WW  ,United States,1778033939,1778033939,-80.5352,26.022,579.12,false,45.62,172.87,-0.33,,624.84,,false,0
a64c85,N505AB  ,United States,1778033939,1778033939,-123.2012,47.4043,853.44,false,62.97,162.9,-0.33,,838.2,,false,0
7c6378,TXM     ,Australia,1778033827,1778033828,153.0579,-27.2079,30.48,false,37.18,75.58,-2.28,,91.44,,false,0
a7032e,N551AM  ,United States,1778033939,1778033939,-111.6211,33.2581,701.04,false,62.26,324.08,-0.65,,609.6,,false,0
8a0824,BTK6723 ,Indonesia,1778033895,1778033924,106.7162,-5.9895,2438.4,false,147.5,248.09,-7.48,,2857.5,5030,false,0
a3338c,SKW4263 ,United States,1778033812,1778033912,-112.0731,39.3528,8534.4,false,230.97,194.84,-0.33,,8618.22,6073,false,0
800793,322     ,India,1778033937,1778033939,77.3845,31.9677,8869.68,false,231.22,26.28,7.48,,9166.86,,false,0
a8496e,FFT2355 ,United States,1778033939,1778033939,-101.3179,34.5414,10363.2,false,248.51,356.2,-0.65,,10721.34,2456,false,0
a0d39b,N152WK  ,United States,1778033938,1778033939,-75.1211,38.3096,0.0,false,28.38,133.53,0.0,,-30.48,0325,false,0
a2007c,UAL19   ,United States,1778033939,1778033939,-69.1253,42.0835,10668.0,false,260.73,85.13,0.0,,10812.78,7105,false,0
3451cd,IBE03ZD ,Spain,1778033780,1778033780,-62.2502,42.9292,11277.6,false,245.3,86.63,0.0,,11430.0,,false,0
a44031,DAL1275 ,United States,1778033845,1778033850,-78.7756,35.8958,137.16,false,65.48,225.64,-3.58,,129.54,6015,false,0
a56050,UAL1863 ,United States,1778033628,1778033628,-122.3818,37.619,,true,1.54,165.94,,,,6505,false,0
adddd2,N993AK  ,United States,1778033939,1778033939,-150.3037,60.9646,868.68,false,105.52,58.56,-1.63,,792.48,,false,0
a81000,UAL1769 ,United States,1778033939,1778033939,-103.5984,39.9428,10972.8,false,198.38,266.73,0.0,,10980.42,1367,false,0
a82332,UPS77   ,United States,1778033939,1778033939,-111.2168,52.0307,10058.4,false,280.17,126.64,0.0,,10035.54,,false,0
7c6349,TWB     ,Australia,1778033939,1778033939,153.1692,-28.0577,2080.26,false,58.46,96.06,-0.98,,2202.18,,false,0
c012c7,NRL481  ,Canada,1778033939,1778033939,-73.4795,44.33,7924.8,false,228.14,355.34,-13.33,,7993.38,1120,false,0
a81006,UAL1092 ,United States,1778033935,1778033937,-104.679,39.8553,,true,0.0,270.0,,,,0066,true,0
a87cbe,JIA5184 ,United States,1778033939,1778033939,-81.2759,40.0871,4046.22,false,173.56,6.81,-5.53,,4053.84,3551,false,0
ad3459,N95WY   ,United States,1778033693,1778033693,-150.0969,62.3206,,true,0.06,5.62,,,,,false,0
020104,RAM240  ,Morocco,1778031528,1778033939,17.7811,52.8914,11277.6,false,249.03,34.9,0.0,,11300.46,5141,false,0
ac5ada,SWA2192 ,United States,1778033939,1778033939,-112.5422,35.5401,9144.0,false,242.85,278.4,0.0,,9182.1,7266,false,0
a4798f,FFT1765 ,United States,1778033938,1778033938,-104.6814,39.8524,,true,5.4,275.62,,,,,false,0
a3dcd6,UPS1441 ,United States,1778033938,1778033939,-85.5253,38.5868,1485.9,false,127.73,281.85,-12.68,,1424.94,4166,false,0
a3a990,DAL2989 ,United States,1778033939,1778033939,-80.5965,42.2288,8221.98,false,250.12,91.65,0.0,,8267.7,7404,false,0
aa974f,SWA1439 ,United States,1778033939,1778033939,-97.9641,30.2991,12192.0,false,189.29,283.36,-0.33,,12755.88,7416,false,0
ae4130,PAT26   ,United States,1778033939,1778033939,-77.5148,38.7273,662.94,false,56.66,119.36,0.0,,624.84,0126,false,0
4bb293,TKJ51T  ,Turkey,1778033939,1778033939,22.2027,43.831,10058.4,false,243.53,132.86,0.0,,10233.66,7665,false,0
a95609,WIS500  ,United States,1778033939,1778033939,-86.3023,42.3784,2194.56,false,120.46,112.07,0.33,,2103.12,,false,0
acaad6,N915SH  ,United States,1778033939,1778033939,-98.0306,43.5238,4244.34,false,155.22,86.01,-2.28,,4122.42,,false,0
ac5afd,SWA1590 ,United States,1778033939,1778033939,-104.6808,39.8637,,true,0.0,270.0,,,,7047,false,0
7c6393,TYD     ,Australia,1778033939,1778033939,145.187,-38.1671,457.2,false,44.04,322.59,-0.33,,,1200,false,0
a87ca9,N646MS  ,United States,1778033826,1778033835,-97.4869,32.9645,426.72,false,27.84,286.09,-3.9,,335.28,,false,0
a238a6,ENY3686 ,United States,1778033791,1778033791,-97.0441,32.9079,,true,3.09,250.31,,,,,false,0
c80e1e,"",New Zealand,1778033761,1778033764,175.7726,-40.2717,373.38,false,47.54,193.13,-0.33,,480.06,,false,0
a5c31b,SWA2681 ,United States,1778033939,1778033939,-103.5931,35.3809,11887.2,false,291.74,91.01,0.0,,12161.52,,false,0
a76fe9,ASA9    ,United States,1778033939,1778033939,-118.9942,45.9813,11468.1,false,230.68,245.49,-5.53,,11673.84,7055,false,0
a51e24,GTI512  ,United States,1778033939,1778033939,-149.8994,60.9539,3299.46,false,164.2,103.78,7.8,,3154.68,3452,false,0
a01b5c,DAL3073 ,United States,1778033936,1778033936,-73.8655,40.7729,,true,0.0,140.62,,,,3075,false,0
896407,ETD5W2  ,United Arab Emirates,1778033729,1778033731,38.995,32.0892,11582.4,false,242.49,333.54,0.33,,,,false,0
ae52ee,GEARS99 ,United States,1778033901,1778033901,-85.4437,31.6436,243.84,false,56.19,356.33,-1.63,,259.08,,false,0
020175,MAC466C ,Morocco,1778033939,1778033940,-4.9104,35.9755,11277.6,false,212.0,215.62,-0.33,,11490.96,4005,false,0
a37b0c,AAL2897 ,United States,1778033938,1778033939,-77.8963,34.652,10668.0,false,211.27,5.17,0.0,,11018.52,,false,0
a26e4a,FDX1253 ,United States,1778033939,1778033939,-75.5269,40.6053,1363.98,false,106.46,231.08,10.73,,1341.12,,false,0
a01b80,FDX232  ,United States,1778033939,1778033939,-80.3241,25.7105,1775.46,false,131.33,267.31,-14.96,,1874.52,,false,0
89640a,ETD3AG  ,United Arab Emirates,1778033934,1778033939,48.939,24.3829,11879.58,false,276.45,114.75,0.33,,12542.52,0665,false,0
a9ecdb,N739DX  ,United States,1778033939,1778033939,-118.4306,34.2534,800.1,false,49.48,64.77,0.65,,762.0,4663,false,0
a095f0,RPA4589 ,United States,1778033939,1778033939,-76.0191,37.2535,1783.08,false,129.09,187.1,-3.9,,1828.8,2722,false,0
c038ac,ACA904  ,Canada,1778033939,1778033939,-73.6122,45.3501,2225.04,false,165.86,95.34,12.35,,2133.6,6221,false,0
ae52fe,GEARS06 ,United States,1778033812,1778033813,-85.1286,31.9571,167.64,false,25.74,182.29,-2.6,,152.4,,false,0
a358bd,JBU2823 ,United States,1778033938,1778033939,-87.976,28.6806,11582.4,false,197.18,287.77,0.0,,12214.86,7427,false,0
a465df,UAL1794 ,United States,1778033939,1778033939,-78.2442,38.4174,10972.8,false,211.96,237.89,-0.33,,11224.26,1673,false,0
7cc62c,R8562   ,Australia,1778033937,1778033937,115.4046,-33.6827,-15.24,false,31.98,25.74,4.55,,83.82,,false,0
ac6db1,N90JX   ,United States,1778033939,1778033939,-104.4626,32.8861,2133.6,false,90.17,49.86,6.18,,2133.6,,false,0
a2be6d,SKW3990 ,United States,1778033939,1778033939,-105.98,39.4529,7833.36,false,189.74,250.19,6.5,,7901.94,3275,false,0
a87cf9,QXE2139 ,United States,1778033939,1778033939,-122.3046,37.5893,266.7,false,72.24,297.11,-3.9,,259.08,6607,false,0
ac6dc0,"",United States,1778033756,1778033756,-77.5133,38.7223,,true,6.43,331.88,,,,,false,0
7c764d,JST756  ,Australia,1778033939,1778033939,152.3428,-29.585,10668.0,false,245.02,41.08,0.33,,11041.38,1233,false,0
8a083b,KNE8005 ,Indonesia,1778033935,1778033937,50.8071,21.9936,11277.6,false,266.74,92.54,0.0,,11955.78,5240,false,0
4bb1a5,THY3MA  ,Turkey,1778033939,1778033939,-5.0783,53.4784,11277.6,false,260.25,102.44,-0.33,,11178.54,2227,false,0
a38e69,JBU715  ,United States,1778033939,1778033940,-75.2585,43.1044,8435.34,false,200.32,274.86,-6.83,,8511.54,3443,false,0
7cc60f,R1675   ,Australia,1778033935,1778033935,153.1088,-26.8001,,true,5.4,295.31,,,,1200,false,0
a3a8c0,DAL498  ,United States,1778033921,1778033921,-118.366,34.2003,,true,2.06,312.19,,,,,false,0
a8103e,ASA1471 ,United States,1778033939,1778033939,-122.3797,37.6208,22.86,false,78.3,299.09,10.08,,15.24,,false,0
a598b9,N46R    ,United States,1778033939,1778033939,-106.3071,31.8178,12184.38,false,173.22,275.8,0.33,,12588.24,7260,false,0
a81042,N619AW  ,United States,1778033939,1778033939,-72.8038,41.2096,1379.22,false,67.19,258.52,0.0,,1356.36,,false,0
ac142e,AAL132  ,United States,1778033939,1778033939,-89.0525,42.2648,11879.58,false,278.95,33.34,0.0,,11910.06,2325,false,0
a465ad,N3824S  ,United States,1778033939,1778033939,-123.3073,44.507,822.96,false,51.57,161.38,0.0,,815.34,,false,0
8a0837,LNI522  ,Indonesia,1778033939,1778033939,110.6368,-7.3717,7124.7,false,220.31,33.28,5.85,,7604.76,,false,0
02013e,RAM201N ,Morocco,1778033939,1778033939,-69.2547,40.9136,11574.78,false,262.14,82.33,0.33,,11727.18,3347,false,0
02013d,RAM248  ,Morocco,1778033939,1778033939,-3.7275,35.3073,11582.4,false,265.46,37.2,-0.33,,11811.0,6433,false,0
a8102a,UAL658  ,United States,1778033939,1778033939,-93.6267,41.3834,10363.2,false,182.35,259.93,0.0,,10340.34,6515,false,0
a8dffc,FFT4316 ,United States,1778033939,1778033939,-94.1526,32.5887,10058.4,false,294.85,91.3,0.0,,10538.46,7630,false,0
acab11,AAL3212 ,United States,1778033939,1778033939,-92.4053,32.6907,10058.4,false,289.66,94.89,-0.33,,10515.6,2341,false,0
780a4e,CRK398  ,China,1778033919,1778033922,113.9745,22.8527,6073.14,false,178.33,334.54,5.53,,6370.32,,false,0
a02da2,EJA110  ,United States,1778033939,1778033939,-110.1399,38.5769,13106.4,false,235.14,250.18,0.0,,13235.94,7176,false,0
acbe3e,LRC654  ,United States,1778033939,1778033939,-90.2091,14.8805,6682.74,false,194.06,24.59,5.85,,7132.32,4762,false,0
acbe3c,DAL2144 ,United States,1778033939,1778033939,-86.6687,37.7331,10363.2,false,212.24,345.83,0.0,,10637.52,2025,false,0
e80610,JAP7160 ,Chile,1778033915,1778033918,-79.435,-7.4885,4968.24,false,169.8,358.78,-8.45,,5311.14,,false,0
acab0e,UPS1063 ,United States,1778033939,1778033939,-77.4518,39.9598,11582.4,false,207.47,245.85,0.0,,11757.66,3527,false,0
344043,7777XPML,Spain,1778008953,1778033939,2.9244,39.5269,,true,0.0,165.94,,,,7777,false,0
aae5f7,DAL2829 ,United States,1778033939,1778033939,-99.8972,43.8466,10363.2,false,198.0,262.99,0.0,,10172.7,2515,false,0
acbe37,AAL2709 ,United States,1778033939,1778033940,-109.8252,32.8826,10363.2,false,188.41,283.58,-0.33,,10576.56,6246,false,0
896388,ETD392  ,United Arab Emirates,1778033939,1778033939,77.8374,8.9171,10675.62,false,237.39,129.9,0.0,,11308.08,,false,0
781d9c,CES243  ,China,1778033938,1778033938,42.92,61.4509,11582.4,false,227.87,263.39,0.0,,11399.52,,false,0
7cfa0f,REPT    ,Australia,1778033938,1778033939,150.7913,-33.6048,,true,0.51,199.69,,,,2031,false,0
acbe63,GLG7396 ,United States,1778033940,1778033940,-78.4798,26.8176,11269.98,false,198.62,5.95,0.0,,11841.48,,false,0
ac12d6,SWA1288 ,United States,1778033925,1778033930,-121.5946,38.6962,,true,0.0,182.81,,,,,false,0
780a80,CPA912  ,China,1778033940,1778033940,113.9255,22.3226,,true,3.6,78.75,,,,,false,0
ac12be,SWA2426 ,United States,1778033939,1778033939,-91.096,35.9584,12496.8,false,261.35,37.32,-0.33,,12870.18,4050,false,0
ae52a9,TANDM47 ,United States,1778033939,1778033939,-96.9724,32.7329,198.12,false,0.0,0.0,0.0,,121.92,,false,0
896353,ETD440  ,United Arab Emirates,1778033939,1778033939,120.6132,14.576,2956.56,false,137.83,59.99,-2.28,,3177.54,,false,0
780a7a,CRK628  ,China,1778033939,1778033939,121.0949,24.6569,11277.6,false,223.47,36.76,0.0,,11894.82,,false,0
adde49,FDX1329 ,United States,1778033939,1778033939,-90.8797,36.5948,10363.2,false,221.05,191.55,0.33,,10668.0,2666,false,0
aa1b39,NDU750  ,United States,1778033938,1778033939,-111.8167,32.9303,723.9,false,52.92,63.43,-2.93,,670.56,,false,0
7c74ce,XCW     ,Australia,1778033939,1778033939,150.97,-33.9117,137.16,false,39.53,304.93,2.93,,205.74,,false,0
e8062c,JES3815 ,Chile,1778033939,1778033939,-58.4329,-34.5496,60.96,false,64.49,123.94,-3.25,,91.44,3755,false,0
780a98,CPA660  ,China,1778033931,1778033935,112.902,22.7208,8107.68,false,248.18,133.49,0.0,,8602.98,,false,0
a452c4,DAL2051 ,United States,1778033939,1778033939,-86.1177,33.1924,9974.58,false,201.48,253.23,5.53,,10408.92,2011,false,0
a5c2dd,UAL1842 ,United States,1778033939,1778033939,-94.4119,43.0935,7056.12,false,173.5,286.72,-4.23,,6972.3,7223,true,0
acab54,EDV5155 ,United States,1778033940,1778033940,-78.8562,38.0506,5280.66,false,186.75,232.5,-5.2,,5387.34,2643,false,0
780a8f,CRK221  ,China,1778033938,1778033939,114.1567,21.9616,2034.54,false,158.1,291.97,-3.25,,2164.08,,false,0
780a9e,"",China,,1778033825,,,,false,223.87,94.22,-4.88,,,,false,0
7cfa72,EVY08   ,Australia,1778033922,1778033922,153.1118,-27.4077,,true,10.29,208.12,,,,4514,false,0
704946,MMA503  ,Myanmar,1778033902,1778033902,99.6259,11.4066,11277.6,false,231.46,152.75,0.0,,,,false,0
884364,BKP451  ,Thailand,1778033939,1778033939,100.4176,13.7452,2141.22,false,93.11,180.0,4.88,,2247.9,,false,0
aa2e36,SKW5003 ,United States,1778033939,1778033939,-106.2143,39.3862,9083.04,false,209.61,250.05,5.85,,9136.38,3712,false,0
345318,IBE0268 ,Spain,1778033939,1778033939,-3.451,40.3109,1524.0,false,110.64,38.2,0.0,,1592.58,6261,false,0
4bb0e7,THY9WC  ,Turkey,1778033927,1778033935,-122.3643,37.6122,,true,5.4,118.12,,,,,false,0
4bb0e5,THY1RT  ,Turkey,1778033939,1778033939,-68.3222,42.8434,9357.36,false,246.54,58.13,5.53,,9479.28,,false,0
89630a,UAE9U   ,United Arab Emirates,1778033939,1778033939,86.6588,23.0399,10668.0,false,282.23,92.72,0.0,,11231.88,6230,false,0
c07fbf,WJA673  ,Canada,1778033939,1778033939,-113.9959,51.127,,true,7.2,270.0,,,,,false,0
a6f5b5,ASA614  ,United States,1778033938,1778033939,-122.4551,47.6513,1813.56,false,100.32,0.0,0.0,,1844.04,,false,0
884345,BKP115  ,Thailand,1778033939,1778033939,100.8582,13.5184,1409.7,false,94.33,169.0,4.55,,1478.28,,false,0
4bb0e9,THY59   ,Turkey,1778033939,1778033939,85.7257,24.2592,10972.8,false,236.58,304.28,0.0,,11475.72,0737,false,0
884348,BKP212  ,Thailand,1778033939,1778033939,100.5122,15.0698,5181.6,false,136.83,160.68,0.0,,5494.02,,false,0
a98b8b,N714GM  ,United States,1778033917,1778033939,-85.2065,35.4189,1836.42,false,61.96,299.33,0.33,,1836.42,,false,0
0200ed,RAM272C ,Morocco,1778033939,1778033939,9.5719,40.1785,11277.6,false,244.34,99.82,0.0,,11483.34,1413,false,0
ac006d,SWA2239 ,United States,1778033939,1778033939,-104.1654,31.9051,12496.8,false,282.07,91.88,0.0,,12946.38,3677,false,0
a9db89,N734ST  ,United States,1778033938,1778033939,-121.1543,44.4754,1783.08,false,40.17,350.42,-1.3,,1790.7,,false,0
a98b76,FFT4347 ,United States,1778033939,1778033939,-73.892,40.9085,3474.72,false,161.44,258.05,10.4,,3520.44,7146,false,0
ac6e07,N90NH   ,United States,1778033939,1778033939,-78.2753,37.0227,8511.54,false,222.75,36.74,-6.5,,8755.38,2642,false,0
346605,LVL2606 ,Spain,1778033939,1778033939,-3.655,37.2097,11582.4,false,261.31,49.63,0.0,,11765.28,4467,false,0
a38db4,AAL1761 ,United States,1778033939,1778033939,-84.8142,37.2319,11887.2,false,258.95,54.54,0.0,,12199.62,2376,false,0
ad2095,JBU2715 ,United States,1778033939,1778033939,-111.2408,37.9941,10972.8,false,243.03,232.74,-0.33,,11056.62,2373,false,0
aae5a9,AAL1538 ,United States,1778033939,1778033939,-96.982,30.7341,10980.42,false,204.36,195.93,-0.33,,11529.06,,false,0
781d50,CCA936  ,China,1778033738,1778033747,116.9609,39.1427,12527.28,false,254.72,174.67,0.0,,12618.72,,false,0
abe09a,SWA2796 ,United States,1778033939,1778033939,-74.0377,39.588,6179.82,false,216.97,50.19,-5.2,,6316.98,7313,false,0
780a27,HKC593  ,China,1778033939,1778033939,27.6994,44.0787,12496.8,false,248.55,123.69,0.0,,12565.38,4224,false,0
ab05c3,N80906  ,United States,1778033939,1778033939,-117.2212,33.1074,2324.1,false,50.48,177.08,8.45,,2316.48,,false,0
80073f,AIC132  ,India,1778033939,1778033939,34.2738,29.5971,12489.18,false,267.15,120.81,0.0,,12862.56,1667,false,0
7c61a8,TKQ     ,Australia,1778033939,1778033939,116.1456,-32.1554,1097.28,false,73.5,80.74,0.33,,1203.96,0331,false,0
780a35,CPA233  ,China,1778033939,1778033939,43.7452,41.7678,10363.2,false,254.8,298.32,0.0,,10363.2,5363,false,0
a822d6,QXE2279 ,United States,1778033939,1778033939,-118.9914,33.9223,4290.06,false,174.9,279.82,9.75,,4328.16,,false,0
aa1b92,WMU17   ,United States,1778033938,1778033938,-86.2111,43.181,320.04,false,41.67,237.09,-2.28,,251.46,,false,0
89637c,ETD341  ,United Arab Emirates,1778033911,1778033911,54.729,24.2931,2202.18,false,141.5,307.91,-3.9,,2324.1,,false,0
ac38f5,XEN88   ,United States,1778033939,1778033939,-109.9977,37.0679,13716.0,false,261.43,108.47,-0.33,,13921.74,,false,0
780a46,CRK676  ,China,1778033939,1778033939,120.3863,23.8106,11269.98,false,233.97,43.66,0.0,,11894.82,,false,0
800733,AIC154  ,India,1778033933,1778033939,74.5639,25.661,12489.18,false,254.1,30.41,-0.33,,13091.16,1646,false,0
a13af4,DAL670  ,United States,1778033939,1778033939,-98.2301,45.4128,11582.4,false,222.53,272.92,-0.33,,11391.9,3013,false,0
780a3f,"",China,,1778033836,,,,false,3.86,118.12,,,,,false,0
780a3c,CPA254  ,China,1778033742,1778033935,48.0588,46.4327,10058.4,false,4.12,270.0,0.0,,9098.28,1157,false,0
a07176,AMX005  ,United States,1778033939,1778033939,-82.9069,37.3264,11879.58,false,263.79,43.81,0.0,,12176.76,6554,false,0
aad2a8,N797GM  ,United States,1778033938,1778033939,-121.2863,36.2765,5006.34,false,125.72,329.24,-0.33,,5120.64,7274,false,0
780a59,CPA536  ,China,1778033938,1778033938,113.9215,22.3167,,true,8.23,250.31,,,,,false,0
780a57,CPA672  ,China,1778033757,1778033757,113.5354,22.0118,5791.2,false,222.44,148.33,0.0,,6149.34,,false,0
780a4a,CPA494  ,China,1778033932,1778033932,113.914,22.3143,,true,11.83,250.31,,,,,false,0
a32116,AAL1272 ,United States,1778033938,1778033938,-77.9331,33.5051,11277.6,false,206.14,10.5,0.0,,11673.84,,false,0
ac5b20,SWA4497 ,United States,1778033939,1778033939,-89.4093,40.1738,8244.84,false,234.07,22.62,2.93,,8321.04,,false,0
a26f01,ENY3452 ,United States,1778033939,1778033939,-94.1042,36.0886,1272.54,false,112.83,273.14,-4.88,,1219.2,3644,false,0
847517,NCA225  ,Japan,1778033713,1778033714,129.958,33.312,12192.0,false,215.8,248.02,-0.65,,12618.72,6153,false,0
a44168,UAL1381 ,United States,1778033939,1778033939,-96.982,30.21,9677.4,false,203.99,279.58,8.13,,10165.08,,false,0
a4eae7,KOW416  ,United States,1778033939,1778033939,-117.426,34.055,3345.18,false,169.26,286.78,-0.33,,3352.8,6325,false,0
a70463,DAL1232 ,United States,1778033939,1778033939,-84.029,35.8167,10660.38,false,224.68,11.49,0.0,,11003.28,3357,false,0
a69463,DAL443  ,United States,1778033939,1778033939,-118.6714,34.0017,2308.86,false,136.85,0.65,9.43,,2308.86,,false,0
8830f4,TLM806  ,Thailand,1778033893,1778033910,99.7232,11.0182,11582.4,false,233.82,197.28,0.0,,12352.02,,false,0
ad4873,AAL2810 ,United States,1778033934,1778033938,-122.3776,37.6209,,true,0.0,227.81,,,,6335,false,0
750094,AXM5877 ,Malaysia,1778033939,1778033939,102.8084,2.8142,6827.52,false,193.03,268.01,-5.2,,7292.34,,false,0
a4414a,DAL2196 ,United States,1778033939,1778033939,-75.6468,37.987,11277.6,false,220.87,33.51,0.0,,11513.82,0570,false,0
a4a484,DAL2230 ,United States,1778033939,1778033939,-83.2771,40.3403,3665.22,false,161.98,117.22,-6.83,,3657.6,0640,false,0
ac5bf6,DAL2839 ,United States,1778033939,1778033939,-82.0945,41.7567,7620.0,false,224.87,146.38,0.0,,7665.72,4152,false,0
a70452,N551ND  ,United States,1778033939,1778033939,-97.8592,29.8757,403.86,false,37.23,191.15,3.25,,327.66,,false,0
a119ce,AIP8941 ,United States,1778033940,1778033940,-84.0186,38.4986,7330.44,false,132.75,341.0,0.0,,7490.46,,false,0
aad589,1200    ,United States,1778033689,1778033689,-89.8341,44.3689,381.0,false,31.34,203.2,-3.25,,320.04,,false,0
a1e189,N220FL  ,United States,1778033681,1778033681,-84.3173,33.3982,327.66,false,40.44,233.28,-1.95,,304.8,,false,0
a6f78a,VOI184  ,United States,1778033817,1778033818,-98.9216,20.8845,10363.2,false,217.07,298.45,0.33,,11056.62,,false,0
4bb107,THY4MS  ,Turkey,1778033935,1778033937,-70.53,68.9099,11887.2,false,259.33,64.5,0.0,,11750.04,,false,0
a1f48f,N225LA  ,United States,1778033938,1778033939,-118.2651,34.0508,350.52,false,31.21,98.53,2.6,,335.28,,false,0
4bb105,THY175  ,Turkey,1778033940,1778033940,78.0656,28.2661,11582.4,false,222.24,289.19,0.0,,12009.12,2113,false,0
4bb106,THY48L  ,Turkey,1778033858,1778033859,101.0645,3.5697,5311.14,false,215.26,320.53,5.85,,5615.94,2116,false,0
489229,ENT584  ,Poland,1778033939,1778033939,-3.9941,40.3048,3832.86,false,179.44,108.38,-5.85,,3909.06,2261,false,0
8963ea,UAE39L  ,United Arab Emirates,1778033417,1778033877,53.5091,22.7957,12496.8,false,263.66,77.83,0.0,,13205.46,3350,false,0
a49ae3,UPS256  ,United States,1778033939,1778033939,1.7553,47.4018,10675.62,false,232.35,209.01,-0.33,,10561.32,4134,false,0
ab9276,BOE123  ,United States,1778033937,1778033939,-122.2136,47.4907,15.24,false,0.0,0.0,0.0,,-7.62,,false,0
a3a9a3,DAL2683 ,United States,1778033939,1778033939,-95.096,41.5905,11582.4,false,204.5,193.83,0.33,,11567.16,2446,false,0
a7178c,AAL1205 ,United States,1778033939,1778033939,-111.5375,33.2273,9745.98,false,187.88,282.17,0.0,,9883.14,6262,false,0
7c7791,XWJ     ,Australia,1778033939,1778033939,146.0629,-37.1974,3009.9,false,84.13,227.73,0.33,,3086.1,4067,false,0
a83782,UAL1784 ,United States,1778033939,1778033939,-74.7033,40.656,5905.5,false,172.98,274.95,24.06,,5989.32,1135,false,0
a119af,FDX1202 ,United States,1778033939,1778033939,-75.0393,40.6792,5638.8,false,204.76,270.72,9.1,,5737.86,1746,false,0
8963ff,ABY433  ,United Arab Emirates,1778033642,1778033933,49.5172,22.9533,10370.82,false,218.47,273.24,0.0,,10988.04,1743,false,0
a14f09,N1836P  ,United States,1778033939,1778033939,-82.3622,29.8651,10195.56,false,266.25,177.34,-20.48,,10698.48,2574,false,0
4bb15a,THY6573 ,Turkey,1778033937,1778033939,75.1535,30.7932,9144.0,false,230.04,335.84,0.0,,9425.94,,false,0
a69424,ASA1495 ,United States,1778033940,1778033940,-149.5942,62.331,9753.6,false,239.55,15.83,0.0,,9403.08,2245,false,0
a13c32,N179SF  ,United States,1778033939,1778033939,-85.7675,31.7436,845.82,false,75.23,333.61,0.0,,845.82,,false,0
a479b2,ASA836  ,United States,1778033939,1778033939,-114.1837,33.4828,7757.16,false,225.23,103.34,-4.23,,7825.74,6712,false,0
8963d7,UAE60L  ,United Arab Emirates,1778033146,1778033938,55.884,23.8233,1600.2,false,243.37,359.03,0.0,,8389.62,4717,false,0
a69437,JJ23    ,United States,1778033939,1778033939,-88.1295,30.6692,708.66,false,55.05,285.72,-0.98,,708.66,0161,false,0
a13c43,SKW3372 ,United States,1778033800,1778033809,-114.0161,38.4078,34381.44,false,222.14,139.23,0.33,,10782.3,,true,0
4bb187,THY32G  ,Turkey,1778033939,1778033939,-84.3161,34.2298,5082.54,false,210.63,14.72,4.88,,5250.18,2506,false,0
4bb183,THY11   ,Turkey,1778033939,1778033939,-73.5898,40.8265,624.84,false,69.49,244.57,0.0,,586.74,2124,false,0
4bb182,THY51   ,Turkey,1778033939,1778033939,136.9732,35.8762,10355.58,false,196.05,271.2,0.33,,10744.2,3243,false,0
a359bc,DAL1253 ,United States,1778033939,1778033939,-80.8879,40.9633,3916.68,false,204.62,114.83,-9.75,,3909.06,5261,false,0
a4417d,DAL449  ,United States,1778033939,1778033939,-105.899,35.0347,10972.8,false,176.5,271.34,-0.33,,11224.26,5424,false,0
4bb156,THY6039 ,Turkey,1778033939,1778033939,20.695,49.7207,9753.6,false,246.33,328.67,0.0,,9875.52,5314,false,0
781e13,CCA845  ,China,1778032537,1778033934,48.6253,61.8176,10972.8,false,225.44,268.17,0.0,,10789.92,,false,0
aa2ed8,RPA3454 ,United States,1778033939,1778033939,-74.5012,39.88,7117.08,false,188.98,219.37,9.1,,7254.24,2730,false,0
4bb155,THY6200 ,Turkey,1778033939,1778033939,38.7007,39.9248,11277.6,false,260.27,85.01,0.0,,11285.22,5172,false,0
4bb153,THY6136 ,Turkey,1778033723,1778033725,29.493,40.7771,7787.64,false,242.57,104.74,8.78,,7886.7,5125,false,0
4bb159,THY6418 ,Turkey,1778033939,1778033939,20.4723,43.5192,11277.6,false,268.5,107.05,0.0,,11460.48,6030,false,0
a8372b,N6286M  ,United States,1778033939,1778033939,-123.1048,45.1914,274.32,false,35.4,54.46,-2.28,,281.94,,false,0
a4eacb,DAL74   ,United States,1778033939,1778033939,-71.0451,40.6765,11277.6,false,251.87,51.47,0.33,,11437.62,6031,false,0
8007b2,IGO597L ,India,1778033796,1778033936,88.4487,22.6631,,true,4.89,253.12,,,,3307,false,0
8007b0,IGO277W ,India,1778033939,1778033939,89.1949,24.7846,10660.38,false,261.13,57.06,0.0,,11209.02,1434,false,0
c039b3,CFVWC   ,Canada,1778033939,1778033939,-112.2311,51.4465,4229.1,false,89.12,272.98,0.0,,4191.0,,false,0
a1f3c5,MXY101  ,United States,1778033934,1778033938,-82.5338,27.9849,,true,0.0,129.38,,,,,false,0
a333b5,UPS473  ,United States,1778033939,1778033939,-77.2614,43.1846,12199.62,false,203.27,234.58,0.0,,12192.0,6222,false,0
4bb19a,THY184  ,Turkey,1778033939,1778033939,-2.399,55.1794,10363.2,false,235.36,296.34,0.0,,10233.66,3565,false,0
ab0836,N81NG   ,United States,1778033939,1778033939,-105.8006,31.7656,4602.48,false,137.38,91.07,-0.33,,4732.02,,false,0
ab4ea9,CMB520  ,United States,1778033939,1778033940,-9.2508,53.0578,10668.0,false,251.79,133.68,0.0,,10568.94,,false,0
a466c7,DAL2948 ,United States,1778033939,1778033939,-85.1515,36.157,8534.4,false,223.36,341.61,0.0,,8808.72,3115,false,0
a3df4a,FFT2547 ,United States,1778033939,1778033939,-82.886,33.4538,10972.8,false,193.1,341.52,0.0,,11422.38,1510,false,0
a9dafa,N734M   ,United States,1778033832,1778033835,-111.8584,41.4811,2887.98,false,47.69,290.19,-0.65,,2910.84,,false,0
896534,ETD5H3  ,United Arab Emirates,1778033939,1778033939,32.9528,29.0384,10972.8,false,239.02,308.62,-0.33,,11346.18,1721,false,0
a4c9f8,JBU7    ,United States,1778033939,1778033939,-65.5348,45.3068,10058.4,false,246.87,50.07,0.0,,10165.08,2663,false,0
683323,VSV807  ,Kazakhstan,1778033633,1778033633,62.6347,53.2295,10972.8,false,219.9,305.96,0.0,,11041.38,,false,0
a1f3aa,CMB532  ,United States,1778033938,1778033938,-95.3903,38.8516,1226.82,false,100.07,223.54,0.0,,1188.72,4752,false,0
a346cf,N31ZZ   ,United States,1778033698,1778033698,-93.2623,19.9763,10668.0,false,226.91,67.33,0.33,,11399.52,1372,false,0
ab4ec6,NCR309  ,United States,1778033939,1778033939,-117.4028,34.0351,1562.1,false,89.23,192.99,-6.83,,1569.72,6042,false,0
02006e,RAM220  ,Morocco,1778030254,1778033939,17.5826,53.4881,11277.6,false,240.79,51.24,0.0,,,2307,false,0
4bb196,THY281  ,Turkey,1778033935,1778033939,116.5906,40.7191,10393.68,false,232.69,342.77,-0.33,,10599.42,,false,0
4bb194,THY8    ,Turkey,1778033939,1778033939,-75.0812,39.8838,10447.02,false,263.71,49.19,6.83,,10629.9,5662,false,0
4bb190,THY4JD  ,Turkey,1778033939,1778033939,-3.0257,55.4075,10965.18,false,238.0,288.4,-0.33,,10828.02,0625,false,0
4bb18e,THY9LC  ,Turkey,1778033939,1778033939,22.405,43.0712,11879.58,false,260.13,111.95,-0.33,,12047.22,0444,false,0
a9daf0,N734LQ  ,United States,1778033939,1778033939,-122.0221,47.8768,914.4,false,49.14,329.14,0.33,,899.16,,false,0
a599a8,AAL358  ,United States,1778033939,1778033939,-103.1634,32.0271,10378.44,false,183.67,269.2,0.0,,10805.16,3101,false,0
a466fc,FFT3097 ,United States,1778033939,1778033939,-92.9216,32.4504,10972.8,false,186.61,261.76,-0.33,,11483.34,3507,false,0
a0c0ea,FDX1301 ,United States,1778033939,1778033939,-119.1568,38.2776,11277.6,false,211.02,80.03,-0.33,,11460.48,3302,false,0
7c7770,QLK1805 ,Australia,1778033883,1778033883,141.5617,-34.3986,10972.8,false,213.99,248.12,0.0,,11178.54,,false,0
781ce6,CCA827  ,China,1778033938,1778033939,46.504,61.8122,11582.4,false,225.53,265.42,0.0,,11414.76,,false,0
aae873,N80135  ,United States,1778033939,1778033939,-93.2736,44.5457,883.92,false,42.23,2.79,-1.95,,838.2,,false,0
a81141,KEN1818 ,United States,1778033766,1778033766,-123.0258,48.5435,182.88,false,44.25,181.33,-2.6,,198.12,,false,0
ab4eeb,DAL2733 ,United States,1778033939,1778033939,-82.3473,41.6423,11277.6,false,288.26,96.25,0.0,,11361.42,2612,false,0
a70491,EJA551  ,United States,1778033939,1778033940,-122.7578,38.1908,6286.5,false,207.91,167.13,-11.05,,6408.42,3544,false,0
a51f0f,SWA2103 ,United States,1778033934,1778033938,-104.6773,39.8635,,true,0.0,180.0,,,,,false,0
ad8ed7,AAL2804 ,United States,1778033939,1778033939,-82.2702,42.6532,9448.8,false,270.24,49.09,0.0,,9471.66,5644,false,0
a13c92,N179WB  ,United States,1778033939,1778033939,-85.9621,33.5291,3954.78,false,155.24,124.06,-3.25,,4084.32,,false,0
a320a6,EDV4943 ,United States,1778033939,1778033939,-79.7867,43.616,2895.6,false,177.84,70.57,-8.78,,2788.92,5720,false,0
a3df1e,DAL2871 ,United States,1778033939,1778033939,-83.6598,43.2536,11277.6,false,297.39,89.01,0.0,,11277.6,2470,false,0
846250,ADO119  ,Japan,1778033921,1778033921,139.0142,38.9169,12496.8,false,253.73,36.59,0.0,,12725.4,7302,false,0
c80d72,ZKMBG   ,New Zealand,1778033939,1778033939,172.5404,-43.6015,403.86,false,41.16,341.79,-0.98,,464.82,,false,0
acbeab,FDX1106 ,United States,1778033938,1778033938,-93.2313,44.8817,,true,0.0,30.94,,,,,false,0
aac232,N79228  ,United States,1778033939,1778033939,-80.9603,33.8676,1371.6,false,52.78,133.03,0.98,,1417.32,,false,0
a4c9d5,JBU33   ,United States,1778033841,1778033846,-66.3191,43.9675,10058.4,false,244.73,51.06,0.0,,10195.56,,false,0
a200ba,SWA1306 ,United States,1778033939,1778033939,-95.3351,42.1377,11582.4,false,188.84,265.63,0.0,,11529.06,5364,false,0
abe212,GTI537  ,United States,1778033939,1778033939,-104.5735,42.698,12192.0,false,242.65,314.4,-0.65,,12123.42,1467,false,0
acbf63,AAL1872 ,United States,1778033939,1778033939,-84.5511,33.8122,10363.2,false,201.28,346.85,0.0,,10782.3,3315,false,0
ac13d6,SWA4350 ,United States,1778033939,1778033939,-77.2891,38.2933,11887.2,false,241.39,60.65,-0.33,,12138.66,5613,false,0
a08512,UCA4312 ,United States,1778033917,1778033917,-88.7256,30.6908,2613.66,false,150.48,75.35,-7.8,,2727.96,,false,0
aa83ec,N777KC  ,United States,1778033939,1778033939,-93.2741,41.399,1371.6,false,42.91,307.69,0.65,,1310.64,,false,0
ab3c72,EPI823  ,United States,1778033939,1778033939,-81.8055,27.0076,2415.54,false,54.62,3.24,0.0,,2506.98,1445,false,0
896497,ABY621  ,United Arab Emirates,1778033844,1778033930,55.5519,24.0278,7307.58,false,202.23,38.18,-4.23,,7909.56,7316,false,0
ad46cd,N95467  ,United States,1778033693,1778033693,-117.1026,47.8257,944.88,false,48.43,257.74,-3.58,,929.64,1200,false,0
aa83f4,N777KL  ,United States,1778033940,1778033940,-78.0251,37.8616,9753.6,false,232.43,213.9,14.63,,10020.3,5661,false,0
c06de0,CGPPV   ,Canada,1778033939,1778033939,-122.5405,49.1056,647.7,false,40.98,241.5,0.33,,640.08,,false,0
a6f6dd,JIA5037 ,United States,1778033840,1778033840,-77.0398,38.8577,,true,8.23,357.19,,,,,false,0
a09852,UAL497  ,United States,1778033939,1778033939,-87.9082,30.4821,3474.72,false,181.61,90.65,-9.1,,3634.74,,false,0
a320f9,SKW3963 ,United States,1778033939,1778033939,-116.9345,46.5228,8092.44,false,237.65,163.53,5.85,,8252.46,3547,false,0
aa70b1,CKS264  ,United States,1778033933,1778033939,-63.4566,48.0288,10363.2,false,212.42,234.46,0.33,,10393.68,0717,false,0
896472,UAE7    ,United Arab Emirates,1778033939,1778033939,25.9539,38.285,12192.0,false,228.86,318.46,0.0,,12367.26,0504,false,0
896476,UAE569  ,United Arab Emirates,1778033925,1778033926,56.5406,24.554,6385.56,false,225.9,314.72,-9.1,,,,false,0
c01460,LVW357  ,Canada,1778033940,1778033940,-111.6175,51.5916,7924.8,false,161.24,252.55,0.0,,7901.94,,false,0
a836fb,UAL1305 ,United States,1778033939,1778033939,-91.3375,35.7543,10668.0,false,293.81,108.05,-0.65,,11018.52,3547,false,0
c05acc,JZA280  ,Canada,1778033939,1778033939,-122.4222,49.6216,4709.16,false,149.15,44.72,5.53,,4853.94,,false,0
a01bbc,RPA4544 ,United States,1778033939,1778033939,-78.8601,34.1058,7947.66,false,226.26,224.82,-5.2,,8214.36,2453,false,0
a46828,IJW383  ,United States,1778033939,1778033939,-99.6693,34.484,10043.16,false,281.28,67.19,0.33,,10370.82,2623,false,0
aa1c45,RPA3413 ,United States,1778033939,1778033939,-77.6161,39.061,1996.44,false,144.8,335.44,13.0,,2011.68,,false,0
a4ec3a,UPS301  ,United States,1778033939,1778033939,-94.9232,31.1491,11887.2,false,265.0,40.28,0.0,,12443.46,,false,0
896453,UAE13U  ,United Arab Emirates,,1778033937,,,8153.4,false,267.58,78.13,0.0,,,3351,false,0
896461,ETD8MY  ,United Arab Emirates,1778033701,1778033701,19.06,34.3228,11277.6,false,266.36,112.6,0.0,,11582.4,,false,0
02007a,RAM223  ,Morocco,1778033939,1778033939,6.9851,50.7769,10972.8,false,224.71,239.15,0.0,,10896.6,6617,false,0
896464,ETD6MQ  ,United Arab Emirates,1778033925,1778033928,32.0406,29.6666,11582.4,false,229.48,307.9,-0.33,,11948.16,1715,false,0
89644f,UAE62P  ,United Arab Emirates,1778033926,1778033927,75.7189,10.6778,10058.4,false,254.25,129.75,0.0,,10637.52,,false,0
a0855d,UAL1708 ,United States,1778033939,1778033939,-75.5468,39.1991,8229.6,false,237.57,36.55,0.0,,8404.86,2716,false,0
a5c3c6,N4702P  ,United States,1778033939,1778033939,-96.9899,33.6453,1280.16,false,45.83,272.57,0.0,,1226.82,,false,0
896429,ETD552  ,United Arab Emirates,1778033467,1778033938,50.9382,23.0729,10058.4,false,252.45,99.5,0.0,,10668.0,4503,false,0
a34825,EDV5527 ,United States,1778033939,1778033939,-87.5672,38.0088,10668.0,false,274.54,124.46,0.65,,10927.08,1522,false,0
abe0df,SWA1991 ,United States,1778033727,1778033727,-111.9947,33.4336,,true,0.51,67.5,,,,6610,false,0
a87f51,AAL3265 ,United States,1778033939,1778033939,-82.5239,36.7323,10972.8,false,185.82,322.88,0.0,,11346.18,3521,false,0
a693c4,N52272  ,United States,1778033939,1778033939,-121.9121,37.5402,1158.24,false,57.89,112.46,-2.93,,1158.24,,false,0
a63f8b,VJA501  ,United States,1778033939,1778033939,-116.7337,33.4124,4853.94,false,191.85,340.25,-11.7,,4899.66,4564,false,0
a87f43,N647AG  ,United States,1778033939,1778033939,-119.1648,34.2422,1691.64,false,82.86,118.16,-0.65,,1668.78,4750,false,0
ad20f4,AAL1318 ,United States,1778033939,1778033939,-77.1572,38.1148,6118.86,false,221.7,23.23,-11.7,,6271.26,2510,false,0
a6f6d4,LFA320  ,United States,1778033939,1778033939,-81.6899,30.5002,220.98,false,42.83,65.9,3.58,,228.6,4211,false,0
a38ef5,JBU376  ,United States,1778033939,1778033939,-75.2036,38.4605,6233.16,false,227.87,24.83,-15.93,,6393.18,0506,false,0
c81fd1,ZKZAN   ,New Zealand,1778033939,1778033939,171.9111,-43.4729,1379.22,false,43.26,272.73,2.93,,1463.04,,false,0
a38ef8,N3284M  ,United States,1778033939,1778033939,-90.814,41.6015,1859.28,false,82.86,282.91,0.0,,1805.94,,false,0
781e2b,CKK222  ,China,1778033937,1778033939,-166.7854,64.1504,10363.2,false,229.37,279.29,0.0,,10066.02,,false,0
aaf9c1,SKW4013 ,United States,1778033752,1778033752,-84.5948,38.0458,388.62,false,62.72,221.01,-3.58,,327.66,7416,false,0
a4683f,UPS1477 ,United States,1778033939,1778033939,-84.3163,40.2508,8839.2,false,230.2,198.23,0.0,,8961.12,5751,false,0
4676d8,"",Finland,1778033937,1778033937,24.9658,60.3237,,true,16.46,149.06,,,,,false,0
781e49,CCA847  ,China,1778032501,1778033938,48.22,61.7866,11582.4,false,225.66,266.86,0.0,,11407.14,,false,0
a51ede,UPS1029 ,United States,1778033939,1778033939,-73.4417,42.5142,7292.34,false,208.75,273.53,10.08,,7376.16,,false,0
780b0f,CSN3505 ,China,1778033771,1778033915,118.6629,25.2519,5699.76,false,154.87,68.98,0.0,,6012.18,,false,0
a50bc5,N424PE  ,United States,1778033939,1778033939,-149.507,61.5122,1112.52,false,36.18,29.85,-2.93,,1036.32,0504,false,0
780b21,CSZ673  ,China,1778033938,1778033939,132.6077,33.7666,7665.72,false,265.51,72.06,-7.8,,7978.14,3211,false,0
780b20,CSZ9103 ,China,1778033920,1778033921,113.7421,23.0866,4930.14,false,205.26,0.14,5.2,,5219.7,,false,0
a0d561,AAL661  ,United States,1778033939,1778033939,-95.4774,42.1022,10972.8,false,187.73,265.91,0.33,,10911.84,7756,false,0
781e4c,CCA1433 ,China,1778033935,1778033935,113.9001,40.0665,10393.68,false,183.93,275.3,0.0,,10614.66,,false,0
a3defb,AJT8343 ,United States,1778033847,1778033847,-77.5459,24.5905,11277.6,false,265.51,117.21,-0.33,,11879.58,,false,0
a5753e,N45052  ,United States,1778033939,1778033939,-150.059,60.8629,2133.6,false,66.35,131.23,2.93,,2034.54,5125,false,0
8a06cc,PKAEP   ,Indonesia,1778033793,1778033793,106.5479,-6.2771,335.28,false,41.15,222.47,-2.93,,335.28,1200,false,0
750109,AXM5193 ,Malaysia,1778033939,1778033939,115.377,5.5342,10363.2,false,233.77,258.96,0.0,,11087.1,,false,0
a1f51c,CXK393  ,United States,1778033940,1778033940,-77.5314,38.7491,228.6,false,26.84,167.83,-0.65,,175.26,,false,0
780b31,CSH9278 ,China,1778033765,1778033765,119.7182,26.0327,8107.68,false,202.7,26.04,0.0,,8564.88,,false,0
e06543,ARG1287 ,Argentina,1778033938,1778033938,-59.4723,-34.8895,5638.8,false,199.6,60.0,-10.4,,5905.5,5351,false,0
aaf9ea,UAL2473 ,United States,1778033939,1778033939,-88.579,37.1664,11269.98,false,286.81,108.73,-0.33,,11574.78,3201,false,0
addf01,AAL2523 ,United States,1778033674,1778033701,-111.3324,37.0779,8534.4,false,261.6,243.99,0.0,,8587.74,5706,false,0
a9dc3d,N734ZY  ,United States,1778033938,1778033938,82.8044,33.2039,,true,4.63,168.75,,,,,false,0
a44240,DAL971  ,United States,1778033939,1778033939,-103.6792,38.8248,5196.84,false,143.29,280.34,-0.33,,5212.08,,false,0
a4555e,N379BL  ,United States,1778033914,1778033939,-77.968,35.3864,1341.12,false,51.51,267.14,0.65,,1341.12,,false,0
8a06c5,PKAEF   ,Indonesia,1778033939,1778033939,106.5274,-6.4065,807.72,false,44.19,347.91,0.33,,838.2,1200,false,0
a3489f,AAL2357 ,United States,1778033939,1778033939,-105.7699,39.6549,11582.4,false,208.12,256.27,0.0,,11643.36,1632,false,0
a19292,N200FT  ,United States,1778033940,1778033940,-81.8196,40.5678,5219.7,false,163.07,10.18,0.0,,5242.56,3111,false,0
c012f2,WEN4077 ,Canada,1778033936,1778033936,-114.0144,51.1324,,true,0.0,39.38,,,,,false,0
aae6cd,AAL1514 ,United States,1778033937,1778033937,-97.034,32.8961,,true,1.54,129.38,,,,,false,0
a1f595,SWA3216 ,United States,1778033882,1778033937,-104.6808,39.8624,,true,0.0,272.81,,,,5104,false,0
a4421d,DAL1649 ,United States,1778033939,1778033939,-78.6121,30.4923,12192.0,false,243.93,195.91,0.0,,12687.3,0177,false,0
7cc5a6,R7599   ,Australia,1778033939,1778033939,153.0291,-27.0368,0.0,false,52.39,17.72,0.98,,,,false,0
aa83fb,SIS562  ,United States,1778033939,1778033939,-105.5036,31.8566,13716.0,false,295.97,98.5,0.0,,14150.34,5265,false,0
a44213,UAL368  ,United States,1778033728,1778033728,-108.638,42.7923,10972.8,false,220.27,259.5,0.33,,10927.08,,false,0
a5d814,ASA1071 ,United States,1778033939,1778033939,-158.0182,21.3255,381.0,false,79.28,92.23,-2.93,,419.1,3656,false,0
3a2e24,REU975  ,France,1778033939,1778033939,11.2435,43.1427,10972.8,false,212.68,289.79,0.0,,11125.2,2077,false,0
3a2e21,REU973  ,France,1778033939,1778033939,9.8084,44.288,12192.0,false,237.96,311.58,-0.33,,12260.58,6630,false,0
a38af8,JBU811  ,United States,1778033939,1778033939,-87.2312,42.4225,2819.4,false,131.2,249.58,-8.78,,2720.34,1502,true,0
840caf,SJO622  ,Japan,1778033939,1778033939,140.4592,35.9391,1729.74,false,103.84,328.99,-4.88,,1828.8,4724,false,0
841ff4,JAL310  ,Japan,1778033939,1778033939,130.5753,33.437,2301.24,false,144.09,120.23,19.83,,2400.3,,false,0
3965a9,AFR719  ,France,1778033939,1778033939,-5.3879,37.3396,10972.8,false,259.46,23.36,0.0,,11132.82,6476,false,0
c07f3d,WEN3404 ,Canada,1778033939,1778033939,-110.2465,52.3977,7620.0,false,181.76,116.2,-0.33,,7574.28,2105,false,0
a9672c,"",United States,1778033899,1778033899,-101.9914,42.5729,10363.2,false,206.1,301.11,0.0,,10233.66,,false,0
3965b4,AFR443  ,France,1778033643,1778033644,-40.0337,-17.2172,10058.4,false,266.24,27.75,0.0,,10629.9,,false,0
aa2bc5,UAL2693 ,United States,1778033939,1778033940,-87.8276,41.9658,510.54,false,67.91,270.0,-3.58,,449.58,7267,false,0
840cd8,JJP612  ,Japan,1778033939,1778033939,140.0165,34.4183,7840.98,false,264.57,69.27,-6.18,,8214.36,2214,false,0
ac121a,UAL1937 ,United States,1778033939,1778033939,-102.6434,39.23,9768.84,false,235.82,116.84,9.43,,9784.08,3244,false,0
a3311b,JBU2008 ,United States,1778033939,1778033939,-79.8074,39.7527,4465.32,false,190.72,9.16,-5.53,,4511.04,6643,false,0
aaf87f,DAL1144 ,United States,1778033939,1778033940,-90.1627,42.6293,10668.0,false,230.11,164.97,0.0,,10614.66,7227,false,0
a21142,EDV5396 ,United States,1778033939,1778033939,-73.4331,41.1242,4015.74,false,200.65,40.63,6.83,,4076.7,,false,0
ad9edf,AAL2123 ,United States,1778033939,1778033939,-100.9718,32.5717,10972.8,false,171.85,263.64,-0.33,,11353.8,0536,false,0
c06c53,PVL7682 ,Canada,1778033922,1778033924,-52.6685,47.5426,2095.5,false,144.02,83.23,-5.2,,2194.56,,false,0
a4c79f,LYC407  ,United States,1778033936,1778033937,-149.9484,61.1707,,true,0.0,163.12,,,,,false,0
aa3ee0,N75972  ,United States,1778033926,1778033926,-93.2166,44.6236,335.28,false,28.99,297.47,-1.95,,320.04,1200,false,0
3475d9,VLG448P ,Spain,1778033939,1778033939,14.2311,39.6734,10957.56,false,213.97,285.91,-0.33,,11231.88,2051,false,0
a009a4,AAL302  ,United States,1778033939,1778033939,-109.3841,37.7729,10355.58,false,228.26,246.21,0.33,,10424.16,1516,false,0
a3576b,AJI708  ,United States,1778033939,1778033939,-94.9518,36.4305,4572.0,false,132.0,246.33,-8.13,,4648.2,6667,false,0
aa2ba2,UAL1458 ,United States,1778033939,1778033939,-118.6577,34.1383,3429.0,false,147.91,11.23,14.31,,3429.0,7311,false,0
ac2567,AAL40   ,United States,1778033939,1778033939,-68.1036,46.7916,12489.18,false,274.13,83.1,-0.33,,12458.7,1370,false,0
c023ae,ACA43   ,Canada,1778033939,1778033939,0.6204,60.7704,10363.2,false,229.66,307.54,0.0,,9982.2,0543,false,0
acced9,AAL2769 ,United States,1778033939,1778033940,-82.9301,30.946,9806.94,false,263.68,84.29,-14.31,,10302.24,1014,false,0
a64da4,N505MP  ,United States,1778033939,1778033939,-111.8387,33.4058,579.12,false,40.03,64.09,1.3,,533.4,,false,0
a03f48,FDX1684 ,United States,1778033939,1778033939,-80.2211,26.2716,3055.62,false,148.91,286.87,-0.33,,3192.78,,false,0
acbbd8,N92AG   ,United States,1778033820,1778033820,-156.6651,58.6824,,true,4.89,239.06,,,,,false,0
a27f07,ASA305  ,United States,1778033939,1778033939,-105.4963,39.6504,10972.8,false,213.06,302.58,0.33,,11010.9,2320,false,0
a129dc,AAL1357 ,United States,1778033939,1778033939,-75.2243,38.5204,11117.58,false,217.86,9.24,-4.55,,11315.7,1431,false,0
a14c11,CAP481  ,United States,1778033659,1778033664,-122.2159,37.7343,,true,0.0,298.12,,,,,false,0
8964fb,ETD9TC  ,United Arab Emirates,1778033937,1778033938,50.2813,23.6774,11277.6,false,269.97,112.17,0.0,,11940.54,1602,false,0
8964ff,ETD4AJ  ,United Arab Emirates,1778033939,1778033939,31.8875,37.8775,11582.4,false,235.06,311.54,0.0,,11689.08,1720,false,0
abf246,WMU86   ,United States,1778033938,1778033938,-83.7609,42.9431,594.36,false,63.38,86.74,0.33,,518.16,,false,0
ac1257,WMU87   ,United States,1778033939,1778033939,-85.5337,42.2027,449.58,false,43.9,259.88,-1.63,,381.0,,false,0
8964fd,ETD26N  ,United Arab Emirates,1778033939,1778033939,31.6683,32.9452,11452.86,false,231.38,311.67,-2.93,,11681.46,5207,false,0
3965aa,AFR279  ,France,1778033939,1778033939,-1.2731,52.3957,11277.6,false,247.45,151.57,0.0,,11186.16,3533,false,0
a4b41c,AAL651  ,United States,1778033939,1778033939,-121.3418,38.9037,1478.28,false,116.0,250.84,-5.85,,1478.28,5722,false,0
3965af,AFR256  ,France,1778033466,1778033633,47.8227,40.8288,10058.4,false,268.34,94.51,0.0,,10172.7,7554,false,0
8964bd,ETD104A ,United Arab Emirates,1778033243,1778033925,52.5087,22.825,11269.98,false,270.89,95.67,-0.33,,11948.16,1650,false,0
a4b420,ASA559  ,United States,1778033939,1778033939,-120.0134,36.915,11887.2,false,240.14,160.87,0.0,,12054.84,1536,false,0
a03f1e,DAL2460 ,United States,1778033939,1778033939,-74.0697,40.5944,1554.48,false,122.55,15.09,-7.48,,1554.48,3555,false,0
a129b0,SKW3378 ,United States,1778033939,1778033939,-122.875,42.1822,10668.0,false,250.07,178.82,0.0,,10949.94,,false,0
8964e1,UAE41P  ,United Arab Emirates,1778033939,1778033939,-122.9391,42.7137,9753.6,false,243.29,351.73,0.0,,10005.06,3640,false,0
c07f32,WEN3737 ,Canada,1778033939,1778033939,-122.8977,49.1802,5181.6,false,150.84,237.39,-0.33,,5349.24,,false,0
a2cf34,ENY3475 ,United States,1778033939,1778033939,-87.7745,42.0027,800.1,false,86.94,270.34,-4.55,,731.52,3612,false,0
e8043b,LAN533  ,Chile,1778033939,1778033939,-79.3886,26.3407,12496.8,false,279.42,172.91,0.0,,13114.02,1763,false,0
a103b7,CXK572  ,United States,1778033939,1778033939,-121.7402,39.1689,1516.38,false,52.18,350.35,0.65,,1516.38,4700,false,0
a489bc,N3916T  ,United States,1778033939,1778033939,-80.5323,27.9309,1325.88,false,48.7,328.83,-0.98,,1363.98,,false,0
a369e7,SKW4043 ,United States,1778033939,1778033939,-121.7266,41.952,11277.6,false,243.33,179.76,-0.33,,11521.44,,false,0
a8214d,BPX207  ,United States,1778033939,1778033939,-81.9515,28.2926,1493.52,false,61.05,73.86,0.0,,1531.62,6775,false,0
e80457,LAN065  ,Chile,1778033939,1778033939,-70.7947,-33.6007,2247.9,false,159.21,190.8,11.7,,2278.38,,false,0
e80459,LAN810  ,Chile,1778033939,1778033939,153.2381,-35.3106,8511.54,false,266.34,128.88,4.23,,8717.28,1401,true,0
88596d,TVJ571  ,Thailand,1778033939,1778033939,132.0271,33.8478,10972.8,false,182.72,203.39,-0.33,,11376.66,3645,false,0
e80463,LPE2471 ,Chile,1778033939,1778033939,-78.0477,-10.1205,10492.74,false,245.73,154.19,-18.53,,11231.88,,false,0
88596a,TVJ211  ,Thailand,1778033918,1778033927,100.7642,13.7039,99.06,false,73.24,194.23,-3.9,,60.96,,false,0
89664c,ETD72W  ,United Arab Emirates,1778033645,1778033654,31.7064,38.0044,10363.2,false,236.17,311.47,0.0,,10462.26,3454,false,0
885973,TVJ315  ,Thailand,1778033938,1778033938,100.3767,11.7402,10050.78,false,243.89,29.16,0.0,,10721.34,,false,0
e8045c,LPE2311 ,Chile,1778033938,1778033938,-78.2047,-9.7997,11277.6,false,226.18,154.25,-0.33,,12070.08,,false,0
780aa5,CPA139  ,China,1778033867,1778033868,118.1118,18.7456,11277.6,false,266.47,132.81,0.0,,12016.74,,false,0
407898,BAW74X  ,United Kingdom,1778033939,1778033939,1.8417,39.6371,11574.78,false,254.85,348.83,-0.33,,11704.32,5561,false,0
896623,UAE5GE  ,United Arab Emirates,1778032960,1778033935,55.3454,25.2674,8442.96,false,89.11,301.3,12.03,,243.84,6226,false,0
a4c6a8,N407AF  ,United States,1778033939,1778033939,-118.6585,34.2701,1051.56,false,64.95,93.63,-0.33,,1021.08,4621,false,0
780aa7,CRK129  ,China,1778033936,1778033939,114.3535,22.0004,2461.26,false,164.76,263.19,-2.93,,2613.66,,false,0
896625,UAE926  ,United Arab Emirates,1778033878,1778033939,50.8877,23.0811,11887.2,false,267.59,99.52,0.0,,12595.86,7334,false,0
780aa8,CPA096  ,China,1778033940,1778033940,-157.8973,60.4713,10668.0,false,263.12,87.53,0.33,,10370.82,,false,0
a0f6b9,SKW3850 ,United States,1778033939,1778033939,-84.1053,42.9734,7597.14,false,193.19,315.97,10.08,,7589.52,7430,false,0
e80474,TAM8187 ,Chile,1778033936,1778033936,-81.3198,28.4209,,true,5.14,185.62,,,,,false,0
e80470,TAM8180 ,Chile,1778033938,1778033938,-46.3788,-23.3566,1516.38,false,132.82,46.41,6.18,,1645.92,,false,0
e80472,TAM8148 ,Chile,1778033936,1778033936,-45.7979,-22.6722,6057.9,false,225.58,33.65,6.5,,6454.14,4157,false,0
781de8,CES2893 ,China,1778033939,1778033939,113.3292,22.5396,10401.3,false,222.17,211.56,0.0,,11049.0,,false,0
4bb06f,THY633  ,Turkey,1778033939,1778033939,16.9237,37.169,11277.6,false,238.11,50.08,0.33,,11559.54,,false,0
e8046e,TAM8164 ,Chile,1778033939,1778033939,-47.6212,-22.3284,9342.12,false,265.36,331.89,7.15,,9921.24,4161,false,0
780ab2,HKE822  ,China,1778033939,1778033939,120.8914,24.29,11879.58,false,238.66,44.13,-0.33,,12534.9,,false,0
e80480,LPE2387 ,Chile,1778033938,1778033939,-77.2582,-10.3561,7696.2,false,209.87,193.9,-8.13,,8275.32,,false,0
780ab9,CPA841  ,China,1778033937,1778033940,113.763,40.8779,12527.28,false,263.95,154.73,0.0,,12694.92,,false,0
780aaa,CPA383  ,China,1778033939,1778033939,41.749,41.6496,12192.0,false,246.34,245.58,0.0,,12252.96,5121,false,0
896642,FDB502  ,United Arab Emirates,1778033935,1778033935,90.403,23.8476,,true,0.0,146.25,,,,,false,0
780aab,CPA293  ,China,1778033939,1778033939,45.3509,41.4007,11582.4,false,246.13,278.66,0.0,,11689.08,5142,false,0
a45186,N378AC  ,United States,1778033939,1778033939,-122.1155,37.4616,30.48,false,30.87,323.13,4.23,,-7.62,,false,0
a9a419,FFT1455 ,United States,1778033939,1778033939,-97.3759,33.1581,3825.24,false,172.79,135.12,-3.58,,3924.3,2656,false,0
e80409,LNE1437 ,Chile,1778033938,1778033938,-78.2265,-5.8388,11879.58,false,225.07,177.25,0.0,,12672.06,,false,0
346390,EVE858  ,Spain,1778033939,1778033939,-82.301,12.0902,9829.8,false,260.31,49.89,6.5,,10507.98,,false,0
ad5817,SWA3212 ,United States,1778033939,1778033939,-86.7866,33.8751,10363.2,false,193.48,326.61,0.0,,10774.68,1013,false,0
a356f6,AAL832  ,United States,1778033939,1778033939,-73.6528,40.7755,624.84,false,59.99,210.96,0.0,,586.74,1165,true,0
e80411,LPE2079 ,Chile,1778033939,1778033939,-78.4062,-10.2225,9753.6,false,210.76,332.68,0.0,,10447.02,,false,0
780abb,CPA624  ,China,1778029666,1778033938,113.9272,22.3112,,true,0.0,295.31,,,,,false,0
a88de8,N650NB  ,United States,1778033938,1778033939,-101.3775,37.8393,12496.8,false,321.56,68.61,0.65,,12656.82,2043,false,0
ac382e,DAL424  ,United States,1778033939,1778033939,-85.4511,42.8263,10972.8,false,177.12,272.33,0.0,,10972.8,1607,false,0
e8040b,LPE2481 ,Chile,1778033719,1778033733,-77.7908,-10.6461,7147.56,false,227.55,154.13,-10.4,,7665.72,,false,0
a27f7f,FDX1216 ,United States,1778033939,1778033939,-117.6025,43.9041,10066.02,false,244.84,108.63,0.0,,10256.52,,false,0
e80422,LTG8503 ,Chile,1778033690,1778033690,-44.6994,-20.9631,11269.98,false,249.03,34.9,0.0,,11871.96,,false,0
89660d,FDB2HR  ,United Arab Emirates,1778033862,1778033938,55.3305,25.2758,800.1,false,103.89,302.67,9.75,,251.46,6235,false,0
018086,LWA101  ,Libyan Arab Jamahiriya,1778033939,1778033939,24.3783,34.6185,11582.4,false,203.22,270.73,0.0,,11795.76,,false,0
a57189,N45UD   ,United States,1778033939,1778033939,-85.3377,31.6169,1973.58,false,56.27,175.28,0.0,,2026.92,,false,0
ac250b,SWA2953 ,United States,1778033939,1778033939,-107.4783,37.2301,11277.6,false,269.24,74.37,0.0,,11407.14,6722,false,0
ad5837,AAL1041 ,United States,1778033939,1778033939,-90.9141,30.9344,11574.78,false,191.06,257.09,-0.33,,12169.14,0062,true,0
abaeb2,SWA4124 ,United States,1778033939,1778033939,-116.241,32.7555,4206.24,false,179.32,264.57,-2.93,,4244.34,6613,false,0
7c7885,JST951  ,Australia,1778033939,1778033940,151.0448,-33.2372,3360.42,false,181.6,171.36,-9.75,,3497.58,1102,false,0
e8041e,LPE2092 ,Chile,1778033939,1778033939,-76.8158,-8.5619,11201.4,false,225.71,193.85,5.85,,11986.26,,false,0
a9b70e,TDY1337 ,United States,1778033939,1778033939,-118.3645,47.7778,6118.86,false,119.37,270.99,-0.33,,6256.02,4605,false,0
780af2,CSN6357 ,China,1778033908,1778033908,116.5032,39.1189,9784.08,false,211.33,214.39,-0.33,,10058.4,,false,0
885964,TVJ415  ,Thailand,1778033939,1778033939,100.0255,15.2233,10972.8,false,226.13,341.98,0.0,,11704.32,,false,0
a14c70,EDV5518 ,United States,1778033939,1778033939,-83.1082,39.6427,11277.6,false,286.92,128.08,0.0,,11460.48,3623,false,0
780aeb,CSN486  ,China,1778033939,1778033939,-79.8405,44.1555,5676.9,false,213.89,346.93,13.33,,5615.94,4710,false,0
406591,BAW14K  ,United Kingdom,1778033939,1778033939,-72.1598,41.9044,10668.0,false,257.54,50.27,0.0,,10797.54,1177,false,0
a223ba,ENY4137 ,United States,1778033939,1778033939,-87.0902,33.6619,10668.0,false,282.31,86.97,-0.33,,11087.1,2371,false,0
a70151,VOI5611 ,United States,1778033939,1778033939,-100.2634,25.9818,2186.94,false,96.32,236.99,-3.9,,2247.9,,false,0
e80444,LAN804  ,Chile,1778033939,1778033939,145.0549,-37.6478,3276.6,false,185.52,171.87,4.55,,3345.18,1541,false,0
ac3857,FDX5184 ,United States,1778033931,1778033931,-82.2581,46.7271,10668.0,false,285.33,78.24,0.0,,10416.54,,false,0
a02c91,DAL2513 ,United States,1778033939,1778033939,-87.3836,42.3653,2255.52,false,145.22,196.25,-5.85,,2171.7,1126,false,0
485f83,KLM642  ,Kingdom of the Netherlands,1778033939,1778033939,-13.5659,54.8658,11879.58,false,261.51,99.74,0.0,,11795.76,,false,0
485f84,KLM604  ,Kingdom of the Netherlands,1778033939,1778033939,-95.7899,42.9493,10668.0,false,299.99,66.56,-0.33,,10553.7,,false,0
0d106c,XAAIK   ,Mexico,1778033937,1778033939,-100.1077,25.7727,,true,0.06,255.94,,,,,false,0
a76f67,UAL1389 ,United States,1778033937,1778033938,-104.6831,39.8587,,true,0.0,272.81,,,,,false,0
89659d,ABY823  ,United Arab Emirates,1778033939,1778033939,97.3051,15.5555,11277.6,false,242.98,117.49,0.0,,12009.12,1766,false,0
0d106d,AMX555  ,Mexico,1778033939,1778033939,-97.1644,19.0426,10972.8,false,231.99,253.78,0.0,,11704.32,,false,0
89659c,ETD49D  ,United Arab Emirates,1778033938,1778033938,34.8854,35.1101,10972.8,false,238.05,318.77,0.0,,11201.4,3450,false,0
a87c12,FFT240  ,United States,1778033939,1778033939,-66.1179,18.4338,548.64,false,90.54,90.33,-4.88,,579.12,,false,0
ab5f6a,SWA449  ,United States,1778033894,1778033932,-93.8432,39.6271,3810.0,false,171.24,245.13,0.0,,3771.9,4030,false,0
780c9d,CCA181  ,China,1778033923,1778033923,133.3913,35.7931,10058.4,false,257.22,110.61,0.0,,10386.06,,false,0
a463cf,TRP2    ,United States,1778033938,1778033939,-76.7826,39.046,320.04,false,61.35,197.07,-0.33,,266.7,,false,0
accf1c,EDV5428 ,United States,1778033939,1778033939,-77.1174,38.7433,1744.98,false,124.58,260.73,17.88,,1767.84,5317,false,0
ab5f87,SWA1268 ,United States,1778033939,1778033939,-73.3866,40.7065,6347.46,false,212.99,36.45,-10.73,,6477.0,2671,false,0
8a09d6,GIA607  ,Indonesia,1778033937,1778033938,106.4891,-6.174,647.7,false,94.25,83.42,0.0,,678.18,5043,false,0
346456,IBE0102 ,Spain,1778033939,1778033939,-5.2478,38.7954,11369.04,false,273.22,44.16,-7.48,,11475.72,6263,false,0
a1f0c0,N224KB  ,United States,1778033936,1778033936,-117.771,34.0545,426.72,false,29.62,197.18,0.65,,434.34,,false,0
a2bc5a,UAL1386 ,United States,1778033939,1778033939,-110.3276,36.3934,11277.6,false,261.93,77.98,0.0,,11376.66,1044,false,0
ab5f90,N8318Q  ,United States,1778033939,1778033939,-76.7707,40.185,441.96,false,43.81,260.54,0.65,,358.14,,false,0
ad56e0,JBU474  ,United States,1778033631,1778033669,-71.0156,42.3679,,true,0.0,132.19,,,,6153,true,0
aae3d4,N800WC  ,United States,1778033939,1778033939,-121.4818,36.2125,6096.0,false,205.15,328.22,0.0,,6225.54,,false,0
896596,ETD76T  ,United Arab Emirates,1778033939,1778033939,-5.6566,40.5588,10668.0,false,277.27,104.84,0.0,,10721.34,1154,false,0
a690a8,DAL474  ,United States,1778033939,1778033939,-83.3852,43.7478,11010.9,false,293.8,94.92,-4.55,,10988.04,6626,false,0
c06aa4,JZA7944 ,Canada,1778033939,1778033939,-73.5573,45.7585,5539.74,false,228.17,49.85,8.13,,5486.4,4503,false,0
740828,RJA262G ,Jordan,1778033813,1778033813,-61.2334,44.59,11269.98,false,255.65,62.3,-0.33,,11407.14,,false,0
8a09ad,AWQ806  ,Indonesia,1778033876,1778033876,108.8597,-6.6078,9951.72,false,237.57,103.52,1.95,,10652.76,,false,0
a1f0b4,RPA5676 ,United States,1778033939,1778033939,-70.7458,41.93,5974.08,false,176.97,180.17,9.75,,6088.38,,false,0
48af19,LOT500  ,Poland,1778033939,1778033939,-0.6611,61.1641,11887.2,false,250.55,116.99,0.0,,11574.78,,false,0
a846d1,SKW5445 ,United States,1778033937,1778033937,-104.6729,39.8606,,true,1.03,225.0,,,,,false,0
ac36ef,SWA3422 ,United States,1778033939,1778033939,-107.2626,38.8731,10972.8,false,216.55,252.3,0.0,,11041.38,3252,false,0
a4a0d9,DAL814  ,United States,1778033939,1778033939,-89.6622,43.5349,11277.6,false,280.25,105.87,0.0,,11209.02,2466,false,0
e48db0,GLO1696 ,Brazil,1778033790,1778033790,-41.9881,-17.93,11277.6,false,250.12,37.06,0.0,,11894.82,,false,0
345109,IBE0356 ,Spain,,1778033935,,,,false,8.75,118.12,,,,,false,0
acbc45,N92ER   ,United States,1778033939,1778033939,-120.4874,37.8586,8221.98,false,227.22,257.98,-12.03,,8382.0,,false,0
461f4d,FIN132  ,Finland,1778031588,1778033935,22.7629,52.8913,11513.82,false,227.76,198.03,0.0,,12230.1,2240,false,0
48af02,LOT730  ,Poland,1778033858,1778033861,42.5973,40.0546,8755.38,false,196.61,265.5,5.2,,8740.14,3141,false,0
a4c6af,AAL1967 ,United States,1778033939,1778033939,-74.0814,40.8838,944.88,false,104.38,148.5,-0.33,,914.4,3720,false,0
89655e,UAE318  ,United Arab Emirates,1778033927,1778033939,84.1772,22.9687,11887.2,false,274.35,93.98,0.33,,12504.42,6206,false,0
461f62,FIN1934 ,Finland,1778033939,1778033939,21.8275,50.7062,11582.4,false,228.21,11.31,0.0,,11658.6,5343,false,0
ad8c4c,AAL3079 ,United States,1778033729,1778033729,-87.8934,41.972,,true,5.4,90.0,,,,,false,0
89656d,ETD46X  ,United Arab Emirates,1778033671,1778033671,31.3524,38.2546,10972.8,false,237.04,310.95,-0.33,,11071.86,3410,false,0
a619f9,N49202  ,United States,1778033939,1778033939,-118.0052,33.8285,922.02,false,47.92,29.59,0.0,,883.92,,false,0
461f5b,FIN100  ,Finland,1778031060,1778033939,22.9932,52.6699,12496.8,false,247.98,9.07,0.33,,12176.76,5336,false,0
396668,FPO775  ,France,1778033939,1778033939,6.9381,42.4328,8831.58,false,206.73,121.67,-3.25,,8930.64,1000,false,0
896582,ABY527  ,United Arab Emirates,1778033939,1778033939,90.055,22.4689,8244.84,false,207.89,277.11,4.23,,8671.56,4731,false,0
ac10af,DAL478  ,United States,1778033749,1778033749,-99.8039,40.2534,10363.2,false,202.57,300.86,0.0,,10347.96,7232,false,0
896585,ADY043  ,United Arab Emirates,1778033939,1778033939,78.222,26.7978,10668.0,false,265.01,91.33,0.0,,11102.34,0505,false,0
a7bf22,DAL2122 ,United States,1778033935,1778033937,-107.5297,39.3621,10957.56,false,217.42,242.83,0.65,,11033.76,2105,false,0
7500c8,XAX505  ,Malaysia,1778033502,1778033699,117.6229,18.8677,12192.0,false,232.45,224.73,0.0,,12969.24,,false,0
7c7802,QFA442  ,Australia,1778033939,1778033939,144.6932,-37.4937,3329.94,false,183.04,53.23,5.2,,3390.9,3616,false,0
c0371f,WJA595  ,Canada,1778033939,1778033939,-107.2566,51.5141,12176.76,false,226.92,271.17,0.0,,12039.6,2233,false,0
7c7800,QFA1005 ,Australia,1778033939,1778033939,145.4975,-39.4285,10668.0,false,253.63,157.96,0.0,,10713.72,3633,false,0
7500c5,PUTRA03 ,Malaysia,1778033939,1778033939,102.2826,3.2771,4572.0,false,160.72,76.68,0.0,,4846.32,3345,false,0
781eb7,CES217  ,China,1778033898,1778033907,37.6658,61.1485,11582.4,false,223.59,255.61,0.0,,11376.66,,false,0
a76f48,UAL1495 ,United States,1778033939,1778033939,-92.3333,42.088,10363.2,false,187.77,270.31,0.0,,10332.72,3153,false,0
461f49,FIN74   ,Finland,1778033939,1778033939,24.9519,60.3168,,true,3.86,196.88,,,,,false,0
7c7806,QFA524  ,Australia,1778033936,1778033937,151.1774,-33.9305,,true,0.0,295.31,,,,,false,0
a15ea6,N188CR  ,United States,1778033939,1778033939,-116.6235,33.7378,9997.44,false,236.74,91.62,6.5,,10027.92,2077,false,0
461f59,FIN42   ,Finland,1778033794,1778033794,24.9585,60.3139,,true,1.29,329.06,,,,5351,false,0
461f54,FIN142  ,Finland,1778033939,1778033939,87.4523,19.6418,10972.8,false,240.93,291.42,0.0,,11597.64,6115,false,0
461f55,FIN88   ,Finland,1778031674,1778033935,22.6776,52.4442,12496.8,false,247.65,6.8,4.23,,12275.82,6035,false,0
780c0c,CBJ419  ,China,1778033911,1778033938,113.5558,22.9444,10386.06,false,226.97,209.76,0.0,,11033.76,,false,0
a22539,UAL2224 ,United States,1778033940,1778033940,-84.3337,33.4082,11887.2,false,251.12,58.23,0.0,,12344.4,7333,false,0
8964b2,UAE4    ,United Arab Emirates,1778033904,1778033921,53.022,22.8068,12496.8,false,258.83,91.25,0.0,,13152.12,1601,false,0
ae7798,DAWG11  ,United States,1778033937,1778033938,-81.4778,32.1466,754.38,false,93.68,128.76,0.33,,762.0,,false,0
a52ea4,DAL21   ,United States,1778033938,1778033938,-122.308,47.4333,,true,12.86,180.0,,,,1755,false,0
a26bb8,SKW3717 ,United States,1778033653,1778033653,-111.985,40.7923,,true,5.4,264.38,,,,,false,0
a2384b,JSX8010 ,United States,1778033939,1778033939,-89.8783,30.0852,2674.62,false,148.97,24.26,10.4,,2788.92,,false,0
ac249e,SWA4432 ,United States,1778033939,1778033939,-92.2298,37.0966,12192.0,false,180.99,217.26,-0.33,,12496.8,,false,0
a700f0,EJM51   ,United States,1778033934,1778033934,-77.4437,38.9511,,true,8.23,270.0,,,,,false,0
8964c3,ETD6HZ  ,United Arab Emirates,1778033938,1778033938,4.4842,37.9592,11277.6,false,271.57,107.3,-0.33,,11475.72,2202,false,0
8964c2,ETD7LG  ,United Arab Emirates,1778033692,1778033693,29.9052,31.2159,10972.8,false,226.83,305.49,0.0,,11269.98,1725,false,0
8964c0,ETD5FA  ,United Arab Emirates,1778033937,1778033937,49.5915,23.9207,11879.58,false,270.83,111.74,0.0,,12557.76,5201,false,0
adeddd,AAL2169 ,United States,1778033940,1778033940,-77.3858,37.4517,10668.0,false,227.18,39.86,0.0,,10927.08,3163,false,0
4b990d,FHY963  ,Turkey,1778033939,1778033939,22.4729,52.3243,10965.18,false,228.1,9.74,0.0,,11018.52,5342,false,0
750244,FFM3692 ,Malaysia,1778033939,1778033939,101.7303,3.0557,2758.44,false,148.94,30.28,11.7,,2880.36,2141,false,0
0d100a,VIV7371 ,Mexico,1778033939,1778033939,-116.4499,31.7214,4953.0,false,184.81,346.97,-13.98,,5013.96,,false,0
a23844,RPA5679 ,United States,1778033935,1778033935,-71.0236,42.3641,,true,0.0,151.88,,,,,false,0
75020e,MAS2613 ,Malaysia,1778033836,1778033836,111.9627,4.8806,11582.4,false,244.65,248.02,0.0,,12405.36,,false,0
0d1024,XAAMI   ,Mexico,1778033938,1778033938,-99.4847,19.7271,5547.36,false,160.59,271.84,-7.8,,5905.5,,false,0
781f73,CSN674  ,China,1778033939,1778033939,87.9154,55.1598,11887.2,false,264.99,122.8,0.0,,11803.38,,false,0
780c3e,CSN6321 ,China,1778033760,1778033764,113.383,23.2176,2141.22,false,101.81,194.04,-4.55,,2232.66,,false,0
a15ee6,FDX1648 ,United States,1778033929,1778033929,-117.6195,34.0597,,true,0.0,0.0,,,,,false,0
ae6479,CARD72  ,United States,1778033937,1778033938,128.1909,36.0016,533.4,false,57.48,135.0,-2.93,,601.98,,false,0
75021f,MAS717  ,Malaysia,1778033939,1778033939,101.6173,2.9012,1432.56,false,131.19,262.79,3.9,,1493.52,,false,0
4076e5,CRV1    ,United Kingdom,1778033939,1778033939,-119.7793,32.8623,11887.2,false,243.46,62.3,0.0,,12039.6,3733,false,0
750222,MAS2612 ,Malaysia,1778033939,1778033939,115.8105,5.6879,1927.86,false,135.24,80.14,-7.15,,2072.64,,false,0
a7ac8f,DAL883  ,United States,1778033939,1778033939,-105.979,39.7932,10980.42,false,215.9,252.39,-0.33,,11026.14,4131,false,0
4076e0,NPT8BF  ,United Kingdom,1778033939,1778033939,-1.4277,52.8291,396.24,false,71.02,88.34,-4.23,,457.2,0655,false,0
a4c849,SKW3451 ,United States,1778033939,1778033939,-122.2422,36.8383,7620.0,false,203.83,143.62,7.48,,7818.12,3222,false,0
8964a7,UAE5WR  ,United Arab Emirates,1778033939,1778033939,-86.7762,42.291,5844.54,false,248.32,86.91,7.48,,5798.82,6276,false,0
76cc68,SIA708  ,Singapore,1778033689,1778033712,103.0323,3.9444,9784.08,false,262.25,342.06,4.23,,10469.88,,false,0
a846fa,UPS15   ,United States,1778033938,1778033938,77.0556,28.574,411.48,false,85.6,104.62,-4.23,,350.52,3156,false,0
c035f8,WJA2609 ,Canada,1778033939,1778033939,-103.6826,42.5281,10972.8,false,206.17,303.81,0.0,,10866.12,,false,0
a2bbc6,UAL1376 ,United States,1778033939,1778033939,-86.9947,35.9648,11277.6,false,265.27,55.51,0.0,,11650.98,2737,false,0
a8cc46,UAL146  ,United States,1778033938,1778033938,-74.1815,40.6997,,true,1.54,8.44,,,,,false,0
a2cef7,N280LB  ,United States,1778033896,1778033896,-97.1461,32.7949,358.14,false,30.56,216.1,-7.48,,297.18,,false,0
c022bf,CFNEC   ,Canada,1778033939,1778033939,-79.3244,44.1312,1104.9,false,64.49,123.94,0.0,,1005.84,5535,false,0
76cc77,SIA607  ,Singapore,1778033936,1778033936,121.182,22.494,11574.78,false,236.54,219.26,0.33,,12283.44,,false,0
a7bf75,N599GJ  ,United States,1778033939,1778033939,-99.2396,37.5633,13030.2,false,173.56,256.46,1.95,,13228.32,6726,false,0
750210,MAS805  ,Malaysia,1778033939,1778033939,102.427,2.8111,5379.72,false,192.12,275.07,-10.73,,5722.62,,false,0
780c5b,CAO3032 ,China,1778033939,1778033939,9.0221,54.3648,11277.6,false,256.55,46.54,-0.33,,11193.78,2353,false,0
ac36a9,SWA1696 ,United States,1778033939,1778033939,-110.806,34.3449,8724.9,false,164.42,232.63,-12.35,,8831.58,,false,0
76cc6d,SIA637  ,Singapore,1778033939,1778033939,140.6488,35.3379,3451.86,false,148.72,155.47,9.1,,3619.5,3657,false,0
780c78,CSN8711 ,China,1778033938,1778033938,114.0119,22.6329,3208.02,false,149.62,348.5,12.68,,3345.18,,false,0
ab5f43,SWA1250 ,United States,1778033939,1778033939,-87.6221,41.5529,1249.68,false,116.8,313.75,-0.33,,1188.72,1011,false,0
e06443,ARG1485 ,Argentina,1778033939,1778033939,-58.8832,-34.3066,1524.0,false,157.74,99.95,0.0,,1600.2,,false,0
abaf1e,DAL2685 ,United States,1778033939,1778033939,-73.7747,40.6315,,true,4.89,300.94,,,,2770,false,0
ab4c0c,NDU827  ,United States,1778033939,1778033939,-111.7489,32.9696,640.08,false,46.72,159.37,-2.28,,586.74,,false,0
a2bba4,UAL2608 ,United States,1778033939,1778033939,-75.0551,39.2763,10706.1,false,222.48,207.1,4.88,,10888.98,5677,false,0
7c63c7,TZT     ,Australia,1778033939,1778033939,153.0025,-27.5718,-7.62,false,33.51,107.88,0.0,,60.96,1200,false,0
accf07,SWA1011 ,United States,1778033881,1778033881,-121.5953,38.6955,,true,0.9,98.44,,,,1774,false,0
a8df4b,DAL2500 ,United States,1778033939,1778033939,-75.5557,37.9245,11887.2,false,229.19,34.76,0.0,,12131.04,6037,false,0
a1aee9,N2074A  ,United States,1778033939,1778033939,-117.2425,33.5154,1181.1,false,49.09,95.41,0.33,,1165.86,,false,0
a0d236,N152GC  ,United States,1778033766,1778033766,-113.938,35.9188,1981.2,false,54.87,231.09,2.28,,1912.62,,false,0
ac7f41,AAL1158 ,United States,1778033901,1778033901,-97.0351,32.9023,,true,6.69,202.5,,,,0533,false,0
8a09f6,MMA359  ,Indonesia,1778033842,1778033859,98.549,14.9824,9753.6,false,230.65,314.28,-0.33,,10347.96,,false,0
a26bbd,N255TC  ,United States,1778033902,1778033902,-89.7955,31.7208,7322.82,false,189.06,193.05,-1.3,,7680.96,,false,0
a8deb4,DAL1263 ,United States,1778033939,1778033939,-77.6936,37.304,3063.24,false,166.22,56.36,-6.83,,3124.2,2534,false,0
a95519,N700FP  ,United States,1778033787,1778033787,-115.7862,45.9797,8534.4,false,185.12,204.29,-0.33,,8694.42,,false,0
4d0215,JFA18R  ,Luxembourg,1778033939,1778033939,24.9301,35.3493,12496.8,false,285.64,93.82,0.0,,12702.54,4116,false,0
c81cf0,MSY491  ,New Zealand,1778033907,1778033907,175.6338,-40.3006,228.6,false,53.8,96.04,-3.25,,365.76,,false,0
ac7ff6,N904VU  ,United States,1778033939,1778033939,-86.8042,36.142,335.28,false,10.85,148.57,-1.95,,274.32,,false,0
ac1327,SWA4078 ,United States,1778033939,1778033939,-112.9659,32.9174,11277.6,false,288.15,80.86,-0.33,,11452.86,6754,false,0
a33278,LXJ305  ,United States,1778033939,1778033939,-95.3781,29.7288,655.32,false,64.77,133.71,0.0,,609.6,4670,false,0
accfbb,KII1814 ,United States,1778033939,1778033939,-111.851,33.5276,1912.62,false,115.78,91.27,-5.53,,1927.86,3317,false,0
a63be5,N500WA  ,United States,1778033939,1778033939,-89.711,40.0424,12192.0,false,186.28,223.88,-0.33,,12344.4,6555,false,0
a88ec8,N650XA  ,United States,1778033877,1778033895,48.9474,26.2623,5486.4,false,192.32,249.0,0.0,,5775.96,7161,false,0
a8350b,N628MC  ,United States,1778033939,1778033939,-94.9965,32.6762,1889.76,false,116.14,227.33,0.65,,1912.62,,false,0
a5c222,"",United States,1778033729,1778033729,-112.2959,33.5279,,true,2.57,70.31,,,,,false,0
ab9024,EJA844  ,United States,1778033939,1778033939,-72.6068,42.7974,5113.02,false,201.19,85.75,-5.2,,5128.26,1435,false,0
846444,JAL313  ,Japan,1778033939,1778033939,133.5063,34.7199,12496.8,false,201.66,257.03,0.0,,12900.66,3472,false,0
a9b806,TIV725  ,United States,1778033648,1778033648,-118.384,33.9372,38.1,false,57.56,262.81,-2.93,,22.86,6501,false,0
a63bf4,SWA3537 ,United States,1778033939,1778033939,-111.2668,33.5181,8008.62,false,262.89,76.07,9.43,,8069.58,,false,0
507cba,MFX373  ,Uzbekistan,1778033939,1778033939,39.1172,40.4077,11574.78,false,220.96,250.55,0.0,,11605.26,2066,false,0
a7288f,AMF1067 ,United States,1778033931,1778033931,-112.0289,33.4342,,true,3.34,267.19,,,,5021,false,0
8a090b,SJV835  ,Indonesia,1778033702,1778033711,106.6252,-6.1499,129.54,false,68.88,68.99,-3.25,,259.08,4412,false,0
484cbb,KLM836  ,Kingdom of the Netherlands,1778033939,1778033939,42.5723,41.9267,9753.6,false,245.97,246.06,0.0,,9745.98,2250,false,0
84b40d,APJ487  ,Japan,1778033864,1778033864,127.828,26.2146,1181.1,false,138.95,203.34,-3.9,,1280.16,,false,0
ac267c,AAL676  ,United States,1778033939,1778033939,-81.6697,36.723,11582.4,false,185.55,335.42,0.0,,11917.68,2046,false,0
a2bbcc,UAL1995 ,United States,,1778033939,,,,false,4.12,118.12,,,,,false,0
ac0027,SWA951  ,United States,1778033939,1778033939,-86.551,33.6469,11887.2,false,290.61,117.52,0.0,,12374.88,1406,false,0
8a0915,PAS102  ,Indonesia,1778033936,1778033939,106.7403,-6.051,883.92,false,133.15,44.37,11.7,,876.3,2342,false,0
a87bb9,N646CB  ,United States,1778033939,1778033940,-117.129,33.2532,1211.58,false,60.86,107.21,-0.65,,1196.34,,false,0
a0e59f,N157QS  ,United States,1778033939,1778033939,-74.2264,40.8354,1859.28,false,130.73,286.22,0.0,,1859.28,1601,false,0
abf32f,SWA3064 ,United States,1778033939,1778033939,-112.7567,34.8575,8839.2,false,247.42,124.15,0.0,,8862.06,7342,false,0
abf351,SWA2694 ,United States,1778033940,1778033940,-116.0587,35.1083,7665.72,false,255.57,227.28,-19.83,,7726.68,4623,false,0
a117be,N17KJ   ,United States,1778033939,1778033939,-85.0156,40.1509,13716.0,false,212.34,266.53,0.0,,13830.3,3526,false,0
a02d40,N110LU  ,United States,1778033939,1778033939,-80.4181,26.5303,1127.76,false,60.52,117.87,-3.25,,1181.1,6764,false,0
76cd12,SIA178  ,Singapore,1778033939,1778033939,104.0247,3.6781,9654.54,false,244.47,1.69,5.53,,10325.1,,false,0
ac136d,SWA2691 ,United States,1778033748,1778033748,-121.5936,38.6965,,true,2.57,180.0,,,,3735,false,0
e48e92,GLO7758 ,Brazil,1778033752,1778033752,-43.4929,-23.2742,7459.98,false,206.32,252.74,10.4,,7863.84,,false,0
76cd16,SIA632  ,Singapore,1778033939,1778033939,118.7107,12.8031,12192.0,false,257.64,52.63,0.0,,12999.72,,false,0
7c78ac,QLK1504 ,Australia,1778033939,1778033939,148.2211,-39.2111,10965.18,false,215.66,12.68,0.0,,11064.24,,false,0
ab904e,TWY844  ,United States,1778033939,1778033940,-80.2125,26.5524,1158.24,false,123.35,205.18,-6.18,,1203.96,4252,false,0
7c78af,QLK1577 ,Australia,1778033930,1778033939,153.0895,-26.606,,true,0.06,284.06,,,,6073,false,0
750260,MAS70   ,Malaysia,1778033939,1778033939,102.7498,3.3337,6667.5,false,216.26,85.36,4.23,,7101.84,2115,false,0
7c78a9,QLK1573 ,Australia,1778033939,1778033939,144.9595,-37.6688,609.6,false,70.9,276.25,-3.25,,662.94,1223,false,0
8965f5,ETD80   ,United Arab Emirates,1778033889,1778033939,52.3501,22.8443,11887.2,false,270.94,98.41,0.65,,12580.62,3326,false,0
8965f4,ETD9SM  ,United Arab Emirates,1778033939,1778033939,-82.1235,34.9198,10050.78,false,271.63,54.71,-0.98,,10416.54,3114,false,0
44ccc5,BEL8VB  ,Belgium,1778033940,1778033940,7.1718,41.8058,11582.4,false,250.53,354.82,0.0,,11696.7,1000,false,0
abf375,SWA803  ,United States,1778033939,1778033939,-111.422,33.86,3977.64,false,142.33,215.59,-5.53,,4008.12,,false,0
7c78b1,QLK1292 ,Australia,1778033909,1778033909,144.849,-37.6664,,true,0.06,168.75,,,,,false,0
a57229,AAL1299 ,United States,1778033939,1778033939,-93.8008,40.6218,10363.2,false,174.54,258.96,0.0,,10401.3,1116,false,0
7c78b0,"",Australia,1778033812,1778033812,171.6939,-39.8224,11277.6,false,241.55,131.81,0.0,,11590.02,,false,0
44ccd0,BEL7WR  ,Belgium,1778033939,1778033939,-3.1566,41.2172,11582.4,false,255.25,24.91,0.0,,11620.5,6474,false,0
44ccd8,BEL26D  ,Belgium,1778033939,1778033939,-0.4583,45.8312,12192.0,false,246.86,22.29,0.0,,12077.7,1000,false,0
75025d,MAS89   ,Malaysia,1778033937,1778033939,138.8235,32.9458,10972.8,false,200.54,231.25,0.0,,11513.82,3215,false,0
44ccca,BEL2LC  ,Belgium,1778033939,1778033939,6.9292,41.5761,10972.8,false,249.62,358.23,0.0,,11094.72,1000,false,0
780d38,CBJ5387 ,China,1778033914,1778033914,114.5137,23.3749,9479.28,false,238.65,82.57,0.0,,10066.02,,false,0
a9ec7f,ENY3380 ,United States,1778033937,1778033939,-98.7689,39.1563,11582.4,false,220.55,339.66,-0.33,,11673.84,,false,0
7c5324,QFA29   ,Australia,1778033939,1778033939,142.4061,-35.1584,10363.2,false,221.63,322.54,0.0,,10523.22,1513,false,0
a37a02,FFT2047 ,United States,1778033939,1778033939,-97.8232,30.1453,2880.36,false,144.39,326.48,13.0,,2964.18,,false,0
7c531d,QFA59   ,Australia,1778033920,1778033920,147.6543,-30.4421,10363.2,false,218.9,327.28,0.0,,10698.48,1561,false,0
ac5a94,SWA1053 ,United States,1778033933,1778033933,-66.0335,18.4335,91.44,false,78.2,90.75,-4.55,,99.06,,false,0
a9a573,TIV720  ,United States,1778033939,1778033939,-77.2617,41.6935,10454.64,false,277.0,100.16,-6.83,,10530.84,1450,false,0
c2b567,TIGR607 ,Canada,1778033935,1778033937,-77.3431,44.0747,320.04,false,63.4,228.29,1.63,,251.46,0107,false,0
acbd8b,N92TS   ,United States,1778033939,1778033939,-82.1037,30.6477,2110.74,false,79.51,327.96,0.0,,2194.56,3731,false,0
780bb9,CAO1019 ,China,1778033940,1778033940,131.7886,34.7245,9448.8,false,306.15,58.61,0.0,,9776.46,6116,false,0
780bb7,CAO1039 ,China,1778033707,1778033707,102.6166,51.5228,9753.6,false,232.46,307.81,0.33,,9585.96,,false,0
ac390f,AAL2718 ,United States,1778033938,1778033939,-109.0552,36.6335,10363.2,false,215.07,251.74,0.0,,10447.02,1313,false,0
7c530a,QLK490D ,Australia,1778033939,1778033939,151.3701,-33.7266,3817.62,false,128.34,6.21,8.13,,3962.4,1511,false,0
7c5304,QLK438D ,Australia,1778033939,1778033939,149.7982,-34.6946,5791.2,false,178.98,44.53,-0.33,,5989.32,,false,0
7c5301,QLK38D  ,Australia,1778033939,1778033939,151.6628,-31.7962,6096.0,false,159.11,204.24,0.0,,6332.22,,false,0
a597c5,RFS717  ,United States,1778033668,1778033668,-122.2718,47.9096,190.5,false,32.94,178.21,-1.95,,182.88,,false,0
a51d1b,AAL567  ,United States,1778033939,1778033939,-90.507,40.4696,11285.22,false,298.35,74.19,0.33,,11414.76,0743,false,0
ab5faa,SWA4692 ,United States,1778033937,1778033937,-117.1906,32.7314,,true,0.0,196.88,,,,,false,0
7c5307,QLK223D ,Australia,1778033939,1778033940,149.9364,-34.6934,6705.6,false,171.63,259.46,0.0,,6918.96,4267,false,0
a4c7aa,N407LP  ,United States,1778033659,1778033660,-108.5655,39.0759,1600.2,false,54.48,10.89,-4.55,,1562.1,,false,0
a4c7ad,N407LS  ,United States,1778033814,1778033814,-79.9582,32.7877,152.4,false,41.3,50.56,-4.23,,182.88,,false,0
43bfef,LEADER 4,United Kingdom,1778033654,1778033654,-0.178,51.1539,,true,4.12,284.06,,,,,false,0
a50a08,N42361  ,United States,1778033923,1778033923,-96.3442,42.6395,1059.18,false,67.52,162.26,0.0,,1013.46,,false,0
43bff9,ROVER 2 ,United Kingdom,1778033919,1778033919,-0.1347,51.1574,,true,15.95,194.06,,,,,false,0
43bfdf,LEADER 6,United Kingdom,1778033900,1778033900,-0.1999,51.1468,,true,8.75,250.31,,,,,false,0
399c7b,13147R3B,France,1778033936,1778033936,-88.0717,30.6318,,true,0.0,180.0,,,,,false,0
abafb8,KSU52   ,United States,1778033939,1778033939,-94.9063,39.1388,1371.6,false,58.65,0.0,0.0,,1333.5,,false,0
a8def1,DAL793  ,United States,1778033939,1778033939,-87.8612,32.7355,10972.8,false,189.79,256.68,0.0,,11460.48,2040,false,0
a6f577,N54781  ,United States,1778033627,1778033642,-81.9753,26.9004,312.42,false,50.85,334.21,-2.6,,312.42,,false,0
a9687f,N705Q   ,United States,1778033939,1778033939,-83.5324,42.6737,701.04,false,56.11,87.9,-1.3,,624.84,,false,0
8a0987,TNU632  ,Indonesia,1778033939,1778033939,102.595,1.808,10683.24,false,231.52,137.16,0.33,,11422.38,5476,false,0
8a0982,OEY316  ,Indonesia,1778033923,1778033938,106.7124,-6.1154,701.04,false,113.57,70.42,6.18,,723.9,7113,false,0
accfa0,N92416  ,United States,1778033939,1778033939,-123.0974,46.3017,2308.86,false,65.68,354.16,-3.25,,2339.34,,false,0
a96890,EJA705  ,United States,1778033939,1778033939,-94.9566,34.6101,12184.38,false,183.47,220.79,0.33,,12618.72,1101,false,0
ac7fb7,N904TF  ,United States,1778033939,1778033939,-83.4749,38.0747,13106.4,false,214.26,261.58,0.33,,13342.62,5654,false,0
471a81,FRF4908 ,Hungary,1778033939,1778033939,4.7298,50.9522,1714.5,false,89.94,84.42,5.85,,1684.02,1000,false,0
a224f9,UAL1949 ,United States,1778033935,1778033935,-97.0314,32.894,,true,3.34,270.0,,,,,false,0
89671b,ETD6CK  ,United Arab Emirates,1778033926,1778033929,79.5366,13.4916,6416.04,false,186.42,120.88,-12.35,,6736.08,,false,0
7c668f,UJL     ,Australia,1778033939,1778033939,151.4427,-27.0393,3025.14,false,93.46,99.83,-0.33,,3208.02,,false,0
8a096f,SJV964  ,Indonesia,1778033934,1778033939,101.1962,0.1557,11582.4,false,235.73,304.42,0.0,,12382.5,,false,0
aaf960,AAL2518 ,United States,1778033939,1778033939,-82.0306,31.8853,10668.0,false,188.62,336.02,0.0,,11148.06,6012,false,0
872742,ANA847  ,Japan,1778033939,1778033939,139.781,35.5621,,true,6.69,247.5,,,,,false,0
84b451,APJ714  ,Japan,1778033659,1778033665,129.6473,37.2686,8839.2,false,235.75,121.44,0.0,,9105.9,4320,false,0
8a0974,SJV607  ,Indonesia,1778033938,1778033939,106.581,-6.1391,441.96,false,71.55,68.05,-3.25,,457.2,1602,false,0
34648a,BCS4EP  ,Spain,1778033939,1778033939,-2.6213,41.2299,7741.92,false,202.59,176.36,-7.15,,7772.4,1000,false,0
8a0970,SJV851  ,Indonesia,1778033846,1778033896,106.6097,-6.1562,586.74,false,68.3,67.88,-3.25,,175.26,2475,false,0
c2b535,CFC2559 ,Canada,1778033938,1778033939,-82.2416,46.2563,9448.8,false,207.06,116.88,0.33,,9212.58,,false,0
a8ded6,DAL1028 ,United States,1778033935,1778033935,-84.4307,33.6495,,true,16.98,264.38,,,,3650,false,0
8a095b,TNU5162 ,Indonesia,1778033936,1778033939,106.4559,-6.0952,1424.94,false,106.23,248.4,-3.25,,1508.76,4412,false,0
c81e5e,GIS1    ,New Zealand,1778033907,1778033909,177.6676,-38.5605,1851.66,false,124.77,112.55,-6.5,,1996.44,,false,0
a38d49,DAL436  ,United States,1778033939,1778033939,-89.0276,32.5949,11277.6,false,278.74,93.17,0.0,,11803.38,6223,false,0
a14d78,SKW3481 ,United States,1778033939,1778033939,-118.3666,34.2586,9997.44,false,238.22,149.5,-4.88,,10027.92,4651,false,0
a96877,JIA5240 ,United States,1778033939,1778033939,-77.4193,37.791,6454.14,false,211.98,18.83,-9.43,,6606.54,2264,false,0
346489,SWT3513 ,Spain,1778033939,1778033939,3.2797,41.6604,7673.34,false,222.48,63.2,8.45,,7734.3,,false,0
8a094e,SJV602  ,Indonesia,1778033780,1778033823,106.8543,-5.9678,1851.66,false,142.71,57.51,12.68,,1996.44,2425,false,0
a5c292,N470RA  ,United States,1778033939,1778033939,-114.9806,36.0354,792.48,false,66.24,136.89,0.98,,716.28,0441,false,0
872766,ANA969  ,Japan,1778033939,1778033939,132.9944,34.3229,12184.38,false,204.84,249.11,-0.33,,12611.1,3151,false,0
abf308,SWA933  ,United States,1778033939,1778033939,-72.1127,41.5147,7010.4,false,217.42,64.04,-0.33,,7124.7,2107,false,0
896713,ETD6A8  ,United Arab Emirates,1778033932,1778033936,35.2683,34.8452,10355.58,false,213.97,316.56,0.0,,10492.74,5601,false,0
a9fec4,ENY3787 ,United States,1778033939,1778033939,-87.2507,41.965,2171.7,false,137.87,270.43,-0.33,,2095.5,3616,false,0
e80329,SKX5411 ,Chile,1778033937,1778033937,-76.3563,-6.6223,1737.36,false,123.17,171.84,11.38,,1821.18,,false,0
c07ee8,WJA1093 ,Canada,1778033938,1778033939,-112.5353,41.7069,11887.2,false,199.09,0.15,0.0,,11955.78,6765,false,0
a9ed05,N739FP  ,United States,1778033671,1778033671,-123.3578,43.8574,1356.36,false,55.56,180.0,0.33,,1341.12,,false,0
a5c1a8,N470FS  ,United States,1778033939,1778033939,-80.964,26.1243,929.64,false,46.95,147.53,0.0,,952.5,,false,0
ab04e6,SKW4003 ,United States,1778033939,1778033939,-89.0331,44.6644,3977.64,false,197.44,105.41,-9.1,,3832.86,5557,false,0
ad57bb,SKW5861 ,United States,1778033938,1778033939,-104.3569,39.2665,3345.18,false,145.59,202.21,0.0,,3329.94,5156,false,0
345251,AEA138  ,Spain,1778033939,1778033939,-6.85,40.6294,12184.38,false,271.1,96.1,0.0,,12252.96,3725,false,0
407943,BAW21ML ,United Kingdom,1778033939,1778033939,-104.6958,39.9124,2019.3,false,100.5,6.76,3.25,,2011.68,3543,false,0
a4fd6f,UPS1085 ,United States,1778033939,1778033939,-74.9834,41.2616,7063.74,false,210.08,300.46,9.75,,7155.18,7545,false,0
aae4ce,N8004N  ,United States,1778033939,1778033939,-150.7532,61.3354,487.68,false,60.56,83.66,-1.3,,403.86,,false,0
c0121e,WJA651  ,Canada,1778033938,1778033939,-113.9904,51.1225,,true,21.09,0.0,,,,6311,false,0
863b10,MH691   ,Japan,1778033938,1778033938,139.7603,35.3869,53.34,false,25.23,16.59,0.33,,167.64,1200,false,0
c07efb,CGWCG   ,Canada,1778033938,1778033938,-123.3938,49.3677,1097.28,false,56.15,103.78,0.33,,1074.42,,false,0
e49fb2,AZU4061 ,Brazil,1778033921,1778033926,-48.3836,-24.6993,7223.76,false,176.86,230.43,-8.45,,7658.1,4114,false,0
aa1a16,AAL306  ,United States,1778033939,1778033939,-117.8762,34.0048,2400.3,false,130.5,263.44,-8.78,,2415.54,2212,false,0
ac11c6,EJA877  ,United States,1778033939,1778033939,-71.8243,42.29,1554.48,false,158.81,40.14,0.0,,1516.38,2672,false,0
abf1b5,EJA869  ,United States,1778033939,1778033939,-122.8008,46.2949,3192.78,false,186.69,354.15,5.2,,3246.12,,false,0
781fa8,CSN3493 ,China,1778033936,1778033936,113.1971,22.4976,6614.16,false,211.03,201.75,0.0,,7025.64,,false,0
aa94aa,ENY3571 ,United States,1778033939,1778033939,-93.6633,37.0054,8229.6,false,262.37,36.87,0.33,,8427.72,,false,0
a211ef,SWA1460 ,United States,1778033940,1778033940,-111.9719,33.6788,2773.68,false,126.73,161.05,0.33,,2788.92,5163,false,0
34654b,PVG2003 ,Spain,1778033939,1778033939,-4.1516,41.728,9540.24,false,223.13,183.3,-3.58,,9547.86,2233,false,0
c07eee,WJA139  ,Canada,1778033934,1778033934,-123.1787,49.2005,,true,9.26,278.44,,,,,false,0
a967bb,TWY416  ,United States,1778033939,1778033939,-106.5827,39.505,13776.96,false,240.22,254.98,3.25,,13845.54,0776,false,0
346555,IBE0118 ,Spain,1778033939,1778033939,-3.66,40.0727,2727.96,false,151.24,41.55,-8.45,,2788.92,4443,false,0
a451a7,N378BL  ,United States,1778033939,1778033939,-78.056,35.4215,1341.12,false,56.2,293.75,0.0,,1341.12,,false,0
a4ea01,N4157A  ,United States,1778033939,1778033939,-117.9135,33.6629,601.98,false,50.03,274.13,0.0,,571.5,,false,0
a15fd3,"",United States,1778033807,1778033807,-74.0661,40.8476,,true,0.06,227.81,,,,,false,0
89667e,UAE2LK  ,United Arab Emirates,1778032476,1778033845,51.1932,23.0334,11887.2,false,267.09,99.53,0.0,,12557.76,3337,false,0
ac5a4a,SWA2570 ,United States,1778033939,1778033939,-97.9883,29.8559,3810.0,false,147.52,249.16,-7.8,,3977.64,0352,false,0
ae77ed,PAT28   ,United States,1778033939,1778033939,-77.6853,38.7848,693.42,false,53.62,130.72,0.0,,655.32,0263,false,0
407992,BAW8DS  ,United Kingdom,1778033939,1778033939,-82.0473,44.3163,10668.0,false,296.68,67.04,0.0,,10599.42,7742,false,0
781fb6,CXA851  ,China,1778033788,1778033795,116.1355,21.4623,9044.94,false,238.39,217.02,5.53,,9631.68,,false,0
34520c,"",Spain,1778033939,1778033939,-11.9812,36.5676,11277.6,false,265.08,52.17,0.33,,11445.24,3343,false,0
adca15,AAL2539 ,United States,1778033939,1778033939,-73.4916,40.824,7620.0,false,232.8,48.14,0.33,,7764.78,5741,false,0
40797c,BAW298  ,United Kingdom,1778033939,1778033939,-70.7467,47.157,11269.98,false,298.4,63.26,0.33,,11193.78,3113,false,0
a584c4,AWI7325 ,United States,1778033939,1778033939,-99.7807,31.7312,5684.52,false,240.74,111.3,-7.8,,5897.88,0737,false,0
40796a,TOM2PY  ,United Kingdom,1778033780,1778033780,-2.2905,53.3662,,true,0.13,225.0,,,,2753,false,0
407979,BAW98T  ,United Kingdom,1778033939,1778033939,-78.749,43.7777,6156.96,false,240.67,64.15,9.1,,6134.1,0534,false,0
781fbe,CSC3837 ,China,1778033938,1778033939,-125.7207,38.1122,12496.8,false,239.36,109.72,0.0,,12740.64,,false,0
896668,ABY618  ,United Arab Emirates,1778033694,1778033744,55.295,23.2157,10462.26,false,246.85,15.22,-5.53,,11254.74,7350,false,0
780ca9,CSH9331 ,China,1778033723,1778033840,113.7226,22.7997,914.4,false,69.94,152.87,-3.25,,944.88,,false,0
a10614,AAL3037 ,United States,1778033939,1778033940,-83.6279,36.3896,10675.62,false,275.82,77.29,0.33,,11003.28,2254,false,0
a9a599,N720X   ,United States,1778033939,1778033939,-81.9561,27.8026,1508.76,false,80.91,141.45,-0.33,,1569.72,0311,false,0
89666d,FDB391  ,United Arab Emirates,1778033124,1778033890,55.3336,25.2758,3406.14,false,171.79,320.59,9.43,,76.2,6203,false,0
896679,UAE144  ,United Arab Emirates,1778033939,1778033939,50.8606,23.0853,12496.8,false,266.07,99.57,0.0,,13167.36,3346,false,0
7501f1,AXM5247 ,Malaysia,1778033939,1778033940,103.0471,2.7525,10005.06,false,221.48,240.04,-11.38,,10736.58,,false,0
896681,UAE35   ,United Arab Emirates,1778033713,1778033938,55.3459,25.2673,2392.68,false,92.82,301.4,11.38,,114.3,0544,false,0
a5d4af,SKQ34   ,United States,1778033939,1778033939,-80.9236,32.7914,2910.84,false,139.94,199.77,-5.2,,3009.9,6017,false,0
346516,LAV1042 ,Spain,1778033631,1778033631,-3.563,40.4589,,true,1.03,180.0,,,,,false,0
ae51b2,PAT01   ,United States,1778033939,1778033939,-77.7812,38.9102,693.42,false,43.95,163.69,0.0,,647.7,4301,false,0
c010ea,ACA158  ,Canada,1778033939,1778033939,-110.8296,50.9056,10050.78,false,230.32,93.2,4.23,,9997.44,,false,0
8832aa,TLM117  ,Thailand,1778033939,1778033939,101.1935,13.2371,7551.42,false,186.77,317.34,-6.83,,8046.72,,false,0
aa9600,UAL300  ,United States,1778033674,1778033674,-157.9183,21.3292,,true,1.03,36.56,,,,,false,0
15204f,SVR106  ,Russian Federation,1778033674,1778033675,81.7092,57.3949,10980.42,false,203.11,282.14,0.0,,10942.32,,false,0
8832b5,TLM758  ,Thailand,1778033919,1778033939,99.5897,10.592,10363.2,false,231.06,197.22,0.33,,11071.86,,false,0
15204b,SVR2956 ,Russian Federation,1778033600,1778033782,63.3907,53.1705,11582.4,false,221.65,335.16,0.0,,11628.12,,false,0
8832b0,TLM751  ,Thailand,1778033939,1778033939,99.5918,9.9188,10668.0,false,229.92,17.18,0.33,,11391.9,,false,0
7c77f4,QFA133  ,Australia,1778033939,1778033939,172.4742,-43.5388,304.8,false,79.57,40.28,-4.23,,381.0,,false,0
a9ed93,N739MF  ,United States,1778033939,1778033939,-122.2149,47.1798,731.52,false,51.26,38.48,0.0,,739.14,,false,0
c010f6,ACA123  ,Canada,1778033939,1778033939,-114.8648,49.9836,10363.2,false,234.37,267.11,0.0,,10454.64,,false,0
ad3275,N95BP   ,United States,1778033939,1778033939,-111.9994,33.447,1859.28,false,53.22,150.46,-0.33,,1836.42,,false,0
a99d89,AAL80   ,United States,1778033939,1778033939,-97.0291,32.9498,754.38,false,108.58,1.36,2.93,,693.42,,false,0
a03fff,AAL1399 ,United States,1778033939,1778033939,-115.1238,36.0764,,true,14.4,270.0,,,,,false,0
8832cb,TLM532  ,Thailand,1778033680,1778033680,99.7647,19.4658,3055.62,false,139.64,354.08,-3.58,,3261.36,,false,0
a46603,UAL313  ,United States,1778033870,1778033870,-79.6061,43.6797,,true,4.89,315.0,,,,4141,false,0
a3a978,N335MC  ,United States,1778033938,1778033939,-89.0888,42.5343,1249.68,false,46.71,343.36,-0.33,,1173.48,4362,false,0
8832d5,TLM703  ,Thailand,1778033939,1778033939,100.1457,11.8761,10972.8,false,235.43,8.17,0.0,,11696.7,,false,0
8832d6,TLM934  ,Thailand,1778033939,1778033939,100.5081,13.8906,1226.82,false,131.61,295.96,11.7,,1280.16,,false,0
a9a4e2,JIA5035 ,United States,1778033939,1778033939,-76.9135,37.014,9898.38,false,235.31,201.01,5.2,,10149.84,3671,false,0
8832d4,TLM394  ,Thailand,1778033734,1778033745,120.104,22.4726,10058.4,false,234.85,8.06,0.33,,10660.38,,false,0
76cd70,SIA308  ,Singapore,1778033808,1778033809,101.527,3.9251,9144.0,false,264.33,311.13,0.33,,9776.46,,false,0
750333,AXM832  ,Malaysia,1778033939,1778033939,101.5043,2.8904,2735.58,false,144.79,329.7,14.63,,2872.74,2161,false,0
8965b9,UAE9883 ,United Arab Emirates,1778033939,1778033939,85.5886,22.8609,9144.0,false,232.88,274.94,0.0,,9601.2,5026,false,0
76cd79,SIA322  ,Singapore,1778033940,1778033940,24.6638,45.202,12192.0,false,236.16,299.64,0.0,,,5374,false,0
a3dcc2,AAL2741 ,United States,1778033876,1778033879,-87.901,41.9726,,true,0.77,61.88,,,,,false,0
75033c,AXM402  ,Malaysia,1778033939,1778033939,101.8778,2.6447,2712.72,false,137.99,149.04,-4.55,,2865.12,6771,false,0
a22642,ASA307  ,United States,1778033939,1778033939,-111.405,42.9406,10972.8,false,235.42,244.78,0.0,,11003.28,1143,false,0
780d79,"",China,,1778033629,,,10393.68,false,207.89,358.72,0.0,,10736.58,,false,0
a5e949,ASA1107 ,United States,1778033939,1778033939,-156.752,20.2653,5356.86,false,203.28,311.92,6.83,,5654.04,2116,false,0
a39fb1,UAL1401 ,United States,1778033939,1778033939,-119.7869,37.6273,8534.4,false,234.05,278.47,0.0,,8709.66,,false,0
76cd7a,SIA830  ,Singapore,1778033556,1778033658,104.3321,3.127,8595.36,false,254.22,32.02,5.53,,9227.82,,false,0
a47991,XFL636  ,United States,1778033939,1778033939,-109.4324,37.6271,12192.0,false,220.95,231.9,0.0,,12298.68,1402,false,0
4b9856,FHY744  ,Turkey,1778033939,1778033939,21.9729,49.472,11277.6,false,222.92,188.09,0.0,,11376.66,4514,false,0
a2cffc,SWA1757 ,United States,1778033939,1778033940,-108.3822,39.012,12184.38,false,212.56,247.97,0.0,,12260.58,4744,false,0
a691ed,N522SA  ,United States,1778033926,1778033926,-157.9181,21.3204,0.0,false,27.57,53.34,-0.33,,22.86,,false,0
c023e4,CJT621  ,Canada,1778033923,1778033923,-79.9516,43.1803,312.42,false,65.74,107.3,-3.9,,243.84,3605,false,0
a3efa2,UAL1907 ,United States,1778033939,1778033939,-87.2049,37.5935,8313.42,false,236.02,156.9,-9.43,,8534.4,1322,false,0
7c77ff,QFA438  ,Australia,1778033939,1778033939,150.9796,-34.0341,2034.54,false,137.63,61.9,-4.55,,2133.6,7203,false,0
8a08de,SJV922  ,Indonesia,1778033892,1778033892,105.783,-4.8763,7315.2,false,220.27,330.32,0.0,,7825.74,1734,false,0
7c77fb,QFA172  ,Australia,1778033937,1778033937,174.8089,-41.3278,,true,0.0,0.0,,,,,false,0
c010e4,ACA1030 ,Canada,1778033939,1778033939,-96.7494,33.0037,3329.94,false,178.02,90.99,4.55,,3421.38,,false,0
a33339,EDV5250 ,United States,1778033939,1778033939,-73.4503,40.5451,1211.58,false,152.21,16.29,-6.83,,1188.72,5746,false,0
a0d346,N152T   ,United States,1778033939,1778033939,-121.8296,37.3716,365.76,false,73.19,155.06,-1.3,,335.28,0360,false,0
ac37bd,SWA2143 ,United States,1778033939,1778033939,-95.8522,41.2573,563.88,false,65.55,323.94,-3.58,,563.88,7204,false,0
a4795a,DAL2300 ,United States,1778033940,1778033940,-75.7954,38.9373,8313.42,false,238.51,36.23,-6.83,,8503.92,1360,false,0
8462ee,JAL2823 ,Japan,1778033939,1778033939,140.7296,41.4073,4876.8,false,134.6,191.91,0.0,,5013.96,3437,false,0
a19028,N20FA   ,United States,1778033939,1778033939,-112.9676,33.4682,13106.4,false,200.58,280.79,0.0,,13304.52,3172,false,0
89408e,GFA007  ,Bahrain,1778033886,1778033910,29.7814,31.8205,11574.78,false,234.49,327.63,-0.33,,11856.72,4470,false,0
ab3a0c,UAL373  ,United States,1778033940,1778033940,-105.6565,43.3201,11894.82,false,251.33,76.99,0.33,,11818.62,,false,0
89408f,GFA152  ,Bahrain,,1778033938,,,,false,253.76,116.62,0.0,,,,false,0
a6090b,N48823  ,United States,1778033939,1778033939,-117.045,33.0796,1303.02,false,39.45,309.71,2.6,,1272.54,,false,0
a86a61,EJA641  ,United States,1778033739,1778033742,-115.1695,36.0815,,true,5.4,253.12,,,,4410,false,0
a2000d,EDV4946 ,United States,1778033939,1778033939,-75.338,40.8822,10363.2,false,213.66,252.92,0.0,,10530.84,2712,false,0
152047,SVR2910 ,Russian Federation,1778033119,1778033936,49.9417,53.1124,10972.8,false,29.91,356.05,0.0,,10012.68,,false,0
a4794e,DAL1922 ,United States,1778033939,1778033939,-114.9597,47.2459,10363.2,false,224.0,280.59,0.0,,10485.12,,false,0
a33327,AAL1221 ,United States,1778033939,1778033939,-88.444,41.5118,3345.18,false,192.34,41.96,-4.23,,3261.36,2373,false,0
a3e911,FFT2273 ,United States,1778033939,1778033939,-107.5276,32.2681,10972.8,false,185.72,270.48,-0.33,,11315.7,6277,false,0
a66a84,SKW4962 ,United States,1778033939,1778033939,-110.2592,32.5964,10668.0,false,275.55,101.96,0.0,,10896.6,5625,false,0
89906b,UIA511  ,Taiwan,1778033939,1778033939,121.5658,24.7811,4084.32,false,161.89,218.29,10.08,,4290.06,,false,0
a9f7dd,N741SM  ,United States,1778033939,1778033939,-115.187,36.2132,723.9,false,12.53,199.18,-1.3,,662.94,0404,false,0
aceb61,SWA3753 ,United States,1778033939,1778033939,-105.1152,34.669,11277.6,false,293.82,80.93,0.0,,11551.92,,false,0
899087,EVA237  ,Taiwan,1778033939,1778033939,121.4091,22.498,10363.2,false,257.74,202.16,0.0,,11010.9,2657,false,0
040187,ETH736  ,Ethiopia,1778033915,1778033917,19.7307,38.7184,11582.4,false,228.1,315.64,-0.33,,11841.48,5530,false,0
899082,EVA653  ,Taiwan,1778033939,1778033939,-141.8855,62.2418,10363.2,false,238.27,268.52,0.33,,10111.74,,false,0
a7a4e6,ASA278  ,United States,1778033939,1778033939,-120.3797,36.2722,11277.6,false,244.4,192.4,0.0,,11430.0,3506,false,0
c80604,ZKMDX   ,New Zealand,1778033938,1778033939,174.6211,-36.6604,182.88,false,34.99,138.58,-3.25,,327.66,,false,0
ade8fa,AAL1422 ,United States,1778033939,1778033939,-82.3599,33.6321,9700.26,false,268.06,105.13,-4.88,,10104.12,4547,false,0
89907e,EVA215  ,Taiwan,1778033938,1778033938,120.9077,25.1016,4617.72,false,188.44,224.56,11.05,,4846.32,6264,false,0
ac52ff,SWA2648 ,United States,1778033938,1778033939,-93.5701,34.3257,11277.6,false,300.96,101.14,0.0,,11704.32,2416,false,0
aa5b92,AAL724  ,United States,1778033939,1778033939,-77.8722,36.3608,11277.6,false,254.14,53.48,0.0,,11597.64,7116,false,0
040197,ETH552  ,Ethiopia,1778033939,1778033939,13.3448,41.3784,7239.0,false,193.18,314.24,-7.15,,7437.12,2023,false,0
899096,EVA026  ,Taiwan,1778033905,1778033906,-122.3179,47.4657,137.16,false,79.23,180.37,-4.23,,129.54,,false,0
899097,EVA062  ,Taiwan,1778033842,1778033848,103.0784,14.4954,10126.98,false,257.11,69.14,4.88,,10812.78,,false,0
89904e,EVA166  ,Taiwan,1778033940,1778033940,141.3944,42.0284,4648.2,false,195.0,44.14,-5.53,,4800.6,2617,false,0
89904f,EVA154  ,Taiwan,1778033904,1778033907,122.9281,27.206,10668.0,false,236.05,36.05,0.0,,11170.92,2612,false,0
a1a924,RPA5702 ,United States,1778033939,1778033939,-73.0728,40.7255,2407.92,false,132.26,256.5,-6.5,,2438.4,,false,0
c0405a,ROU1958 ,Canada,1778033939,1778033939,-75.0405,45.2054,8229.6,false,282.33,69.19,0.0,,8229.6,0565,false,0
e4a012,TAM8122 ,Brazil,1778033939,1778033939,-55.328,-20.7217,10972.8,false,220.87,291.31,0.0,,11689.08,,false,0
a0395f,FFL1423 ,United States,1778033939,1778033939,-86.987,36.0397,13716.0,false,242.93,68.38,0.0,,14036.04,1062,false,0
a2790a,RFS705  ,United States,1778033939,1778033939,-122.7156,48.2955,899.16,false,52.95,32.3,0.0,,891.54,,false,0
c05387,CGFJA   ,Canada,1778033922,1778033938,-114.0265,51.132,,true,0.0,357.19,,,,,false,0
89905b,TTW236  ,Taiwan,1778033832,1778033832,140.8555,41.7622,114.3,false,63.62,287.41,-2.6,,868.68,,false,0
89905c,TTW280  ,Taiwan,1778033749,1778033749,133.1856,32.4576,11285.22,false,286.67,63.8,0.0,,11788.14,,false,0
a491f1,DAL815  ,United States,1778033939,1778033939,-107.0011,42.4479,11277.6,false,262.39,119.48,0.33,,11224.26,,false,0
a7da55,N605FF  ,United States,1778033935,1778033937,-117.4477,33.949,,true,0.06,143.44,,,,4741,false,0
a1460a,SKW3252 ,United States,1778033929,1778033929,-122.3062,47.4631,,true,8.75,0.0,,,,,false,0
899077,EVA281  ,Taiwan,1778033939,1778033939,121.7108,14.4799,11277.6,false,240.56,150.26,0.0,,12077.7,2672,false,0
aceb76,EDV4648 ,United States,1778033939,1778033939,-82.7913,36.213,10668.0,false,254.79,60.48,0.33,,11010.9,2130,false,0
c0404e,WJA659  ,Canada,1778033936,1778033937,-79.6186,43.6845,,true,0.0,284.06,,,,6314,false,0
a0cfb6,UPS945  ,United States,1778033939,1778033939,-122.2151,37.702,,true,4.37,312.19,,,,,false,0
a38641,SKW4071 ,United States,1778033939,1778033939,-104.1046,37.2333,11277.6,false,219.19,160.25,-0.65,,11414.76,3535,false,0
4bcd86,SXS3JC  ,Turkey,1778033939,1778033939,24.4257,43.1241,11582.4,false,210.66,298.76,-0.33,,11727.18,5310,false,0
4bcd85,SXS2NB  ,Turkey,1778033939,1778033939,25.9477,39.2897,9547.86,false,251.6,144.07,-10.73,,9738.36,7734,false,0
4bcd82,SXS1PJ  ,Turkey,1778033939,1778033940,15.8454,46.2382,11277.6,false,237.58,131.66,0.33,,11422.38,7716,false,0
89902a,TTW231  ,Taiwan,1778033939,1778033939,121.7629,25.1116,4297.68,false,127.07,270.46,-1.95,,4533.9,,false,0
a31cc9,N3YC    ,United States,1778033648,1778033648,-120.632,35.232,175.26,false,14.3,322.31,-1.3,,167.64,,false,0
a67d66,N517WB  ,United States,1778033939,1778033939,-106.03,34.3773,14317.98,false,223.92,271.97,0.33,,14592.3,1540,false,0
a32ff6,AAL2111 ,United States,1778033939,1778033939,-79.1023,29.2082,10972.8,false,268.36,189.16,0.0,,11490.96,2771,false,0
a2796f,FDX1268 ,United States,1778033939,1778033939,-121.0584,38.0936,7604.76,false,228.89,82.38,8.78,,7780.02,3217,false,0
c07982,CJT1919 ,Canada,1778033939,1778033939,-84.7954,39.2316,1348.74,false,111.12,0.53,-4.23,,1280.16,3262,false,0
a3861f,AAL589  ,United States,1778033939,1778033939,-79.56,34.0151,11887.2,false,225.18,32.78,0.0,,12291.06,2605,false,0
a1efe7,ASA290  ,United States,1778033939,1778033939,-117.409,46.1765,10972.8,false,237.02,253.61,0.0,,11155.68,1657,false,0
706212,JZR404  ,Kuwait,1778033847,1778033847,49.4881,22.4302,10363.2,false,229.37,291.44,0.0,,10980.42,3546,false,0
a1334b,"",United States,1778033930,1778033930,-120.9644,44.2479,1447.8,false,50.29,120.76,-2.6,,1463.04,,false,0
899059,TTW288  ,Taiwan,1778033939,1778033939,120.3722,22.5761,335.28,false,87.71,94.37,15.93,,365.76,,false,0
c0797b,ACA1071 ,Canada,1778033939,1778033939,-92.5224,37.0151,11582.4,false,178.19,221.61,0.0,,11887.2,6531,false,0
aa12bb,N74808  ,United States,1778033771,1778033810,-157.1708,20.9945,533.4,false,52.0,297.07,0.0,,563.88,1751,false,0
c8195b,ANZ730L ,New Zealand,1778033940,1778033940,174.8075,-41.3268,,true,4.63,92.81,,,,,false,0
a91a0e,N686FR  ,United States,1778033933,1778033933,-82.6599,34.9457,2316.48,false,83.25,232.28,-1.3,,2324.1,,false,0
040154,ETH404  ,Ethiopia,1778033934,1778033939,36.1262,30.7487,8953.5,false,238.92,339.85,-2.28,,9243.06,5520,false,0
ab4732,AAL293  ,United States,1778033939,1778033939,1.5722,53.2622,10972.8,false,239.69,284.54,-0.33,,10888.98,6604,false,0
89900e,EVA087  ,Taiwan,1778033922,1778033939,42.887,42.0291,10363.2,false,243.65,247.01,0.0,,10355.58,2601,false,0
89900d,EVA271  ,Taiwan,1778033939,1778033939,121.9309,24.0544,9921.24,false,260.07,196.79,4.23,,10477.5,6252,false,0
a18cbb,UAMX951H,United States,1778033807,1778033807,-104.6704,39.871,,true,7.46,84.38,,,,,false,0
ab4737,CXK1092 ,United States,1778033908,1778033908,-92.4871,43.9056,,true,6.69,132.19,,,,5705,false,0
c0534e,FLE2855 ,Canada,1778033939,1778033939,-116.1811,40.3092,11582.4,false,210.89,317.87,0.0,,11742.42,2457,true,0
040127,ETH724  ,Ethiopia,1778033939,1778033940,25.6133,38.208,12496.8,false,222.94,333.26,0.0,,12656.82,6455,false,0
78151c,JYH1023 ,China,1778033909,1778033911,112.9854,22.2774,7193.28,false,201.53,225.41,0.0,,7635.24,,false,0
a66a4c,EJA512  ,United States,1778033863,1778033863,-94.5676,30.2101,1874.52,false,136.72,274.32,-2.93,,1882.14,,false,0
040123,ETH712  ,Ethiopia,1778033939,1778033939,20.6815,37.3649,12192.0,false,224.51,311.47,0.0,,12428.22,6625,false,0
89901f,CAL032  ,Taiwan,1778033924,1778033937,-123.1827,49.1993,,true,0.06,191.25,,,,,false,0
89901a,CAL771  ,Taiwan,1778033900,1778033901,120.7095,20.4078,10363.2,false,258.52,184.45,0.0,,11033.76,2652,false,0
04012b,ETH706  ,Ethiopia,1778033935,1778033939,19.6034,39.6905,12192.0,false,228.3,320.21,0.0,,12382.5,2020,false,0
780205,CPA548  ,China,1778033936,1778033936,122.1585,25.2605,10668.0,false,247.87,49.8,0.0,,11216.64,,false,0
a02681,DAL2639 ,United States,1778033939,1778033939,-71.679,41.6492,5905.5,false,206.77,67.01,-8.78,,6012.18,,false,0
04012a,ETH728  ,Ethiopia,1778033939,1778033939,20.3245,38.2469,12192.0,false,226.31,316.11,0.0,,12374.88,7730,false,0
899039,EVA095  ,Taiwan,1778033927,1778033938,38.9706,41.0717,10363.2,false,245.73,277.1,0.0,,10332.72,2320,false,0
c1e947,BLUE348 ,Canada,1778033936,1778033936,-79.6192,43.6795,,true,3.86,331.88,,,,,false,0
899032,EVA391  ,Taiwan,1778033932,1778033932,120.0668,23.1464,10972.8,false,259.11,190.64,0.0,,11628.12,2636,false,0
a0001a,CXF1    ,United States,1778033939,1778033939,-99.7097,37.656,13716.0,false,196.26,255.89,0.33,,13876.02,1634,false,0
a5031a,AAL2296 ,United States,1778033939,1778033939,-89.4221,36.4184,10363.2,false,181.92,263.02,0.0,,10690.86,7143,false,0
c1e90a,TR452   ,Canada,1778033636,1778033636,-79.6169,43.6809,,true,3.09,45.0,,,,,false,0
acfe09,EDV4925 ,United States,1778033939,1778033939,-77.6443,41.81,9448.8,false,258.54,109.41,-0.33,,9540.24,3611,false,0
aaab08,FDX1374 ,United States,1778033937,1778033937,-86.1981,36.4027,2461.26,false,119.26,287.58,-6.83,,2476.5,0702,false,0
a38682,AAL2992 ,United States,1778033925,1778033935,-82.3493,34.9845,1508.76,false,134.45,69.62,0.0,,1531.62,6274,false,0
a8d90e,N66970  ,United States,1778033940,1778033940,-122.1147,37.6434,160.02,false,46.52,119.12,-0.65,,144.78,,false,0
a2fcf2,ASA388  ,United States,1778033796,1778033798,-103.1328,43.5046,10668.0,false,255.54,113.37,0.33,,10507.98,,false,0
406f7b,BAW16   ,United Kingdom,1778033939,1778033939,20.4681,46.5518,12192.0,false,233.77,295.83,0.0,,12313.92,3246,false,0
7813b5,"",China,,1778033897,,,,false,235.73,225.35,-0.33,,,,false,0
a6dfbf,JIA5357 ,United States,1778033939,1778033939,-84.7065,35.0997,10363.2,false,199.62,235.82,0.0,,10736.58,1604,false,0
a6495f,LXJ504  ,United States,1778033939,1778033939,-119.7153,35.6468,13716.0,false,244.35,130.9,-0.33,,13876.02,1754,false,0
a13386,DAL363  ,United States,1778033939,1778033939,-89.3637,40.3712,11887.2,false,298.95,84.07,0.0,,12016.74,3505,false,0
a2536f,SWA1080 ,United States,1778033939,1778033939,-122.2639,44.4363,12199.62,false,207.8,350.16,0.0,,12458.7,3276,false,0
aa141e,ENY3693 ,United States,1778033938,1778033938,-94.2942,36.254,533.4,false,69.97,340.23,-3.9,,487.68,,false,0
a00084,N1FE    ,United States,1778033938,1778033938,-90.2737,35.3351,1874.52,false,158.57,106.2,-5.2,,1866.9,0772,false,0
a3999e,ATN3371 ,United States,1778033939,1778033939,-85.1204,34.868,10363.2,false,207.33,235.72,0.0,,10706.1,0301,false,0
406f73,BAW70Q  ,United Kingdom,1778033939,1778033939,-78.6383,41.9537,8313.42,false,271.71,55.26,5.2,,8412.48,4416,false,0
a5bfe9,N47MW   ,United States,1778033910,1778033910,-77.0459,38.8457,,true,2.06,53.44,,,,,false,0
406f79,BAW5    ,United Kingdom,1778033939,1778033939,135.7595,35.0392,11269.98,false,277.16,110.99,0.0,,11696.7,3246,false,0
a6dfaa,DAL806  ,United States,1778033938,1778033938,-110.8636,37.9937,9144.0,false,252.6,245.84,0.0,,9235.44,3242,false,0
a5033b,N422BW  ,United States,1778033939,1778033939,-111.6714,33.1635,1150.62,false,87.49,88.32,0.33,,1074.42,,false,0
c07971,ACA1143 ,Canada,1778033912,1778033937,-79.6167,43.6785,213.36,true,0.0,5.62,,,,6540,false,0
aa6db4,EAL3578 ,United States,1778033939,1778033939,-70.511,42.5861,4015.74,false,179.35,3.45,-20.81,,4091.94,2004,false,0
a1dcf2,SWA3325 ,United States,1778033939,1778033939,-100.1336,32.8994,12496.8,false,233.45,151.29,0.0,,12954.0,0465,false,0
a37335,DAL1077 ,United States,1778033939,1778033939,-116.9204,34.3277,11269.98,false,244.56,111.6,-0.33,,11369.04,3315,false,0
c07966,ACA764  ,Canada,1778033939,1778033939,-75.4857,42.9813,7620.0,false,247.83,100.28,-0.33,,7696.2,2227,false,0
a32fed,JLG304  ,United States,1778033939,1778033939,-95.6663,32.692,13106.4,false,157.15,224.47,0.0,,13548.36,6671,false,0
a3b02e,DAL860  ,United States,1778033939,1778033939,-96.3056,33.3795,6286.5,false,177.7,241.65,-10.08,,6515.1,2725,false,0
a4095f,UAL820  ,United States,1778033938,1778033939,100.8821,13.9598,1181.1,false,112.84,261.61,-12.68,,1211.58,,false,0
7c4d34,PJA     ,Australia,1778033939,1778033939,149.0121,-34.9784,1615.44,false,59.29,164.4,0.0,,1676.4,,false,0
ab8e6c,SKW5658 ,United States,1778033939,1778033939,-91.7891,40.6921,10363.2,false,170.44,246.14,0.0,,10447.02,1547,false,0
7813f9,CSN654  ,China,1778033938,1778033938,86.6532,55.58,11277.6,false,276.53,121.77,-0.33,,11277.6,,false,0
acb5ba,N918PT  ,United States,1778033939,1778033939,-109.3598,35.6871,13716.0,false,254.8,83.39,0.0,,13914.12,3272,false,0
a4f601,EPI544  ,United States,1778033939,1778033939,-81.3192,29.3564,1051.56,false,54.53,180.54,-0.33,,1082.04,,false,0
ad0b0b,N94CK   ,United States,1778033939,1778033939,-84.2677,33.9522,2286.0,false,123.02,268.08,7.48,,2339.34,,false,0
c07915,WEN3328 ,Canada,1778033864,1778033864,-123.1854,49.1993,,true,0.64,191.25,,,,,false,0
a861ef,N6393C  ,United States,1778033939,1778033939,-118.4372,34.2819,518.16,false,35.82,144.94,-0.98,,480.06,0220,false,0
ab7b63,SKW3796 ,United States,1778033940,1778033940,-87.0009,38.9915,8221.98,false,233.86,29.67,1.63,,8366.76,1670,false,0
a0be05,EDV5397 ,United States,1778033939,1778033939,-74.7505,41.3332,7307.58,false,219.02,309.19,3.25,,7437.12,6101,false,0
7c3a63,LTH     ,Australia,1778033939,1778033939,153.2263,-28.6042,2407.92,false,92.91,210.26,0.0,,2552.7,,false,0
ac65dc,SWA2552 ,United States,1778033939,1778033939,-114.3344,35.8394,4427.22,false,152.53,303.58,-8.13,,4465.32,,false,0
a3e95d,RFS710  ,United States,1778033924,1778033924,-122.272,48.093,594.36,false,50.43,288.43,0.0,,586.74,,false,0
ad0b2f,N94DW   ,United States,1778033857,1778033857,-116.8041,47.9858,1021.08,false,47.33,270.0,-2.28,,975.36,,false,0
ac9b59,N911KX  ,United States,1778033939,1778033939,-93.2146,41.3013,769.62,false,59.82,266.05,2.28,,739.14,,false,0
a2b691,ENY4115 ,United States,1778033939,1778033939,-84.523,38.9999,1973.58,false,156.28,348.8,-6.83,,1920.24,2125,false,0
89909d,EVA184  ,Taiwan,1778033939,1778033939,136.7329,33.4343,11887.2,false,303.17,69.23,0.0,,12382.5,2654,false,0
ac9b67,N911LL  ,United States,1778033717,1778033718,-102.6547,32.7209,1082.04,false,2.91,225.0,-0.65,,1028.7,,false,0
a06e11,DAL2256 ,United States,1778033936,1778033936,-114.3332,45.1624,11879.58,false,251.95,117.35,0.33,,11978.64,,false,0
a76935,TCN577  ,United States,1778033888,1778033888,-74.063,40.8513,,true,7.2,331.88,,,,3750,false,0
ac52e2,SWA785  ,United States,1778033939,1778033939,-102.5265,36.865,10980.42,false,176.34,260.43,0.33,,11193.78,1611,false,0
a9e64c,N737NV  ,United States,1778033939,1778033939,-80.4916,27.7646,1363.98,false,42.62,336.53,0.65,,1402.08,,false,0
add665,N991AL  ,United States,1778033939,1778033939,-117.7468,34.1196,1386.84,false,44.4,243.14,0.98,,1356.36,,false,0
ad734a,JBU1323 ,United States,1778033929,1778033934,-71.0149,42.3674,,true,0.0,331.88,,,,,false,0
c051e8,PBR625  ,Canada,1778033938,1778033938,-122.9985,49.0447,243.84,false,72.04,294.92,0.0,,220.98,,false,0
c051e4,ACA808  ,Canada,1778033939,1778033939,-73.7639,46.0146,10058.4,false,287.23,54.4,0.0,,10020.3,0506,false,0
c051e6,ACA812  ,Canada,1778033940,1778033940,-72.3774,45.3114,7757.16,false,252.87,85.45,3.25,,7780.02,6241,false,0
ac668d,SWA46   ,United States,1778033939,1778033939,-108.2129,38.9798,11582.4,false,216.04,293.88,0.0,,11666.22,2331,false,0
a528a5,UPS1233 ,United States,1778033756,1778033756,-75.188,39.8822,213.36,false,61.14,255.38,-1.95,,220.98,0572,false,0
a06e71,RPA4634 ,United States,1778033939,1778033939,-77.5831,42.926,6195.06,false,220.59,79.79,-9.75,,6225.54,6524,false,0
3425ce,"",Spain,,1778033939,,,,false,64.31,359.54,9.75,,,,false,0
ac536c,SWA2107 ,United States,1778033939,1778033939,-106.8107,35.4293,8534.4,false,191.08,267.22,0.33,,8671.56,,false,0
ac404f,N889LS  ,United States,1778033939,1778033939,-110.6198,35.2959,11582.4,false,211.69,279.37,0.0,,11727.18,2272,false,0
a5f06e,N482EC  ,United States,1778033939,1778033939,-105.8996,35.5192,12504.42,false,280.9,76.98,0.0,,12725.4,7210,false,0
add66d,AAL799  ,United States,1778033939,1778033939,-89.4914,37.6535,11148.06,false,282.93,69.46,-5.2,,11437.62,,false,0
a158c9,AAL1036 ,United States,1778033785,1778033785,-97.0462,32.8833,,true,7.72,180.0,,,,,false,0
50840a,UTN9123 ,Ukraine,1778033938,1778033939,21.1824,48.6246,10058.4,false,231.26,144.51,0.0,,10187.94,2243,false,0
aa1368,UAL1722 ,United States,1778033842,1778033876,-125.4777,36.1759,9921.24,false,226.11,348.05,-8.13,,10172.7,,false,0
508429,SEU7112 ,Ukraine,1778033907,1778033938,22.5338,53.1006,11582.4,false,228.21,14.22,0.0,,11605.26,6014,false,0
ac538f,SWA1734 ,United States,1778033939,1778033939,-102.7297,33.313,11887.2,false,273.39,113.86,-0.33,,12298.68,7712,false,0
a385c8,DAL2677 ,United States,1778033828,1778033828,-71.0243,42.3634,,true,0.77,286.88,,,,5603,false,0
c064d8,ACA676  ,Canada,1778033891,1778033917,-58.8798,46.9602,11277.6,false,249.2,78.69,-0.33,,11361.42,4422,false,0
394a04,AFR23G  ,France,1778033938,1778033939,-83.4063,45.0653,10668.0,false,296.82,64.32,0.0,,10546.08,6224,false,0
a2fe2d,N292P   ,United States,1778033939,1778033939,-111.5327,42.6931,6949.44,false,103.44,10.02,-2.28,,6995.16,7773,false,0
a6cccf,N5370J  ,United States,1778033939,1778033939,-80.4327,25.9058,457.2,false,66.46,86.89,-0.33,,510.54,,false,0
394a01,AFR1U   ,France,1778033939,1778033939,-10.8157,50.6013,11582.4,false,256.62,100.16,0.0,,11529.06,,false,0
a42b09,N368LL  ,United States,1778033938,1778033938,-94.1602,45.6712,762.0,false,58.41,5.56,-0.98,,731.52,,false,0
a05b78,DAL896  ,United States,1778033939,1778033939,-87.221,33.3429,10355.58,false,191.35,275.86,0.0,,10805.16,3327,false,0
394a06,AFR453  ,France,1778033939,1778033939,-5.6284,39.1809,10972.8,false,259.97,33.38,0.0,,11094.72,6274,false,0
a252a7,ENY3500 ,United States,1778033938,1778033938,-89.9756,31.2207,10668.0,false,270.07,109.13,0.33,,11209.02,3675,false,0
a4e35f,DAL132  ,United States,1778033939,1778033939,-6.4482,54.5568,11879.58,false,256.15,109.96,0.0,,11757.66,6304,false,0
a6dff9,GJS4599 ,United States,1778033940,1778033940,-87.845,39.8706,10370.82,false,222.89,178.02,0.65,,10523.22,3145,false,0
a4d040,NAC732  ,United States,1778033939,1778033939,-150.0911,61.1578,678.18,false,115.59,247.77,8.13,,609.6,2303,false,0
a9e624,N737ME  ,United States,1778033939,1778033939,-93.2144,44.071,1386.84,false,38.58,286.26,0.0,,1318.26,5624,false,0
a0be81,UPS1269 ,United States,1778033939,1778033939,-83.682,37.1571,8763.0,false,208.35,291.43,-6.83,,8999.22,7112,false,0
394a15,AFR007  ,France,1778033939,1778033939,-73.241,41.0708,5897.88,false,226.81,42.7,13.66,,6012.18,1505,false,0
394a14,AFR703  ,France,1778033939,1778033939,-4.3716,39.1624,11582.4,false,257.72,23.9,0.0,,11696.7,6457,false,0
394a12,AFR673  ,France,1778033939,1778033939,14.443,41.5219,10363.2,false,240.48,314.05,0.0,,10614.66,,false,0
a2fe32,BPX292  ,United States,1778033939,1778033939,-81.2993,29.5784,1661.16,false,61.12,143.9,0.0,,1706.88,,false,0
ac407d,AAL1038 ,United States,1778033939,1778033939,-102.9277,38.9063,12192.0,false,184.74,243.36,0.0,,12283.44,,false,0
a3b05d,FFT1291 ,United States,1778033935,1778033938,-93.2275,44.8755,,true,0.0,135.0,,,,3237,false,0
a9961b,AAL137  ,United States,1778033939,1778033939,-118.341,33.9417,236.22,false,73.51,263.57,-3.58,,220.98,0745,false,0
a17b40,FDX1681 ,United States,1778033939,1778033939,-81.3333,28.5915,1699.26,false,139.11,352.35,12.68,,1752.6,,false,0
8881ed,VJC933  ,Viet Nam,1778033650,1778033650,129.8405,33.2803,9761.22,false,181.81,244.89,0.0,,10134.6,6130,false,0
ab7b02,"",United States,1778033936,1778033936,-87.8933,41.972,,true,6.17,90.0,,,,,false,0
3c70ca,GEC8223 ,Germany,1778033938,1778033938,-98.3341,20.4303,8945.88,false,234.77,19.19,8.13,,9517.38,,false,0
5082ef,MGH874  ,Ukraine,1778033939,1778033939,30.66,36.7413,1379.22,false,111.8,183.17,-5.53,,1424.94,6011,false,0
48b2d0,LPR41   ,Poland,1778033939,1778033939,16.9169,51.3217,2788.92,false,173.1,250.92,-10.4,,2796.54,1000,false,0
ab5975,DAL266  ,United States,1778033939,1778033939,-60.0545,45.0215,10058.4,false,252.84,63.28,0.0,,10226.04,2776,false,0
a31e86,CMD13   ,United States,1778033939,1778033939,-121.0634,37.4921,899.16,false,59.38,289.22,0.0,,899.16,,false,0
78154e,CSN629  ,China,1778033939,1778033939,140.7179,35.9526,2209.8,false,133.88,212.29,-5.53,,2354.58,4476,false,0
a2b5da,FDX1208 ,United States,1778033842,1778033842,-113.915,46.2464,11277.6,false,247.32,116.83,0.0,,11361.42,3560,false,0
78021a,CPA099  ,China,1778033939,1778033939,139.1369,36.2359,13106.4,false,201.37,232.37,0.0,,13472.16,3236,false,0
899014,CAL5312 ,Taiwan,1778033939,1778033939,-150.2816,61.3656,982.98,false,111.51,41.63,0.65,,914.4,6242,false,0
a1cb5c,PFA314  ,United States,1778033939,1778033939,-81.0745,27.9283,1196.34,false,55.51,145.57,-0.65,,1242.06,6401,false,0
a1de8d,JBU19   ,United States,1778033939,1778033939,-110.9877,33.7874,10965.18,false,179.48,246.52,-0.33,,11148.06,,false,0
ab8cc1,UAL8101 ,United States,1778033869,1778033871,-89.9893,35.1317,617.22,false,68.45,178.28,-4.23,,563.88,7346,false,0
780235,CPA413  ,China,1778033929,1778033929,113.764,22.1807,1066.8,false,101.87,314.18,-6.5,,1127.76,,false,0
394a0c,AFR83K  ,France,1778033747,1778033749,-84.0751,45.8928,10058.4,false,302.96,80.03,0.0,,9852.66,1406,false,0
394a0b,AFR025  ,France,1778033939,1778033939,-112.9281,34.325,10058.4,false,282.28,72.39,0.0,,10134.6,2736,false,0
ac0fdc,SWA532  ,United States,1778033684,1778033727,-123.726,34.2194,10363.2,false,250.46,266.59,0.0,,10576.56,6752,false,0
040203,ETH734  ,Ethiopia,1778033939,1778033940,17.6625,40.2114,12192.0,false,228.96,311.17,0.0,,12382.5,5516,false,0
48c5e5,SRN6262 ,Poland,1778033938,1778033938,7.154,50.8586,,true,10.29,135.0,,,,4130,false,0
48c5e6,SAR1922 ,Poland,1778033935,1778033936,7.163,50.8566,,true,5.92,28.12,,,,7715,false,0
a0ab4f,N142NE  ,United States,1778033939,1778033939,-70.6073,41.7833,518.16,false,54.33,142.7,0.0,,495.3,,false,0
abefba,SWA336  ,United States,1778033939,1778033939,-122.6329,45.1867,2918.46,false,145.51,44.43,-7.48,,2994.66,,false,0
a4f5f0,DAL206  ,United States,1778033938,1778033939,-59.3744,47.4417,11582.4,false,262.31,86.63,-0.33,,11635.74,6071,false,0
a622bc,ASA427  ,United States,1778033939,1778033939,-120.1204,38.6348,10972.8,false,212.8,340.95,0.0,,11170.92,1371,false,0
abdcb5,ASH6235 ,United States,1778033939,1778033939,-85.9296,42.5465,3169.92,false,171.23,41.83,-6.83,,3086.1,3100,false,0
760a0c,FJL587  ,Pakistan,1778033909,1778033931,72.3137,29.9144,11887.2,false,254.29,70.87,0.0,,12374.88,,false,0
ac6645,SWA3765 ,United States,1778033939,1778033939,-89.3764,39.7867,10972.8,false,190.35,223.14,-0.33,,11140.44,6531,false,0
78023d,CPA251  ,China,1778033939,1778033939,24.3257,45.4389,10972.8,false,232.02,298.33,0.0,,11094.72,1107,false,0
ac5312,ASH6208 ,United States,1778033939,1778033939,-81.4013,35.3118,10668.0,false,241.31,57.36,0.33,,11026.14,7411,false,0
781581,"",China,1778033922,1778033922,130.2331,32.7899,11887.2,false,291.71,75.91,0.0,,12321.54,,false,0
ad2fd0,AAL1279 ,United States,1778033939,1778033939,-81.4767,41.5531,11277.6,false,291.9,98.62,0.0,,11376.66,6536,false,0
acc95c,AAL1007 ,United States,1778033939,1778033939,-91.5316,30.6231,7315.2,false,260.25,123.88,0.33,,7680.96,2227,false,0
a9704d,DAL551  ,United States,1778033939,1778033939,-83.3514,43.1273,11582.4,false,174.87,265.78,0.0,,11590.02,3456,false,0
ac5326,SWA3774 ,United States,1778033936,1778033938,-104.6808,39.8629,1623.06,true,0.0,270.0,,,,6232,false,0
abefdd,SWA1252 ,United States,1778033939,1778033939,-103.4058,33.184,12496.8,false,259.31,122.52,0.0,,12877.8,6203,false,0
ae4fca,SHWK406 ,United States,1778033938,1778033939,-117.2108,32.7031,,true,2.57,284.06,,,,,false,0
a3e8dc,DAL1661 ,United States,1778033939,1778033939,-112.0038,33.4394,,true,7.72,151.88,,,,6714,false,0
78158a,DKH1659 ,China,1778031409,1778033939,46.8641,63.7086,11582.4,false,224.81,269.87,-0.98,,11376.66,,false,0
ae093f,GRZLY39 ,United States,1778033933,1778033933,-122.5579,45.5801,45.72,false,60.31,298.53,-3.9,,83.82,3305,false,0
7c0582,BDG     ,Australia,1778033939,1778033939,152.9808,-27.5671,83.82,false,34.7,105.48,-1.3,,152.4,,false,0
760a09,SIF721  ,Pakistan,1778033939,1778033939,51.5241,22.1624,10660.38,false,255.8,103.25,0.65,,11315.7,5210,false,0
78158f,CHH489  ,China,1778032179,1778033936,48.183,61.8036,10972.8,false,225.59,267.26,-0.65,,10820.4,,false,0
ac6668,SWA827  ,United States,1778033939,1778033939,-86.8659,36.136,2583.18,false,132.09,295.37,16.58,,2583.18,5651,false,0
a768c2,DAL697  ,United States,1778033939,1778033939,-80.7905,42.2544,11285.22,false,291.28,99.15,-0.33,,11353.8,6055,false,0
a7b8a1,JIA5029 ,United States,1778033939,1778033939,-90.8759,32.0079,10972.8,false,196.94,243.64,-0.33,,11513.82,7143,false,0
3c70c8,GEC8461 ,Germany,1778033939,1778033939,13.4476,49.6822,10363.2,false,245.32,305.96,0.0,,10386.06,1000,false,0
ac5349,SWA2530 ,United States,1778033916,1778033916,-109.6186,34.2552,11582.4,false,212.26,307.12,0.0,,11780.52,2474,false,0
a3c2a9,AAL3239 ,United States,1778033939,1778033940,-74.3883,40.9193,1249.68,false,158.12,82.9,0.33,,1226.82,6220,false,0
a14700,UAL1626 ,United States,1778033935,1778033937,-115.745,33.9341,8534.4,false,238.64,201.37,0.0,,8572.5,1153,false,0
ad1cde,JBU2501 ,United States,1778033939,1778033939,-97.2232,29.7981,10355.58,false,197.92,290.22,-0.33,,10881.36,2455,false,0
a43e7f,UAL2429 ,United States,1778033939,1778033939,-122.1438,40.2774,10972.8,false,208.88,359.29,0.0,,11231.88,6340,false,0
a98386,ASA260  ,United States,1778033939,1778033939,-82.5271,26.9838,9380.22,false,253.62,108.32,-4.88,,9913.62,6505,false,0
a648e1,CSI504  ,United States,1778033939,1778033939,-102.6493,32.6386,3421.38,false,128.41,164.91,-2.93,,3497.58,,false,0
a55e60,NDU445  ,United States,1778033939,1778033939,-111.5793,33.0317,1394.46,false,54.03,76.23,0.33,,1356.36,,false,0
780294,CSN3791 ,China,1778033927,1778033936,113.7384,22.7416,5097.78,false,204.78,1.01,-0.98,,5387.34,,false,0
a55e4d,N445MK  ,United States,1778033939,1778033939,-83.6199,41.3916,251.46,false,40.64,270.73,-3.25,,175.26,1200,false,0
a0275c,AAL177  ,United States,1778033939,1778033940,-78.7705,42.9582,10370.82,false,196.65,304.77,-0.33,,10408.92,3344,false,0
4ba9eb,THY89A  ,Turkey,1778033929,1778033929,76.8251,9.2915,9547.86,false,238.39,313.16,3.25,,10073.64,,false,0
a0aaa0,FDX1201 ,United States,1778033732,1778033732,-97.024,32.9152,,true,5.66,180.0,,,,,false,0
4ba9fa,THY6405 ,Turkey,1778033939,1778033939,16.8819,46.7813,11582.4,false,222.96,300.35,0.33,,11734.8,5344,false,0
8403e8,CKSTR12 ,Japan,1778033922,1778033929,144.1487,44.0011,541.02,false,78.95,175.52,-1.95,,541.02,,false,0
781600,"",China,1778033652,1778033652,113.2115,22.1496,2141.22,false,145.92,142.16,-3.58,,2263.14,,false,0
4ba9ca,THY5YP  ,Turkey,1778033939,1778033939,26.3896,41.1075,7818.12,false,218.49,82.42,-12.03,,7978.14,4102,false,0
89916d,CAL022  ,Taiwan,1778033939,1778033939,-123.1035,48.0779,4663.44,false,166.73,102.84,-6.18,,4792.98,,false,0
4ba9cc,THY1SW  ,Turkey,1778031649,1778033939,22.6424,54.9209,9380.22,false,26.99,262.33,0.0,,10622.28,5301,false,0
89916c,CAL067  ,Taiwan,1778033939,1778033939,43.9721,41.6793,12192.0,false,251.08,297.98,-0.33,,12283.44,6270,false,0
c8180e,ZKHCL   ,New Zealand,1778033723,1778033723,172.4266,-43.4364,38.1,false,8.3,29.74,-1.63,,99.06,,false,0
c079a1,TSC110  ,Canada,1778033939,1778033939,-70.3505,47.2338,11399.52,false,284.66,60.79,6.5,,11315.7,0603,false,0
71c012,JNA376  ,Republic of Korea,1778033938,1778033938,136.194,35.0993,6179.82,false,188.53,294.68,14.96,,6408.42,,false,0
71c018,AAR8920 ,Republic of Korea,1778033939,1778033939,126.8698,37.4344,2407.92,false,132.2,293.87,-0.65,,2476.5,5146,false,0
71c016,JNA252  ,Republic of Korea,1778033917,1778033917,132.5193,35.4798,8252.46,false,194.69,263.48,-8.78,,8526.78,6152,false,0
4ba9e5,THY5BR  ,Turkey,1778033939,1778033939,23.6694,46.7946,10668.0,false,236.54,142.96,0.0,,10789.92,6261,false,0
040047,"",Ethiopia,1778033938,1778033938,-74.1752,40.6886,,true,0.9,132.19,,,,,false,0
781610,CSC3803 ,China,1778033939,1778033939,19.6791,53.3181,11582.4,false,227.14,242.04,0.0,,11506.2,4525,false,0
71c001,KAL2001 ,Republic of Korea,1778033787,1778033817,115.0492,22.3298,4808.22,false,170.72,242.74,-13.98,,5074.92,,false,0
aa13ff,CNS45   ,United States,1778033938,1778033938,-104.0383,33.1451,2377.44,false,114.43,298.75,-4.88,,2407.92,,false,0
4ba9f6,THY6139 ,Turkey,1778033788,1778033936,30.6184,38.2719,11582.4,false,224.63,350.77,0.0,,11704.32,7363,false,0
a6bb97,JIA5561 ,United States,1778033840,1778033877,-77.0434,38.8569,,true,0.06,73.12,,,,,false,0
781620,CSN3459 ,China,1778033635,1778033635,112.3771,21.79,8298.18,false,229.33,246.89,5.85,,8671.56,,false,0
a742c2,AAL1658 ,United States,1778033939,1778033939,-99.2064,32.7045,8854.44,false,199.9,264.83,5.53,,9212.58,0524,false,0
89914f,MDA392  ,Taiwan,1778033939,1778033939,121.2408,24.815,2179.32,false,89.25,265.7,-2.93,,2301.24,,false,0
a1211d,FDX1219 ,United States,1778033939,1778033939,-120.9178,37.9806,10058.4,false,217.14,79.49,0.0,,10271.76,3215,false,0
a36105,EDV5452 ,United States,1778033939,1778033939,-84.8091,33.6832,3672.84,false,169.5,249.2,6.5,,3794.76,1776,false,0
a2b759,SWA1149 ,United States,1778033860,1778033860,-118.1626,37.8939,9060.18,false,223.61,307.9,-5.53,,9235.44,,false,0
781634,CES249  ,China,1778033939,1778033939,27.937,59.4305,11582.4,false,221.46,249.04,0.0,,11414.76,5003,false,0
c06774,CRN511  ,Canada,1778033938,1778033939,-123.0971,49.1785,960.12,false,90.94,98.13,8.45,,967.74,,false,0
502d3e,BTI8KR  ,Latvia,1778033939,1778033939,23.4438,42.7428,12192.0,false,211.39,349.48,0.0,,12321.54,6477,false,0
89912e,CAL831  ,Taiwan,1778033891,1778033891,119.1884,23.3351,10622.28,false,251.34,237.71,3.9,,11170.92,2617,false,0
781642,CCA445  ,China,1778033939,1778033939,25.1895,58.7937,11582.4,false,223.65,244.38,0.0,,11407.14,6004,false,0
89912b,EVA192  ,Taiwan,1778033930,1778033936,139.7704,35.546,,true,3.09,247.5,,,,6264,false,0
ab3525,MTN7519 ,United States,1778033939,1778033939,-85.4876,32.8731,4892.04,false,106.06,301.92,0.0,,5059.68,7160,false,0
89912c,EVA892  ,Taiwan,1778033901,1778033904,113.9241,22.3141,,true,0.0,30.94,,,,,false,0
a6ce7d,DAL604  ,United States,1778033939,1778033939,-115.2961,43.1032,10363.2,false,212.48,316.18,0.33,,10546.08,6143,false,0
0d075f,AMX811  ,Mexico,1778033939,1778033939,-98.9806,19.0518,4183.38,false,150.85,346.39,-0.33,,4450.08,6462,false,0
86ef06,ANA890  ,Japan,1778033939,1778033939,148.9996,-32.1486,9753.6,false,233.57,309.37,0.0,,10027.92,5262,false,0
a1ddbb,JBU233  ,United States,1778033939,1778033939,-120.9057,39.7771,10965.18,false,240.0,267.3,0.0,,11201.4,3361,false,0
899141,UIA8956 ,Taiwan,1778033880,1778033909,120.0067,23.9312,2941.32,false,92.97,27.7,-3.25,,3070.86,,false,0
acb824,ASA40   ,United States,1778033939,1778033939,-156.0863,19.9345,2506.98,false,155.88,0.19,10.08,,2644.14,2606,false,0
a06dfd,FRG829  ,United States,1778033939,1778033939,-88.8339,38.4969,8221.98,false,176.46,59.32,-0.65,,8397.24,,false,0
89913b,UIA8608 ,Taiwan,1778033938,1778033938,119.7725,23.72,1866.9,false,93.51,46.11,6.18,,1851.66,,false,0
ab4866,DAL104  ,United States,1778033922,1778033934,-46.8608,-22.073,5631.18,false,216.97,332.77,4.55,,6004.56,4171,false,0
c06796,CGNFX   ,Canada,1778033939,1778033939,-119.4449,50.0135,1021.08,false,45.38,93.9,-2.28,,990.6,,false,0
89913d,UIA8917 ,Taiwan,1778033938,1778033938,120.0499,22.8902,3360.42,false,106.58,331.46,0.33,,3528.06,,false,0
899150,MDA784  ,Taiwan,1778033927,1778033928,120.1883,24.0872,2125.98,false,96.04,16.49,0.0,,2232.66,,false,0
aa6f80,SWA3186 ,United States,1778033909,1778033930,-71.4886,41.7843,441.96,false,72.65,139.88,-1.63,,403.86,7335,false,0
8990a6,CAL5884 ,Taiwan,1778033939,1778033939,103.6263,3.3374,10668.0,false,254.0,333.8,13.66,,11399.52,,false,0
8990a5,CAL5225 ,Taiwan,1778033937,1778033938,134.0853,35.9545,12192.0,false,204.9,236.99,0.0,,12557.76,,false,0
8990a8,CAL731  ,Taiwan,1778033842,1778033930,119.9723,23.8464,8702.04,false,247.59,173.32,8.45,,9281.16,2633,false,0
0d0707,AMX147  ,Mexico,1778033775,1778033778,-102.6899,24.4611,11887.2,false,235.68,140.4,0.0,,12580.62,,false,0
8990a2,CAL712  ,Taiwan,1778033939,1778033939,120.8648,15.9365,10058.4,false,234.69,353.2,-0.33,,10774.68,,false,0
8990a4,CAL5138 ,Taiwan,1778033939,1778033939,-123.1163,38.4791,10668.0,false,248.55,136.59,0.0,,10919.46,1435,false,0
8990a0,CAL5522 ,Taiwan,1778033939,1778033939,120.567,24.5469,4069.08,false,167.57,17.88,-9.43,,4328.16,,false,0
a54aaa,AAL1787 ,United States,1778033939,1778033939,-145.3782,60.2533,10957.56,false,227.9,301.43,0.0,,10728.96,,false,0
c0540c,WJA569  ,Canada,1778033939,1778033939,-92.6758,50.8564,11582.4,false,229.94,280.83,0.0,,11262.36,,false,0
aba9e7,SWA3972 ,United States,1778033939,1778033939,-103.3502,38.5693,9753.6,false,217.31,336.71,-0.33,,9814.56,4037,false,0
71c073,ASV701  ,Republic of Korea,1778033939,1778033939,140.6238,36.5477,4572.0,false,171.44,194.24,0.65,,4747.26,4114,false,0
a29aff,SWA2396 ,United States,1778033940,1778033940,-116.8005,34.7483,8854.44,false,204.65,50.51,-0.98,,8892.54,4624,false,0
a4943f,UAL1673 ,United States,1778033939,1778033939,-92.3965,37.1618,10972.8,false,183.76,221.14,0.0,,11239.5,3222,false,0
c05416,WJA2201 ,Canada,1778033939,1778033939,-111.0258,49.8737,10972.8,false,206.56,299.05,0.0,,10927.08,,false,0
a75757,N572RJ  ,United States,1778033939,1778033939,-84.0678,43.5511,1706.88,false,63.56,168.33,0.0,,1615.44,,false,0
a3d792,N347CS  ,United States,1778033938,1778033938,-84.2482,30.3082,1143.0,false,26.46,333.43,0.0,,1181.1,,false,0
71c074,AAR8935 ,Republic of Korea,1778033939,1778033939,126.7941,35.9832,6096.0,false,216.35,184.91,0.0,,6316.98,7402,false,0
a36130,DAL928  ,United States,1778033936,1778033939,-127.505,51.8223,11277.6,false,239.85,138.65,0.0,,11521.44,,false,0
a2415a,N2441D  ,United States,1778033860,1778033939,-88.7577,41.8186,853.44,false,43.95,20.56,-2.28,,777.24,,false,0
8990b4,EVA851  ,Taiwan,1778033913,1778033913,113.9284,22.3206,,true,6.43,160.31,,,,,false,0
a42ac1,N368HP  ,United States,1778033939,1778033939,-118.4301,33.9877,1051.56,false,84.69,323.9,0.0,,1028.7,,false,0
a3612a,DAL2307 ,United States,1778033939,1778033939,-104.4344,40.563,11277.6,false,258.81,60.07,0.0,,11269.98,0244,false,0
7801b5,CPA330  ,China,1778033766,1778033766,113.8675,23.0587,7505.7,false,223.19,334.32,1.3,,7947.66,,false,0
a5add3,SKW5585 ,United States,1778033939,1778033939,-106.5024,42.8725,1783.08,false,74.24,43.32,-3.9,,1790.7,,false,0
71c062,JJA108  ,Republic of Korea,1778033939,1778033939,126.6121,37.6528,944.88,false,104.76,45.0,-3.25,,1013.46,5130,false,0
a3b140,TNO4260 ,United States,1778033850,1778033851,-98.98,20.1029,5303.52,false,163.55,248.6,-2.93,,5654.04,,false,0
a66ac3,VOI5589 ,United States,1778033925,1778033925,-96.9866,24.1784,11582.4,false,221.15,291.85,0.0,,12313.92,,false,0
a3610f,N317CL  ,United States,1778033939,1778033939,-83.5056,31.5983,1356.36,false,62.9,344.83,-0.65,,1379.22,,false,0
7801c6,CPA530  ,China,1778033939,1778033939,120.8572,24.986,2301.24,false,113.75,279.63,-5.85,,2438.4,,false,0
7801c1,HKE131  ,China,1778033924,1778033924,119.1322,22.1506,7886.7,false,220.8,268.26,4.23,,8404.86,,false,0
71c095,TWB286  ,Republic of Korea,1778033939,1778033939,127.7461,36.823,5638.8,false,203.05,336.88,-4.88,,5829.3,7022,false,0
71c092,KAL2185 ,Republic of Korea,1778033938,1778033938,128.7093,37.6935,8587.74,false,229.8,83.7,6.18,,8854.44,4164,false,0
a0149d,"",United States,1778033932,1778033932,-80.56,26.7012,1051.56,false,53.11,128.31,0.33,,1074.42,,false,0
7801c9,CPA965  ,China,1778033937,1778033939,113.9312,22.3137,,true,0.06,340.31,,,,,false,0
a7edb0,N61PF   ,United States,1778033923,1778033923,-157.4575,21.1004,1653.54,false,49.65,124.02,-0.33,,1729.74,,false,0
71c084,"",Republic of Korea,,1778033901,,,,false,248.36,215.3,0.0,,,,false,0
7c4e55,PRB     ,Australia,1778033939,1778033939,153.1009,-28.0874,2407.92,false,73.35,349.08,0.0,,2552.7,,false,0
a5adf1,UAL2157 ,United States,1778033939,1778033939,-99.3964,34.3214,10965.18,false,183.13,296.35,0.33,,11323.32,,false,0
71c087,JJA1612 ,Republic of Korea,1778033938,1778033938,128.6742,36.4855,8534.4,false,221.17,303.14,-2.6,,8816.34,3101,false,0
71c086,TWB232  ,Republic of Korea,1778033859,1778033870,130.2778,33.6605,4495.8,false,177.17,328.29,15.61,,4648.2,7051,false,0
ac53d5,SWA701  ,United States,1778033939,1778033939,-87.7372,35.9636,6705.6,false,191.92,248.46,0.0,,6911.34,5577,false,0
71c039,AAR115  ,Republic of Korea,1778033935,1778033939,126.4916,37.6715,1341.12,false,106.51,278.05,-0.65,,1394.46,7053,false,0
71c032,JJA1152 ,Republic of Korea,1778033939,1778033939,138.2281,35.9687,10363.2,false,175.86,265.97,0.33,,10759.44,6103,false,0
71c031,JJA110  ,Republic of Korea,1778033938,1778033939,126.9499,35.9023,6400.8,false,213.32,5.12,0.0,,6629.4,,false,0
06a30d,QTR8090 ,Qatar,1778033936,1778033938,-66.2043,42.6968,9144.0,false,245.66,264.11,0.0,,9281.16,,false,0
06a30b,QTR8358 ,Qatar,1778033939,1778033940,-86.7522,42.5531,5242.56,false,172.96,250.54,-10.73,,5196.84,0770,false,0
aca3a0,UPS1345 ,United States,1778033939,1778033939,-80.9512,27.553,8839.2,false,225.92,339.75,0.33,,9334.5,7456,false,0
86ef62,ANA8441 ,Japan,1778033866,1778033866,131.7461,32.3976,12192.0,false,187.25,234.96,0.0,,12618.72,,false,0
ac53f8,SWA3965 ,United States,1778033938,1778033939,-85.9518,28.7167,10363.2,false,206.26,278.03,0.0,,10934.7,0750,false,0
add6de,N991FG  ,United States,1778033939,1778033939,-78.8168,35.5991,1051.56,false,66.6,4.87,0.0,,1043.94,,false,0
a3d767,ATN3379 ,United States,1778033939,1778033939,-91.7702,41.9276,11582.4,false,176.89,266.0,0.65,,11574.78,3532,false,0
add6db,FDX1294 ,United States,1778033938,1778033939,-81.6274,38.3877,10972.8,false,189.53,251.32,0.0,,11231.88,1571,false,0
a3615f,FFT4186 ,United States,1778033929,1778033930,-104.6875,39.8513,,true,0.0,0.0,,,,,false,0
ab20e7,DAL82   ,United States,1778033898,1778033936,-12.5958,49.8683,11582.4,false,248.73,95.82,0.0,,11529.06,,false,0
040087,ETH750  ,Ethiopia,1778033939,1778033939,22.0568,37.3101,12192.0,false,224.88,321.69,0.0,,12412.98,2076,false,0
71c050,JJA6151 ,Republic of Korea,1778033939,1778033939,121.2801,25.256,3688.08,false,124.33,228.86,-6.5,,3886.2,4156,false,0
c06724,ACA227  ,Canada,1778033934,1778033934,-114.0093,51.1283,,true,0.0,61.88,,,,,false,0
ad60ab,NEW961  ,United States,1778033939,1778033939,-74.0824,40.2601,1242.06,false,115.94,238.43,0.0,,1226.82,,false,0
04008c,ETH3640 ,Ethiopia,1778033889,1778033890,106.2044,50.7548,10088.88,false,255.11,159.34,0.0,,9883.14,,false,0
a51770,UPS294  ,United States,1778033939,1778033939,9.4162,50.5861,9258.3,false,239.48,107.89,7.15,,9227.82,7706,false,0
71c043,KAL277  ,Republic of Korea,1778033939,1778033939,-144.8056,59.978,9448.8,false,263.94,113.92,0.0,,9182.1,5710,false,0
0d0703,SLI860  ,Mexico,1778033939,1778033939,-96.5803,19.1071,3261.36,false,155.07,116.4,-2.93,,3459.48,,false,0
71c042,KAL035  ,Republic of Korea,1778033936,1778033939,128.0191,37.5889,6850.38,false,233.77,78.96,7.8,,7048.5,7133,false,0
a146ce,SWA2043 ,United States,1778033939,1778033939,-104.6743,39.8635,,true,0.0,222.19,,,,4066,false,0
a55f00,UPS937  ,United States,1778033935,1778033939,-113.4509,38.1925,11894.82,false,230.23,94.74,0.0,,11993.88,,false,0
a266bf,N254EA  ,United States,1778033939,1778033939,-112.3886,33.2566,1600.2,false,35.14,197.9,2.6,,1607.82,,false,0
ac9aef,"",United States,1778033887,1778033887,-80.5846,25.6126,15.24,false,0.51,180.0,-0.33,,7.62,,false,0
a05c59,AAL608  ,United States,1778033939,1778033939,-81.1173,35.0975,3200.4,false,130.76,256.35,13.98,,3268.98,7144,false,0
06a2e0,QTR20X  ,Qatar,1778033939,1778033939,50.2706,25.5071,6400.8,false,209.37,103.93,-0.33,,6751.32,3365,false,0
a97157,N7073G  ,United States,1778033931,1778033931,-122.1209,37.6604,,true,3.86,118.12,,,,,false,0
841794,JJP127  ,Japan,1778033760,1778033769,141.6907,42.7946,76.2,false,63.37,172.07,-3.9,,91.44,2215,false,0
06a2f9,QTR337  ,Qatar,1778033939,1778033939,45.5261,40.8107,11269.98,false,261.0,80.24,0.0,,11346.18,2121,false,0
a399b9,EDV5177 ,United States,1778033939,1778033939,-81.2459,41.6159,8298.18,false,251.15,118.51,3.58,,8366.76,5476,false,0
06a2f5,QTR977  ,Qatar,1778033402,1778033937,51.1818,23.7832,8221.98,false,720.99,313.18,165.81,,9433.56,4757,false,0
06a2f2,QTR648  ,Qatar,1778033938,1778033939,82.1212,25.2962,11269.98,false,293.09,76.09,-0.33,,11818.62,,false,0
502cc6,BTI8CH  ,Latvia,1778033875,1778033875,24.8027,59.4169,,true,0.0,180.0,,,,6565,false,0
882da5,KMI713  ,Thailand,1778033938,1778033938,90.3224,24.0578,1181.1,false,114.98,240.22,-3.9,,1165.86,6137,false,0
7cf35b,"",Australia,1778033842,1778033842,144.8416,-37.6789,,true,5.92,247.5,,,,,false,0
a026e1,RPA4502 ,United States,1778033939,1778033939,-87.3619,42.0564,5013.96,false,193.49,116.36,9.43,,4960.62,1362,false,0
a4f6a5,GTI8282 ,United States,1778033939,1778033939,3.4752,41.0369,9738.36,false,277.66,100.89,0.0,,9837.42,1446,false,0
a649be,N504KS  ,United States,1778033939,1778033939,-103.6067,31.6003,2766.06,false,99.63,99.51,0.0,,2827.02,,false,0
ad614c,EJA961  ,United States,1778033939,1778033939,-100.6555,36.4795,13106.4,false,162.98,278.9,0.0,,13342.62,3574,false,0
4b8de5,CAI9421 ,Turkey,1778033680,1778033680,37.1288,39.8618,10363.2,false,222.4,248.42,0.0,,10340.34,5531,false,0
aa147a,FDX121  ,United States,1778033938,1778033939,-98.6247,38.7677,11277.6,false,266.1,123.57,-0.33,,11369.04,,false,0
a2a3b6,UAL923  ,United States,1778033939,1778033939,-80.8728,47.6994,11879.58,false,277.94,62.68,0.0,,11643.36,,false,0
a43f51,DAL2385 ,United States,1778033939,1778033939,-84.153,30.084,11894.82,false,271.07,139.39,0.0,,12466.32,1624,false,0
49d423,TVS7KQ  ,Czech Republic,1778033939,1778033939,31.3333,30.3936,11277.6,false,225.48,171.07,0.0,,11590.02,1617,false,0
845daa,ANA643  ,Japan,1778033939,1778033939,133.8649,34.5746,6522.72,false,191.7,244.74,-24.71,,6797.04,3460,false,0
a05c8f,N122QS  ,United States,1778033938,1778033938,-156.0428,19.7251,,true,0.06,182.81,,,,,false,0
a7a753,N5921C  ,United States,1778033691,1778033691,-119.1348,34.3007,716.28,false,80.77,90.73,-2.6,,678.18,1200,false,0
a6246e,UAL1351 ,United States,1778033937,1778033937,-100.6414,39.1286,11262.36,false,263.18,118.87,0.33,,11330.94,6575,false,0
a2c9ec,SWA2042 ,United States,1778033939,1778033939,-116.4204,34.8143,8488.68,false,241.28,226.64,-10.73,,8542.02,1472,false,0
a5f11d,GTI9897 ,United States,1778033939,1778033939,-95.0271,36.7645,12496.8,false,301.81,52.27,0.0,,12771.12,,false,0
ab8f36,FDX3    ,United States,1778033938,1778033939,-86.5801,46.8793,10363.2,false,216.28,227.51,0.0,,10066.02,,false,0
a1cc46,MXY6191 ,United States,1778033940,1778033940,-91.6377,29.002,7338.06,false,237.29,46.76,-9.1,,7764.78,,false,0
a9d413,SKW6199 ,United States,1778033939,1778033939,-111.9943,33.439,,true,6.69,95.62,,,,,false,0
a000b8,TWY68   ,United States,1778033939,1778033939,-82.6353,42.0041,12496.8,false,288.11,90.61,-0.33,,12542.52,6754,false,0
acc9b2,DAL1711 ,United States,1778033939,1778033939,-85.3625,43.0264,1135.38,false,116.87,87.73,-6.5,,1059.18,2427,false,0
a266dc,FDX1204 ,United States,1778033937,1778033937,-77.4542,38.9577,,true,0.0,90.0,,,,0502,false,0
c052e0,JZA825  ,Canada,1778033939,1778033939,-73.7049,42.0696,11582.4,false,242.03,173.04,-0.33,,11673.84,,false,0
a7edf1,N61RW   ,United States,1778033939,1778033939,-94.0728,32.8136,3268.98,false,71.47,279.53,0.0,,3345.18,,false,0
c1e8d6,TR454   ,Canada,1778033924,1778033924,-79.6158,43.6752,,true,5.4,315.0,,,,,false,0
aa276a,RPA3540 ,United States,1778033938,1778033939,-77.4548,38.9474,,true,0.51,270.0,,,,,false,0
a87784,N64477  ,United States,1778033939,1778033939,-80.3545,26.5912,822.96,false,45.26,58.48,-2.6,,838.2,,false,0
a61173,EDV4938 ,United States,1778033939,1778033939,-81.5211,36.7827,9753.6,false,208.05,238.55,-0.33,,10035.54,2034,false,0
a17c65,SKW3054 ,United States,1778033939,1778033939,-122.6753,46.0859,8755.38,false,200.02,350.08,-8.78,,8976.36,3307,false,0
a399e4,DAL828  ,United States,1778033937,1778033937,-111.9794,40.7838,,true,0.06,177.19,,,,,false,0
845dcc,ANA644  ,Japan,1778033939,1778033939,132.9668,33.6393,10111.74,false,283.52,60.78,7.48,,10515.6,,false,0
a013ee,DAL2903 ,United States,1778033939,1778033939,-104.8098,41.9892,10972.8,false,204.81,271.44,0.0,,10904.22,,false,0
c1e8bb,"",Canada,1778033939,1778033939,-79.6241,43.6821,,true,6.43,317.81,,,,,false,0
aabf50,SCX3042 ,United States,1778033939,1778033939,-103.2156,37.6166,11887.2,false,244.3,140.04,-0.33,,12039.6,3532,false,0
c1e8bf,BLUE345 ,Canada,1778033938,1778033938,-79.6085,43.6759,,true,5.14,45.0,,,,,false,0
a3e9b2,DAL1586 ,United States,1778033934,1778033934,-104.6417,39.8311,1645.92,false,64.83,0.91,-3.25,,1653.54,0012,false,0
c1e8be,BLUE370 ,Canada,1778033937,1778033937,-79.6255,43.6832,,true,6.43,315.0,,,,,false,0
c052d5,WJA1681 ,Canada,1778033939,1778033939,-73.6771,40.5681,2750.82,false,155.01,49.17,14.96,,2766.06,3302,false,0
781665,"",China,1778033650,1778033660,123.3593,36.6549,9486.9,false,245.44,178.8,0.0,,9822.18,5322,false,0
a373ea,AAL1968 ,United States,1778033939,1778033939,-80.3188,25.8673,3063.24,false,156.52,257.47,2.28,,3200.4,,false,0
89910b,CAL934  ,Taiwan,1778033867,1778033867,113.9146,22.3144,,true,7.72,250.31,,,,,false,0
040103,ETH680  ,Ethiopia,1778033939,1778033939,83.6193,22.6129,12496.8,false,262.53,67.66,0.0,,13152.12,0324,false,0
a54c60,UAL1413 ,United States,1778033939,1778033939,-120.4546,35.4839,2903.22,false,157.49,168.51,-8.78,,2933.7,1712,false,0
c804d2,ZKETT   ,New Zealand,1778033939,1778033939,174.6384,-36.6494,228.6,false,49.27,241.29,1.3,,365.76,,false,0
040101,ETH714  ,Ethiopia,1778033939,1778033939,22.629,45.432,12192.0,false,233.97,343.92,-0.33,,12321.54,2230,false,0
a3c3dc,N3413X  ,United States,1778033939,1778033939,-149.9122,62.1196,792.48,false,50.91,194.04,0.65,,693.42,,false,0
a67f81,DAL784  ,United States,1778033939,1778033939,-81.4185,40.0616,10370.82,false,186.37,267.79,0.0,,10546.08,5745,false,0
781672,CQH7259 ,China,1778033929,1778033929,121.0976,26.794,11010.9,false,252.5,208.34,-0.33,,11559.54,,false,0
7c0663,BJP     ,Australia,1778033924,1778033924,153.0137,-27.5684,,true,4.89,357.19,,,,,false,0
a2b6ff,SKW4153 ,United States,1778033939,1778033939,-122.3159,47.6966,1493.52,false,100.84,180.58,-5.85,,1501.14,3211,false,0
ad1da9,SKW5796 ,United States,1778033939,1778033939,-122.2459,37.7071,2202.18,false,136.45,66.91,9.75,,2225.04,5264,false,0
aa39fd,RPA3468 ,United States,1778033939,1778033939,-74.7929,40.7603,4648.2,false,163.91,279.76,9.75,,4732.02,3054,false,0
899135,EVA658  ,Taiwan,1778033938,1778033939,133.4865,33.9905,9448.8,false,301.62,63.35,0.0,,9837.42,,false,0
a8fc09,UAL1168 ,United States,1778033938,1778033939,-102.085,40.5351,9144.0,false,205.38,256.38,0.0,,9121.14,,false,0
899131,UIA8636 ,Taiwan,1778033933,1778033933,120.5675,24.0553,1211.58,false,93.41,333.86,-0.33,,1280.16,,false,0
ac541b,SWA679  ,United States,1778033939,1778033939,-111.0475,32.6619,6812.28,false,174.5,304.06,-10.08,,6911.34,1040,false,0
a2a3d2,UAL353  ,United States,1778033939,1778033939,-102.6918,38.7383,11582.4,false,196.66,253.75,0.33,,11673.84,6731,false,0
a386fb,JBU1150 ,United States,1778033937,1778033937,-71.0156,42.3688,,true,0.0,185.62,,,,6237,false,0
a17c95,AAL458  ,United States,1778033939,1778033939,-88.7018,37.9873,10378.44,false,201.78,327.28,-0.33,,10614.66,3514,false,0
a5af94,N46570  ,United States,1778033939,1778033939,-117.5956,33.9769,335.28,false,44.76,270.66,-1.95,,335.28,,false,0
406ecc,VIR155M ,United Kingdom,1778033911,1778033911,-115.1416,36.0824,,true,5.66,348.75,,,,3324,false,0
a0ac92,UCA4370 ,United States,1778033931,1778033937,-77.4414,38.9481,,true,0.0,36.56,,,,,false,0
78168e,CES2577 ,China,1778033939,1778033939,113.8686,22.7192,11003.28,false,236.65,180.37,0.0,,11673.84,,false,0
502d9f,BTI35T  ,Latvia,1778033939,1778033940,23.5647,61.172,3314.7,false,156.49,177.93,9.43,,3154.68,,false,0
a6bc31,SKW5679 ,United States,1778033939,1778033939,-89.59,39.8991,8351.52,false,198.11,242.64,-5.2,,8465.82,3135,false,0
a3b0db,N337LS  ,United States,1778033939,1778033939,-106.4921,36.4274,12496.8,false,285.48,86.69,0.0,,12710.16,7323,false,0
aabdf8,RPA3680 ,United States,1778033938,1778033939,-84.9133,44.0002,8534.4,false,186.41,284.38,0.98,,8465.82,3072,false,0
7cf359,        ,Australia,1778033931,1778033931,144.8308,-37.6647,,true,13.89,92.81,,,,,false,0
780373,CHH7320 ,China,1778033939,1778033939,113.4217,22.7644,9784.08,false,232.26,208.44,0.0,,10378.44,,false,0
851142,JAL3083 ,Japan,1778033939,1778033939,138.6874,35.218,9144.0,false,188.44,261.21,0.0,,9525.0,7310,false,0
a54c15,N440RA  ,United States,1778033937,1778033937,-149.9493,61.1713,,true,0.0,73.12,,,,,false,0
a360ea,ATN3364 ,United States,1778033939,1778033939,-122.0808,46.8211,5737.86,false,199.82,162.78,11.7,,5890.26,,false,0
4ba9d2,THY46M  ,Turkey,1778033937,1778033937,80.8947,26.7767,9753.6,false,228.45,305.84,0.0,,10134.6,4744,false,0
405bfb,BAW120  ,United Kingdom,1778033939,1778033939,-84.7192,39.0469,754.38,false,88.02,267.99,4.23,,685.8,,false,0
ac9abc,DAL2377 ,United States,1778033895,1778033909,-101.1029,42.9472,10972.8,false,209.33,273.8,0.0,,10835.64,4442,false,0
06a2b6,QTR119  ,Qatar,1778033938,1778033938,33.5066,36.5834,10972.8,false,225.98,328.12,0.0,,11079.48,2160,false,0
acfdf4,SWA3820 ,United States,1778033939,1778033939,-116.6534,36.4975,10607.04,false,241.59,311.63,7.15,,10683.24,,false,0
06a2b1,QTR33C  ,Qatar,1778033939,1778033939,28.7485,37.7053,10363.2,false,226.76,294.53,0.0,,10500.36,2174,false,0
ab214b,N816SW  ,United States,1778033939,1778033939,-149.7893,61.2171,297.18,false,50.58,260.63,-5.53,,228.6,7364,false,0
c078ac,TSC308  ,Canada,1778033938,1778033939,-76.9562,44.4452,9829.8,false,260.66,58.07,13.66,,9822.18,6302,false,0
ab2169,UAL1928 ,United States,1778033939,1778033939,-83.9659,35.5361,11567.16,false,190.1,253.33,-0.33,,11948.16,1755,false,0
a67f4b,N518BL  ,United States,1778033935,1778033935,-87.1951,30.4993,137.16,false,36.22,168.53,-1.3,,144.78,2604,false,0
a480ac,N39CK   ,United States,1778033939,1778033939,-81.3047,26.6482,1653.54,false,63.72,201.8,-2.6,,1722.12,1200,false,0
ad876e,DAL1283 ,United States,1778033937,1778033937,-84.4057,33.6464,,true,4.63,2.81,,,,,false,0
a55f6c,RPA4466 ,United States,1778033938,1778033940,-85.7552,38.2064,335.28,false,63.81,163.61,-2.93,,259.08,1775,false,0
a6cf20,LAE2806 ,United States,1778033939,1778033939,-99.2729,25.2629,10363.2,false,228.02,304.34,0.0,,10980.42,,false,0
ac679b,N899JR  ,United States,1778033939,1778033939,-90.7149,42.4165,586.74,false,33.39,303.69,4.55,,541.02,,false,0
a8d5bd,AAL2497 ,United States,1778033940,1778033940,-77.739,36.9742,8534.4,false,227.6,20.65,0.33,,8770.62,5534,false,0
a67b76,N517AF  ,United States,1778033939,1778033939,-112.865,33.5331,3078.48,false,52.0,244.2,0.0,,3070.86,,false,0
4ba8ce,TKJ9BH  ,Turkey,1778033939,1778033939,25.2977,42.9441,11277.6,false,246.64,138.13,0.0,,11399.52,6276,false,0
781704,CSN3091 ,China,1778033939,1778033939,120.6156,14.3587,1539.24,false,104.71,112.53,0.33,,1661.16,,false,0
a68e8b,VOI7861 ,United States,1778033939,1778033939,-106.1188,35.8272,11582.4,false,185.34,201.15,-0.33,,11795.76,6557,false,0
abdc56,SWA2753 ,United States,1778033939,1778033939,-91.6506,39.3554,7924.8,false,199.38,309.98,0.0,,8001.0,,false,0
a67b81,ASA52   ,United States,1778033939,1778033939,-152.1223,65.1457,12496.8,false,233.63,167.28,0.0,,12214.86,,false,0
a43b91,DAL975  ,United States,1778033939,1778033939,-84.4349,33.6446,,true,9.26,90.0,,,,0762,false,0
7c080a,BVG     ,Australia,1778033939,1778033939,115.9439,-32.7081,2316.48,false,69.45,90.0,0.0,,2453.64,3701,false,0
4b8e46,PGT70P  ,Turkey,1778033939,1778033939,30.8331,35.94,11582.4,false,212.48,355.97,0.0,,11711.94,6121,false,0
a6cb48,JBU655  ,United States,1778033939,1778033939,-80.1258,35.7932,11582.4,false,237.15,192.53,0.0,,11948.16,3446,false,0
a765ec,JIA5655 ,United States,1778033939,1778033939,-76.0681,38.8751,8229.6,false,238.26,40.53,-0.33,,8427.72,7107,false,0
a43b85,DAL924  ,United States,1778033939,1778033939,-91.5784,44.2677,9928.86,false,266.03,117.9,13.0,,9761.22,2644,false,0
ac50d1,DAL2774 ,United States,1778033939,1778033939,-83.1137,41.8429,4998.72,false,181.48,330.82,-5.2,,4975.86,3770,false,0
abdc78,SWA3069 ,United States,1778033939,1778033939,-73.6645,41.5195,6035.04,false,207.5,355.31,-4.88,,6134.1,7322,true,0
aa10c3,FDX1670 ,United States,1778033939,1778033939,-77.3379,40.2017,5554.98,false,194.04,268.18,15.93,,5593.08,1626,false,0
abdc92,ASH4009 ,United States,1778033939,1778033939,-101.6927,31.0502,9753.6,false,192.52,280.47,-0.33,,10180.32,2756,false,0
3b7544,CTM021  ,France,1778033939,1778033939,4.6839,43.598,1524.0,false,142.31,149.36,-5.2,,1554.48,1000,false,0
acfc56,DAL2120 ,United States,1778033939,1778033939,-117.1778,34.1584,5265.42,false,185.13,251.87,-10.4,,5311.14,4751,false,0
0b4150,FAG706  ,Guatemala,1778033939,1778033939,-90.5278,14.5258,1851.66,false,79.84,170.36,3.58,,1950.72,0510,false,0
ad83dd,N970CF  ,United States,1778033761,1778033762,-118.2372,33.8897,53.34,false,28.29,270.0,-3.9,,22.86,,false,0
c07754,CGTEX   ,Canada,1778033912,1778033924,-123.4834,48.642,281.94,false,51.59,286.81,-0.98,,251.46,,false,0
a81e38,FFT4708 ,United States,1778033939,1778033939,-79.2125,36.4772,9319.26,false,243.01,55.44,-12.35,,9624.06,2045,false,0
a7fe27,FFT2400 ,United States,1778033939,1778033939,-86.6511,32.3231,11277.6,false,254.34,57.72,0.0,,11818.62,,false,0
a68e4c,SKW6506 ,United States,1778033939,1778033939,-112.1122,40.9222,2834.64,false,118.3,354.76,-8.45,,2834.64,6027,false,0
407fae,TOM8FL  ,United Kingdom,1778033939,1778033939,23.584,45.256,11582.4,false,220.45,311.69,0.0,,11719.56,5320,false,0
a55b50,AAL3283 ,United States,1778033939,1778033939,-110.7972,35.0787,9761.22,false,196.28,255.27,-0.33,,9837.42,,false,0
7c4ee9,PVF     ,Australia,1778033670,1778033671,145.0919,-37.9736,,true,0.0,317.81,,,,3000,false,0
a06aba,RPA4456 ,United States,1778033939,1778033939,-84.7968,39.9024,7200.9,false,223.79,89.74,8.78,,7307.58,,false,0
a3e5fa,DAL1051 ,United States,1778033939,1778033939,-101.1967,44.366,10363.2,false,208.6,254.11,0.0,,10165.08,3671,false,0
a15778,FDX980  ,United States,1778033939,1778033939,-109.5459,38.4836,10980.42,false,235.45,273.13,-0.33,,11064.24,0706,false,0
ac50fa,FDX6030 ,United States,1778033939,1778033939,140.9478,35.4741,3451.86,false,161.16,92.38,6.5,,3611.88,3177,false,0
abdc9b,SWA174  ,United States,1778033939,1778033939,-112.0069,33.4397,,true,8.75,90.0,,,,,false,0
a6cb01,LXJ537  ,United States,1778033933,1778033933,-99.9763,38.1127,12496.8,false,272.67,119.13,-0.33,,12649.2,3517,false,0
a0baa6,AVL128  ,United States,1778033891,1778033891,-78.5413,38.0436,2301.24,false,76.45,36.79,0.33,,2331.72,,false,0
a39723,EDV5110 ,United States,1778033939,1778033939,-90.2188,42.3393,8549.64,false,195.89,283.67,-0.33,,8496.3,1341,false,0
aba800,GTI8697 ,United States,1778033939,1778033939,132.6501,35.2517,12192.0,false,218.97,232.35,0.0,,12580.62,6113,false,0
a15743,KOW186  ,United States,1778033939,1778033939,-118.221,34.0264,822.96,false,102.11,167.78,-5.85,,807.72,,false,0
aa23b3,RPA3493 ,United States,1778033940,1778033940,-81.0686,35.2865,4061.46,false,163.93,210.35,-6.5,,4183.38,1102,false,0
a55b69,RFS713  ,United States,1778033939,1778033939,-122.4609,47.4419,1196.34,false,52.57,258.14,0.0,,1196.34,,false,0
c0776b,KNT202  ,Canada,1778033939,1778033939,-81.3738,33.7815,12496.8,false,215.53,16.36,0.33,,12923.52,7464,false,0
7c4ec7,PUH     ,Australia,1778033939,1778033939,115.8766,-32.1005,,true,0.0,123.75,,,,,false,0
a7fe2d,LXJ614  ,United States,1778033939,1778033939,-105.1399,31.9303,12496.8,false,287.66,91.43,-0.33,,12931.14,1342,false,0
ac7809,EJA902  ,United States,1778033826,1778033826,-117.1904,32.7348,,true,0.64,61.88,,,,0555,false,0
a01112,AAL1578 ,United States,1778033939,1778033939,-97.0983,45.6197,10363.2,false,208.47,257.75,0.0,,10104.12,7302,false,0
c8173a,ZKTZZ   ,New Zealand,1778033939,1778033939,172.6552,-43.5395,419.1,false,65.36,28.18,0.33,,487.68,,false,0
aa6ba4,UAL927  ,United States,1778033939,1778033939,-122.3514,37.5893,3329.94,false,159.82,158.47,0.33,,3390.9,2113,false,0
ac0f26,SWA488  ,United States,1778033939,1778033939,-87.0904,37.8903,11277.6,false,292.49,94.24,0.0,,11559.54,7306,false,0
ab56b4,N83HD   ,United States,1778033939,1778033939,-86.9497,34.4207,10767.06,false,290.36,104.68,-4.88,,11163.3,2133,false,0
39bdab,AFR1391 ,France,1778033939,1778033939,23.7905,44.5778,11582.4,false,206.63,310.15,0.0,,11711.94,5352,false,0
8991be,CAL833  ,Taiwan,1778033939,1778033939,101.6013,14.4366,6621.78,false,200.44,247.52,-6.5,,7040.88,,false,0
aa7ebc,UAL2848 ,United States,1778033939,1778033939,-78.5131,37.9161,11582.4,false,209.46,231.58,0.0,,11849.1,2607,false,0
7c3c75,L77     ,Australia,1778033936,1778033937,115.8829,-32.088,-106.68,false,0.0,0.0,0.0,,0.0,,false,0
7802be,CSZ9883 ,China,1778033756,1778033756,114.0179,23.2784,6012.18,false,211.57,6.0,-0.33,,6362.7,,false,0
8991d9,SJX309  ,Taiwan,1778033938,1778033939,120.527,24.1037,1684.02,false,115.02,235.39,-3.9,,1790.7,,false,0
c80449,ZKELT   ,New Zealand,1778033939,1778033939,169.5373,-46.1888,1493.52,false,60.19,71.57,0.33,,1569.72,,false,0
aa7ec3,UAL676  ,United States,1778033673,1778033675,-97.6696,30.2026,,true,0.13,149.06,,,,1770,false,0
aa7ec2,UAL754  ,United States,1778033939,1778033939,-104.1227,41.8053,10972.8,false,209.15,258.22,0.33,,10896.6,,false,0
a1314e,AAL3287 ,United States,1778033939,1778033939,-96.4603,34.0139,7239.0,false,230.41,28.4,7.15,,7475.22,,false,0
7802d8,CSC9362 ,China,1778033938,1778033939,131.8177,33.831,10378.44,false,182.06,255.1,0.0,,10782.3,3163,false,0
7cf3a5,        ,Australia,1778033926,1778033926,151.1772,-33.9306,,true,1.03,185.62,,,,,false,0
a4f414,RPA4778 ,United States,1778033678,1778033697,-77.0394,38.8675,68.58,false,54.17,175.64,-0.33,,22.86,1634,false,0
abef16,SWA4286 ,United States,1778033912,1778033912,-81.298,28.4304,,true,13.38,180.0,,,,0373,true,0
add490,N990VT  ,United States,1778033708,1778033708,-84.5632,33.3515,274.32,false,44.04,307.41,-2.6,,243.84,,false,0
c06403,WJA1167 ,Canada,1778033939,1778033939,-112.1013,42.5911,11582.4,false,202.98,356.95,0.33,,11650.98,1624,false,0
a0cdf3,AAL2090 ,United States,1778033939,1778033939,-97.9988,32.8406,6164.58,false,185.08,285.31,4.23,,6385.56,,false,0
a5bdb7,N4692Q  ,United States,1778033939,1778033939,-122.8662,42.3614,434.34,false,28.0,339.57,-0.98,,419.1,,false,0
a14452,SWA3175 ,United States,1778033939,1778033939,-103.8206,39.0487,7223.76,false,206.14,312.17,-13.33,,7292.34,,false,0
a13121,N176TA  ,United States,1778033935,1778033935,-157.266,20.9748,1653.54,false,58.51,122.43,0.0,,1744.98,4671,false,0
8991a8,CAL223  ,Taiwan,1778033939,1778033939,121.409,25.0744,685.8,false,87.0,92.03,-5.2,,762.0,6023,false,0
ac89f7,JBU1827 ,United States,1778033939,1778033939,-77.2239,36.2024,11582.4,false,235.41,207.74,0.0,,11887.2,5641,false,0
a68dd5,BPX264  ,United States,1778033940,1778033940,-80.3157,25.9879,266.7,false,40.58,50.66,-0.65,,266.7,,false,0
adc17b,AAL1104 ,United States,1778033886,1778033886,-100.3356,37.5352,10355.58,false,198.04,321.43,0.0,,10523.22,,false,0
abef2f,SWA1249 ,United States,1778033819,1778033819,-104.6417,39.8295,1653.54,false,74.1,1.19,-3.58,,1653.54,2201,false,0
a19dff,RPA5602 ,United States,1778033939,1778033939,-74.404,42.7331,9585.96,false,255.83,88.04,-6.83,,9700.26,7134,false,0
a20df0,N231TR  ,United States,1778033938,1778033939,-101.0547,42.581,12504.42,false,259.33,100.28,0.0,,12443.46,,false,0
a1311e,SKW3332 ,United States,1778033931,1778033937,-104.6881,39.8511,1615.44,true,0.0,357.19,,,,,false,0
a1a74e,N20521  ,United States,1778033939,1778033939,-80.8222,26.4402,1280.16,false,47.42,118.51,0.33,,1310.64,,false,0
ac76ae,TAI563  ,United States,1778033895,1778033895,-93.8365,17.4111,11285.22,false,237.0,150.76,-0.33,,12024.36,,false,0
49d1cd,SEJ875  ,Czech Republic,1778033938,1778033939,77.572,13.6524,4747.26,false,182.44,333.36,13.33,,4914.9,,false,0
ac63a2,CXK456  ,United States,1778033938,1778033938,-84.6819,34.1928,1996.44,false,69.55,111.25,0.0,,2011.68,,false,0
3c8207,AP1     ,Germany,1778033940,1778033940,9.226,48.6924,,true,8.75,73.12,,,,,false,0
ad1c11,AAL1291 ,United States,1778033939,1778033939,-108.2686,32.0384,9144.0,false,191.58,285.42,0.0,,9410.7,2401,false,0
3c3ece,RM306   ,Germany,1778033709,1778033709,8.5623,50.0295,,true,2.57,149.06,,,,,false,0
ac0f4d,SWA4260 ,United States,1778033939,1778033939,-118.1104,33.7839,236.22,false,74.94,314.44,-3.58,,220.98,3141,false,0
8511ec,JAL20   ,Japan,1778033737,1778033752,129.7897,37.1991,10050.78,false,243.87,121.54,0.0,,10325.1,0043,false,0
c80485,ZKBUD   ,New Zealand,1778033641,1778033641,176.1478,-37.6679,182.88,false,46.41,125.98,0.65,,327.66,,false,0
a79b93,N59FH   ,United States,1778033939,1778033939,-83.4675,33.0472,5417.82,false,156.23,332.76,-9.43,,5631.18,7406,false,0
ae4f28,LS31    ,United States,1778033938,1778033939,-117.2123,32.7038,38.1,false,48.0,17.46,-0.65,,30.48,,false,0
acc6d1,AAL3099 ,United States,1778033939,1778033939,-93.0418,45.0024,10363.2,false,198.07,301.3,0.0,,10149.84,4522,false,0
a01180,SKW4652 ,United States,1778033939,1778033939,-120.7578,37.6577,7056.12,false,219.5,261.51,-11.7,,7200.9,,false,0
c1e5dc,TOW 910 ,Canada,1778033933,1778033933,-123.1894,49.1989,,true,1.54,25.31,,,,,false,0
ad83b7,DAL2306 ,United States,1778033939,1778033939,-87.5324,37.64,10370.82,false,199.11,322.24,-0.33,,10652.76,3112,false,0
ae06d8,BLCAT60 ,United States,1778033939,1778033939,136.3739,35.1705,7612.38,false,178.99,79.4,0.0,,7909.56,7656,false,0
a3845c,JBU549  ,United States,1778033939,1778033939,-77.88,35.661,12192.0,false,224.65,218.02,0.0,,12519.66,3466,false,0
a52736,DAL66   ,United States,1778033938,1778033939,-63.6727,43.6359,11277.6,false,251.29,60.71,0.0,,11391.9,,false,0
ac0f6c,SWA4501 ,United States,1778033939,1778033939,-90.587,37.9126,9029.7,false,214.81,184.95,10.4,,9227.82,,false,0
86dd6e,JAL113  ,Japan,1778033939,1778033939,138.5441,35.0435,8526.78,false,205.96,259.78,-0.33,,8907.78,2006,false,0
a4076a,DAL1690 ,United States,1778033939,1778033939,-114.5614,36.4326,8679.18,false,200.24,37.69,7.15,,8732.52,7354,false,0
ac76f2,DAL2527 ,United States,1778033939,1778033939,-82.5771,34.6539,8321.04,false,264.04,53.96,4.55,,8625.84,7206,false,0
a3711a,JBU845  ,United States,1778033939,1778033939,-71.4428,42.8753,7673.34,false,200.37,276.49,7.15,,7787.64,,false,0
a56db1,SKW5809 ,United States,1778033939,1778033939,-106.2692,41.7753,8237.22,false,209.39,179.3,0.0,,8199.12,,false,0
abef79,SWA59   ,United States,1778033939,1778033939,-96.9301,32.9194,1379.22,false,122.68,298.28,8.45,,1348.74,,false,0
a2d9a2,FDX1223 ,United States,1778033939,1778033939,-118.7949,46.8858,10675.62,false,244.95,111.18,0.33,,10888.98,,false,0
85120e,JAL608  ,Japan,1778033939,1778033939,138.9219,34.7046,6202.68,false,235.46,80.95,-5.2,,6492.24,4646,false,0
a07f46,DAL2068 ,United States,1778033939,1778033939,-91.7657,39.7634,9745.98,false,173.26,266.08,-0.33,,9867.9,4354,false,0
a87453,USC270  ,United States,1778033939,1778033939,-99.201,38.8466,12192.0,false,169.27,265.47,0.0,,12329.16,,false,0
a8c439,PDT6017 ,United States,1778033939,1778033939,-81.3252,35.1492,3680.46,false,149.14,278.13,5.53,,3779.52,1170,false,0
ab313c,DAL1733 ,United States,1778033939,1778033939,-82.7969,30.8829,7315.2,false,255.76,157.41,0.0,,7688.58,6042,false,0
a6cacb,DAL564  ,United States,1778033939,1778033939,-105.8487,41.9229,10363.2,false,210.29,296.13,-0.33,,10302.24,2335,false,0
ab4489,DAL32   ,United States,1778033939,1778033939,-83.9509,35.4758,8229.6,false,246.59,13.02,0.33,,8519.16,2070,false,0
c00e6c,FLE703  ,Canada,1778033939,1778033939,-122.0187,49.0854,1546.86,false,115.86,221.76,-6.5,,1577.34,0676,false,0
a023a5,AAL166  ,United States,1778033939,1778033939,-86.208,42.1564,11292.84,false,293.75,89.9,0.0,,11330.94,2651,false,0
7c19ab,FCT     ,Australia,1778033939,1778033939,150.3036,-31.7472,2407.92,false,83.86,216.52,0.0,,2499.36,,false,0
a3c192,FFT4428 ,United States,1778033939,1778033939,-76.7628,38.5743,3230.88,false,180.68,34.91,-3.9,,3284.22,4175,false,0
4ba95a,THY76Y  ,Turkey,1778033939,1778033939,-123.1912,49.1978,,true,4.12,241.88,,,,,false,0
840587,SJO858  ,Japan,1778033933,1778033933,140.1664,41.0701,8442.96,false,210.97,178.74,16.26,,8458.2,,false,0
a50192,RPA4396 ,United States,1778033939,1778033939,-78.226,41.6918,8229.6,false,247.98,90.59,0.33,,8305.8,5717,false,0
acb468,PDT5938 ,United States,1778033939,1778033939,-76.999,36.4053,4404.36,false,208.73,64.76,-7.15,,4541.52,3144,false,0
e485cd,GLO1968 ,Brazil,1778033939,1778033939,-42.1004,-20.8177,11887.2,false,238.81,24.03,0.0,,12481.56,,false,0
7cf486,GREENROM,Australia,1778033914,1778033914,151.176,-33.9348,,true,3.34,81.56,,,,,false,0
4ba945,THY6    ,Turkey,1778033939,1778033939,-85.0176,42.9497,9448.8,false,293.81,88.8,0.33,,9448.8,3544,false,0
7816c9,CSN6085 ,China,1778033678,1778033682,139.0341,38.6087,9753.6,false,250.01,101.63,0.0,,10020.3,,false,0
acb46d,ASA572  ,United States,1778033939,1778033939,-99.3899,46.9631,10843.26,false,225.33,287.81,1.63,,10568.94,0515,false,0
8990e4,EVA052  ,Taiwan,1778033938,1778033938,-101.0094,34.7874,10668.0,false,271.81,128.24,0.0,,11003.28,1406,false,0
a4e115,UPS1391 ,United States,1778033924,1778033938,-89.8505,32.9097,6926.58,false,233.72,38.21,8.78,,7223.76,,false,0
7c06cb,BML     ,Australia,,1778033938,,,,false,80.36,39.81,0.0,,,,false,0
8990f6,MDA366  ,Taiwan,1778033939,1778033939,121.2327,24.9787,1584.96,false,121.55,46.71,-4.88,,1661.16,,false,0
a1ef41,N2235V  ,United States,1778033939,1778033939,-118.2264,33.8897,114.3,false,34.47,270.86,-2.28,,99.06,,false,0
a396a9,ENY3511 ,United States,1778033853,1778033853,-97.049,32.8815,,true,6.17,180.0,,,,,false,0
8990f5,MDA334  ,Taiwan,1778033937,1778033937,119.8676,23.197,2446.02,false,121.85,161.03,0.0,,2567.94,,false,0
acb470,AAL3061 ,United States,1778033939,1778033939,-74.8687,39.9129,1211.58,false,100.91,343.41,-6.18,,1203.96,2363,false,0
8990f4,CAL081  ,Taiwan,1778033650,1778033652,113.9144,21.0602,11003.28,false,240.14,264.96,0.0,,11696.7,,false,0
ad846f,JBU8775 ,United States,1778033801,1778033801,-96.7341,43.5806,,true,0.0,109.69,,,,4163,false,0
a88737,FFT4954 ,United States,1778033939,1778033939,-77.8367,32.58,9456.42,false,211.27,11.8,0.0,,9837.42,,false,0
a010ac,LN103JL ,United States,1778033939,1778033939,-87.818,41.6228,4160.52,false,140.46,217.71,17.23,,4091.94,6572,false,0
a99414,WBC1    ,United States,1778033939,1778033939,-117.3978,33.8531,2697.48,false,144.52,229.62,-6.83,,2697.48,2306,false,0
86dc9a,ANA816  ,Japan,1778033939,1778033939,119.105,13.0984,12428.22,false,254.88,52.3,2.6,,13258.8,,false,0
8990ec,CAL761  ,Taiwan,1778033894,1778033898,120.6767,20.0076,12192.0,false,256.46,184.49,0.0,,12946.38,2642,false,0
8990c0,"",Taiwan,1778033629,1778033631,116.5229,20.8684,12192.0,false,237.43,243.77,0.0,,12908.28,,false,0
a79aae,ASA2618 ,United States,1778033939,1778033939,-76.0702,37.4642,11887.2,false,230.74,40.12,0.0,,12153.9,3424,false,0
8990bc,SJX314  ,Taiwan,1778033939,1778033939,121.1795,24.8345,5760.72,false,219.71,58.21,11.05,,6080.76,,false,0
a32f1b,ENY3779 ,United States,1778033939,1778033939,-107.0794,42.5427,10363.2,false,213.94,316.17,0.0,,10256.52,1427,false,0
a3c163,DAL9936 ,United States,1778033871,1778033926,-93.2278,44.8653,,true,0.06,357.19,,,,,false,0
aef42d,R43550  ,United States,1778033939,1778033939,-107.1159,32.1436,3078.48,false,55.53,283.39,0.0,,3162.3,,false,0
8990d9,EVA028  ,Taiwan,1778033939,1778033939,-124.6276,39.5648,9144.0,false,228.58,87.81,0.0,,9403.08,1442,false,0
aa7dad,AAL3306 ,United States,1778033939,1778033939,-96.8035,41.9582,9791.7,false,226.97,1.69,-4.88,,9707.88,,false,0
a7fdab,ASA310  ,United States,1778033938,1778033938,-163.455,64.1912,9319.26,false,241.55,106.58,7.15,,8945.88,,false,0
a3c15d,DAL779  ,United States,,1778033791,,,,false,173.83,256.83,0.0,,,,false,0
852539,        ,Japan,1778033939,1778033939,139.7526,35.78,640.08,false,42.33,106.23,0.33,,769.62,1200,false,0
8990ce,EVA233  ,Taiwan,1778033939,1778033939,120.8341,21.1757,11582.4,false,239.11,201.98,0.0,,12313.92,2606,false,0
a81dbc,ASA752  ,United States,1778033674,1778033674,-116.3948,33.8568,2659.38,false,120.35,121.72,-4.55,,2842.26,3554,false,0
aa7f48,UAL696  ,United States,1778033939,1778033939,-104.6751,39.8602,,true,2.83,300.94,,,,,false,0
aa7f46,UAL1453 ,United States,1778033939,1778033939,-109.2479,38.0625,11277.6,false,246.3,93.23,0.0,,11361.42,,false,0
c05095,WEN3685 ,Canada,1778033937,1778033937,-119.3734,49.9263,609.6,false,65.02,355.46,-4.55,,579.12,,false,0
a263dc,ENY4010 ,United States,1778033939,1778033939,-99.2237,27.8743,8534.4,false,213.33,203.6,-0.65,,9029.7,0535,false,0
a32f82,EDV5320 ,United States,1778033939,1778033939,-75.1034,40.2753,8542.02,false,211.71,230.82,-0.33,,8709.66,2615,false,0
a32f85,N304PT  ,United States,1778033939,1778033939,-155.1562,60.7698,8229.6,false,139.36,83.22,0.33,,7932.42,,false,0
a526e6,ASA1301 ,United States,1778033939,1778033939,-120.2211,41.2648,10972.8,false,205.78,350.07,-0.33,,11201.4,6755,false,0
a4f3a8,UPS1445 ,United States,1778033939,1778033939,-77.2115,40.3181,6675.12,false,217.75,98.15,-7.15,,6789.42,5765,false,0
a513b9,UPS1153 ,United States,1778033939,1778033939,-76.3864,40.1717,4701.54,false,216.36,100.13,-12.35,,4770.12,5761,false,0
a5ac14,ASA2619 ,United States,1778033939,1778033939,-108.3015,36.8114,12192.0,false,222.06,290.62,0.0,,12344.4,,false,0
c05086,ACA327  ,Canada,1778033701,1778033846,-79.8618,48.9144,11582.4,false,220.25,295.01,0.0,,11285.22,,false,0
a526e2,AAL2277 ,United States,1778033939,1778033939,-108.508,32.089,10363.2,false,194.62,277.59,0.0,,10690.86,1133,false,0
a646bc,SKW4975 ,United States,1778033939,1778033939,-111.0084,31.9673,2430.78,false,125.16,139.5,-4.88,,2468.88,2026,false,0
780470,CSZ9816 ,China,1778033936,1778033938,114.9697,22.8064,6979.92,false,211.73,263.58,-10.4,,7391.4,,false,0
a9819b,AAL2330 ,United States,1778033936,1778033936,-97.0344,32.9091,,true,5.66,90.0,,,,,false,0
a899a2,UAL964  ,United States,1778033939,1778033939,-7.6304,49.0892,10668.0,false,246.62,110.51,0.0,,10607.04,,false,0
3c81ce,DHL8    ,Germany,1778033932,1778033932,12.2246,51.4173,,true,6.17,104.06,,,,,false,0
aa7f23,UAL2435 ,United States,1778033939,1778033939,-110.8094,42.7236,10972.8,false,229.2,247.29,0.0,,10988.04,3206,false,0
c803ca,ZKEBK   ,New Zealand,1778033939,1778033939,172.3547,-43.231,1036.32,false,52.46,26.82,-3.25,,1104.9,,false,0
c00e24,ACA1174 ,Canada,1778033934,1778033938,-64.9179,47.3846,8839.2,false,251.83,71.42,0.33,,8900.16,2213,false,0
a406c9,FFT3981 ,United States,1778033939,1778033939,-111.2247,40.1365,7178.04,false,203.77,268.7,-11.38,,7269.48,,false,0
0d08eb,VOI183  ,Mexico,1778033939,1778033939,-99.9542,18.8158,8153.4,false,190.91,123.9,-10.4,,8717.28,1451,false,0
c00e17,ACA1126 ,Canada,1778033939,1778033939,-103.2265,51.6719,11277.6,false,241.32,104.57,0.0,,11041.38,,false,0
780488,CSN6621 ,China,1778033939,1778033939,113.724,22.4832,2377.44,false,135.27,284.99,4.23,,2484.12,,false,0
a143e9,SWA162  ,United States,1778033937,1778033937,-117.1983,32.7346,,true,5.92,146.25,,,,5436,false,0
ab574c,N83PF   ,United States,1778033921,1778033921,-158.0246,21.415,464.82,false,46.2,251.16,-2.93,,495.3,1200,false,0
a1dc2a,ENY4000 ,United States,1778033939,1778033939,-87.6535,41.2617,5349.24,false,194.34,163.39,11.38,,5303.52,6203,false,0
780491,CCA1955 ,China,1778033914,1778033914,116.3727,40.3385,3474.72,false,142.32,285.95,17.56,,3467.1,,false,0
aa7f05,UAL1575 ,United States,1778033939,1778033939,-103.189,40.0603,10363.2,false,204.98,265.11,-0.33,,10355.58,,false,0
c05056,ACA174  ,Canada,1778033717,1778033727,-87.6299,47.722,11277.6,false,257.41,114.31,0.0,,10995.66,,false,0
aa7f03,UAL2856 ,United States,1778033939,1778033940,-90.6116,33.3398,11582.4,false,187.47,246.04,0.0,,12070.08,2670,false,0
aa7f02,UAL1461 ,United States,1778033939,1778033939,-88.9833,14.5297,7101.84,false,215.67,172.87,-5.85,,7581.9,7406,false,0
aa7f01,UAL344  ,United States,1778033939,1778033939,-91.7687,31.6044,11582.4,false,190.18,241.22,0.0,,12131.04,1615,false,0
c05054,ACA618  ,Canada,1778033939,1778033939,-71.3554,44.6039,11277.6,false,251.6,82.6,-3.58,,11323.32,0516,false,0
86dbba,"",Japan,1778033706,1778033706,127.3235,26.1048,2118.36,false,129.09,110.53,0.0,,2263.14,,false,0
84059f,JA01HR  ,Japan,1778033919,1778033929,141.3005,43.2009,533.4,false,58.22,152.08,-1.63,,556.26,,false,0
a539c9,DAL240  ,United States,1778033939,1778033939,8.0114,44.6421,11894.82,false,243.87,116.84,0.33,,11940.54,1142,false,0
c05044,ACA558  ,Canada,1778033939,1778033939,-121.8704,46.224,11277.6,false,252.23,168.23,0.0,,11559.54,7034,false,0
ab3117,KFS21   ,United States,1778033939,1778033939,-94.8512,32.1513,10972.8,false,190.09,222.37,0.33,,11475.72,1167,false,0
ac6428,EJM70   ,United States,1778033935,1778033938,-122.0502,37.4102,,true,0.06,247.5,,,,2071,false,0
882ed3,HSKVS   ,Thailand,1778033909,1778033910,102.8962,4.11,12496.8,false,265.48,158.16,-0.33,,13312.14,,false,0
abdaa4,GTI8992 ,United States,1778033939,1778033939,-153.5778,60.6416,8321.04,false,211.24,75.76,-7.48,,8046.72,,false,0
7cf452,"",Australia,1778033657,1778033657,151.1816,-33.9369,,true,9.26,253.12,,,,,false,0
0d08b3,"",Mexico,1778033931,1778033931,-96.0503,17.0554,10363.2,false,236.97,307.59,0.0,,11071.86,,false,0
c1e666,SWP96   ,Canada,1778033939,1778033939,-123.1748,49.1979,,true,2.57,340.31,,,,,false,0
341119,BCS47H  ,Spain,1778033937,1778033937,2.0641,41.2421,320.04,false,73.05,19.33,-3.9,,358.14,1000,false,0
7cf43a,        ,Australia,1778033820,1778033820,151.1896,-33.9397,,true,7.46,222.19,,,,,false,0
7cf43b,CAR10   ,Australia,1778033940,1778033940,151.174,-33.9467,,true,18.52,345.94,,,,,false,0
7cf43c,CAR60   ,Australia,1778033787,1778033787,151.1662,-33.9449,,true,2.31,78.75,,,,,false,0
7cf43d,"",Australia,1778033897,1778033918,151.1835,-33.9374,,true,13.89,67.5,,,,,false,0
c0506b,ACA1099 ,Canada,1778033939,1778033939,-73.9066,41.3462,10668.0,false,232.7,13.94,0.0,,10820.4,0751,false,0
ab3133,DAL1428 ,United States,1778033937,1778033939,-78.9518,28.9714,11582.4,false,268.32,186.72,0.0,,12115.8,6730,false,0
a43c56,MVK89   ,United States,1778033939,1778033939,-93.5595,42.6337,1539.24,false,66.04,115.37,0.0,,1463.04,,false,0
7c3ae0,LWY     ,Australia,1778033939,1778033939,116.8896,-30.7281,8229.6,false,157.01,19.33,0.0,,8503.92,4051,false,0
c05067,ACA325  ,Canada,1778033939,1778033939,-103.2716,52.1362,11582.4,false,233.81,272.65,0.33,,11361.42,,false,0
7cf444,CAR64   ,Australia,1778033935,1778033936,151.1702,-33.9356,,true,6.94,75.94,,,,,false,0
e485b0,TAM3196 ,Brazil,1778033935,1778033935,-46.2066,-20.2927,11269.98,false,276.36,10.62,0.65,,11894.82,4167,false,0
3c81c8,DHL4    ,Germany,1778033766,1778033766,12.2399,51.4092,,true,1.29,264.38,,,,,false,0
851295,JA31DP  ,Japan,1778033940,1778033940,139.3418,35.9184,373.38,false,55.93,55.87,-0.98,,495.3,1200,false,0
a383e4,N32544  ,United States,1778033939,1778033939,-111.2817,33.0261,1783.08,false,60.29,64.75,0.0,,1737.36,,false,0
ac6445,AAL3153 ,United States,1778033939,1778033939,-86.5846,41.9353,8625.84,false,245.61,111.89,9.1,,8641.08,1303,false,0
3d4d3f,EIS04   ,Germany,1778033939,1778033939,13.4795,53.8958,3413.76,false,99.18,101.37,-0.65,,3421.38,1674,false,0
a44f77,EJM377  ,United States,1778033939,1778033939,-83.81,36.2904,12496.8,false,220.21,29.38,0.33,,12816.84,2563,false,0
c1e65b,OPS25   ,Canada,1778033736,1778033744,-123.1811,49.1906,,true,6.69,5.62,,,,,false,0
881bc5,SNY25   ,Thailand,1778033768,1778033784,100.5994,13.9464,335.28,false,45.44,120.63,-2.28,,297.18,,false,0
c06589,ACA759  ,Canada,1778033939,1778033939,-114.3474,41.9497,10972.8,false,239.61,241.67,0.0,,11102.34,6275,false,0
a9f6d4,BVN7518 ,United States,1778033938,1778033939,-84.9079,32.6635,1028.7,false,76.62,25.88,2.6,,1043.94,,false,0
acb4e4,FDX1293 ,United States,1778033935,1778033935,-92.4866,43.9072,,true,0.0,2.81,,,,3606,true,0
e4999e,TAM3267 ,Brazil,1778033937,1778033939,-57.1766,-13.1666,10980.42,false,236.38,286.31,0.0,,11757.66,,false,0
a2a0ff,LXJ269  ,United States,1778033939,1778033939,-94.1149,31.9145,11864.34,false,263.94,132.71,-4.88,,12428.22,3541,false,0
008d3c,"",South Africa,1778033852,1778033852,28.1846,-27.0363,6560.82,false,151.27,0.97,-9.1,,6888.48,,false,0
aa6d9a,ENY3456 ,United States,1778033939,1778033939,-85.0279,42.2999,8839.2,false,271.72,91.52,-0.33,,8854.44,1343,false,0
c1e890,INSP68  ,Canada,1778033925,1778033925,-79.655,43.6804,,true,26.75,225.0,,,,,false,0
a20eb0,CXK475  ,United States,1778033939,1778033939,-115.0691,36.0046,2042.16,false,57.29,333.9,0.33,,2019.3,4203,false,0
a06bb6,N126TS  ,United States,1778033926,1778033939,-122.2176,47.4936,,true,0.0,357.19,,,,,false,0
a7ff72,SKW6037 ,United States,1778033939,1778033939,-118.6998,34.5581,6842.76,false,159.43,350.9,8.78,,6903.72,7215,false,0
a4e0ec,SKW3223 ,United States,1778033939,1778033939,-120.3729,39.4476,11277.6,false,237.25,169.88,0.33,,11506.2,,false,0
71c224,JNA222  ,Republic of Korea,1778033939,1778033939,139.543,35.6983,9281.16,false,185.2,269.68,13.33,,9669.78,4154,false,0
71c221,KAL125  ,Republic of Korea,1778033939,1778033939,126.6144,34.2938,9753.6,false,245.27,184.93,0.0,,10073.64,,false,0
a2a0ee,FDX1213 ,United States,1778033939,1778033939,-117.7017,34.6098,8107.68,false,224.93,65.55,12.35,,8176.26,1070,false,0
71c220,TWB251  ,Republic of Korea,1778033659,1778033670,133.424,36.1375,11277.6,false,272.08,83.05,0.0,,11597.64,4306,false,0
c82910,OGN320  ,New Zealand,1778033935,1778033935,174.7052,-40.5983,3855.72,false,129.57,69.55,0.0,,4053.84,,false,0
ac9a72,AR1     ,United States,1778033633,1778033634,-80.2124,25.7932,30.48,false,7.15,120.26,-1.3,,30.48,,false,0
a80c87,ASA66   ,United States,1778033939,1778033939,-131.2128,56.0428,11887.2,false,225.76,143.99,0.0,,11963.4,,false,0
c82923,SKL5    ,New Zealand,1778033939,1778033939,169.5642,-46.1819,3276.6,false,137.48,67.56,-10.08,,3329.94,,false,0
a14502,EDV5535 ,United States,1778033939,1778033939,-89.3769,31.9604,10363.2,false,208.58,229.0,0.0,,10866.12,1742,false,0
c06590,ACA122  ,Canada,1778033939,1778033939,-83.9745,43.5254,10576.56,false,282.07,97.97,-5.53,,10553.7,5302,false,0
a9f6c2,FDX1209 ,United States,1778033939,1778033939,-81.7238,28.5104,4160.52,false,195.32,263.19,15.93,,4312.92,0777,false,0
a993ad,JIA5564 ,United States,1778033939,1778033939,-80.6817,37.1916,10972.8,false,203.1,238.89,0.0,,11277.6,0567,false,0
aa11d3,SRY1802 ,United States,1778033876,1778033876,-163.9643,58.3649,9448.8,false,187.94,72.81,0.0,,9296.4,,false,0
71c240,KAL855  ,Republic of Korea,1778033653,1778033654,125.2197,37.394,9174.48,false,214.72,277.3,0.0,,9471.66,,false,0
a38522,KII437  ,United States,1778033939,1778033939,-94.3853,36.8664,8839.2,false,261.51,59.5,-0.33,,9075.42,,false,0
aa11c9,ENY3397 ,United States,1778033939,1778033939,-85.3336,42.3054,8229.6,false,273.24,91.29,0.0,,8260.08,6562,false,0
c06541,ACA792  ,Canada,1778033940,1778033940,-94.0787,40.8404,11277.6,false,295.7,69.11,0.0,,11323.32,2410,false,0
7cf632,        ,Australia,1778033939,1778033939,115.9581,-31.9619,,true,12.35,106.88,,,,,false,0
a886bf,AAL571  ,United States,1778033940,1778033940,-87.0974,41.85,6736.08,false,229.62,49.82,-2.93,,6728.46,2346,false,0
c0653d,ACA995  ,Canada,1778033939,1778033939,-78.5868,39.9198,11582.4,false,232.76,204.41,0.0,,11772.9,6224,false,0
c05218,ROU2016 ,Canada,1778033940,1778033940,-77.8927,43.9423,7703.82,false,271.71,67.51,5.53,,7696.2,6352,false,0
c05219,ROU1661 ,Canada,1778033939,1778033939,-80.7825,35.5486,8229.6,false,240.61,18.71,0.33,,8519.16,1440,false,0
74482a,RJA826  ,Jordan,1778033925,1778033925,38.0138,32.8407,10058.4,false,261.27,71.64,0.0,,10302.24,,false,0
48506d,TFL511  ,Kingdom of the Netherlands,1778033781,1778033781,-77.8176,25.7375,11887.2,false,262.35,68.97,-0.33,,12496.8,,false,0
a2b501,UAL878  ,United States,1778033939,1778033939,-122.9711,38.3872,6888.48,false,209.9,135.3,-8.78,,7086.6,1440,false,0
a5ac3b,AAL2882 ,United States,1778033939,1778033939,-99.1296,42.272,10965.18,false,203.36,238.76,0.33,,10896.6,6152,false,0
7cf617,        ,Australia,1778033929,1778033929,115.9494,-31.9358,,true,2.83,2.81,,,,,false,0
c06539,ACA993  ,Canada,1778033939,1778033940,-87.2265,35.159,12192.0,false,213.29,205.89,0.0,,12611.1,0527,false,0
a740a0,PFA258  ,United States,1778033939,1778033939,-80.1106,25.9448,190.5,false,69.99,1.68,-0.33,,175.26,,false,0
c82952,ANZ254  ,New Zealand,1778033939,1778033939,174.4369,-41.4899,1661.16,false,160.53,90.92,-6.18,,1783.08,,false,0
c82953,ANZ264  ,New Zealand,1778033939,1778033939,168.2588,-45.1257,2766.06,false,117.6,158.71,-4.55,,2849.88,,false,0
0c605f,BWA526  ,Trinidad and Tobago,1778033939,1778033939,-60.5757,10.0406,10363.2,false,238.75,325.18,0.0,,11018.52,,false,0
a19ecf,SKW4656 ,United States,1778033939,1778033939,-89.0847,39.9893,10363.2,false,178.26,224.3,-0.33,,10515.6,0027,false,0
71c219,HL8219  ,Republic of Korea,1778033939,1778033939,128.8856,37.6994,5966.46,false,134.29,270.88,-2.6,,6149.34,7223,false,0
040249,ETH3403 ,Ethiopia,1778033715,1778033939,51.0078,23.0623,11285.22,false,242.05,99.54,0.0,,11940.54,4514,false,0
71c210,KAL091  ,Republic of Korea,1778033939,1778033939,139.0205,37.9257,8229.6,false,265.41,66.47,0.0,,8496.3,,false,0
8405f9,JA01MK  ,Japan,1778033939,1778033939,139.7076,35.5382,388.62,false,54.58,258.58,1.3,,502.92,1200,false,0
040240,ETH500  ,Ethiopia,1778033922,1778033922,12.2175,41.8367,137.16,false,72.58,163.11,-3.58,,205.74,7420,true,0
040243,ETH700  ,Ethiopia,1778033937,1778033939,24.2672,34.7792,12192.0,false,220.92,318.78,0.0,,12435.84,,false,0
c06558,ACA1293 ,Canada,1778033939,1778033939,-122.667,48.8112,3421.38,false,163.75,313.47,-2.93,,3505.2,3145,false,0
744829,RJA613  ,Jordan,1778033449,1778033938,55.3386,25.271,5379.72,false,104.78,299.08,10.73,,281.94,6212,false,0
a20ed3,CXK525  ,United States,1778033939,1778033939,-96.5347,32.604,853.44,false,68.64,66.12,-0.65,,784.86,,false,0
a06bd3,AAL2065 ,United States,1778033939,1778033939,-88.3317,37.7745,11269.98,false,276.9,71.03,0.0,,11551.92,,false,0
ab594c,N830KX  ,United States,1778033938,1778033938,-122.9485,45.5346,,true,2.57,272.81,,,,,false,0
a7b6bf,N5965G  ,United States,1778033939,1778033939,-84.0883,35.9167,617.22,false,43.69,102.24,0.65,,579.12,,false,0
c0654b,ACA595  ,Canada,1778033939,1778033940,-87.5175,36.0137,11582.4,false,199.88,222.6,0.0,,11963.4,2226,false,0
a6cc45,AAL352  ,United States,1778033931,1778033932,-78.2353,32.171,10668.0,false,210.0,7.18,0.0,,11079.48,3761,false,0
7803e6,CES511  ,China,1778033930,1778033938,126.7617,37.5793,76.2,false,68.03,134.69,-3.58,,137.16,5441,false,0
a2c86d,FDX1650 ,United States,1778033939,1778033939,-118.0784,33.6588,5715.0,false,213.97,82.12,12.68,,5753.1,2025,false,0
aa395b,SKW6361 ,United States,1778033939,1778033939,-85.9581,42.315,8633.46,false,268.07,91.1,6.83,,8625.84,6206,false,0
a49206,DAL746  ,United States,1778033939,1778033939,-104.555,39.4732,2735.58,false,127.06,287.92,-0.33,,2720.34,3162,false,0
503ce6,TR3ZZZZZ,Lithuania,,1778033937,,,,true,83.97,53.97,-0.65,,,1000,false,0
7803f7,"",China,1778033935,1778033935,116.5666,40.2491,2369.82,false,127.82,337.77,10.73,,2362.2,,false,0
7803f4,CCA927  ,China,1778033899,1778033937,129.7604,37.2133,10652.76,false,243.26,121.77,1.3,,10934.7,3040,false,0
7c2a57,"",Australia,1778033881,1778033881,151.4352,-33.264,220.98,false,35.51,181.66,1.95,,289.56,,false,0
a2a219,N269TD  ,United States,1778033939,1778033939,-150.5816,60.9866,731.52,false,75.64,237.5,-0.98,,662.94,0311,false,0
aba7b0,DAL2931 ,United States,1778033922,1778033924,-104.6707,39.8544,,true,0.0,180.0,,,,,false,0
a3c233,DAL1387 ,United States,1778033939,1778033939,-84.4823,33.1456,11277.6,false,259.96,60.09,0.0,,11750.04,7204,false,0
ab44af,DAL108  ,United States,1778033939,1778033939,-82.8804,33.8843,6957.06,false,239.99,58.32,4.55,,7216.14,2517,false,0
a52898,UAL552  ,United States,1778033940,1778033940,-122.2752,37.467,2339.34,false,126.55,130.88,-4.88,,2377.44,1117,false,0
7c91b0,22A     ,Australia,1778033706,1778033706,152.9973,-27.5695,,true,0.51,272.81,,,,,false,0
abca00,AAL1639 ,United States,1778033937,1778033937,-86.3924,27.9418,10972.8,false,200.9,295.32,0.33,,11590.02,0650,true,0
7cf4a6,RED O   ,Australia,1778033629,1778033826,151.1707,-33.94,,true,1.29,182.81,,,,,false,0
aba7d9,FDX5928 ,United States,1778033939,1778033939,-113.5461,51.1992,10668.0,false,270.19,126.72,0.0,,10713.72,,false,0
c8298d,ZKIDJ   ,New Zealand,1778033902,1778033903,176.9928,-38.2265,396.24,false,48.13,349.53,0.0,,533.4,,false,0
4aaa6b,DFL5930 ,Sweden,1778033939,1778033939,17.038,59.5653,381.0,false,57.37,39.54,0.0,,403.86,,false,0
a8881e,QXE2029 ,United States,1778033939,1778033939,-120.0503,35.8335,8839.2,false,237.23,162.59,-0.33,,8999.22,4121,false,0
a37279,EPI385  ,United States,1778033938,1778033939,-83.687,30.1364,1508.76,false,52.76,113.57,0.0,,1554.48,,false,0
a25288,NIT249  ,United States,1778033939,1778033939,-84.7281,32.6303,1051.56,false,64.0,85.39,-0.33,,1036.32,,false,0
a37265,DAL1262 ,United States,1778033939,1778033939,-122.4557,47.447,2148.84,false,107.01,0.28,-5.53,,2194.56,,false,0
7cf4fe,PINKTR1 ,Australia,1778033937,1778033937,151.1861,-33.9358,,true,7.72,73.12,,,,,false,0
aa7fa1,DAL1713 ,United States,1778033939,1778033939,-99.8873,31.6369,10363.2,false,189.46,276.39,0.0,,10797.54,3566,false,0
a037b9,DAL1892 ,United States,1778033940,1778033940,-78.2406,31.9594,11590.02,false,240.35,201.73,0.0,,12039.6,4765,false,0
aa3923,LBQ791  ,United States,1778033848,1778033931,-82.4197,38.4287,944.88,false,110.38,238.53,-3.9,,1005.84,2511,false,0
acb4c1,DAL2205 ,United States,1778033939,1778033939,-99.4805,38.9426,10363.2,false,172.25,282.42,0.0,,10439.4,1604,false,0
781802,"",China,1778033936,1778033936,113.5702,22.7511,1554.48,false,106.15,8.64,-4.55,,1630.68,,false,0
a2fbf1,UAL2641 ,United States,1778033939,1778033939,-87.2907,43.102,11582.4,false,178.57,271.49,0.0,,11529.06,1531,false,0
ad1d3d,AAL2285 ,United States,1778033939,1778033939,-88.0786,41.8946,2080.26,false,138.34,263.17,15.93,,1981.2,,false,0
71c293,AAR701  ,Republic of Korea,1778033925,1778033925,120.4449,16.0707,6652.26,false,213.63,172.81,-5.53,,8138.16,,false,0
a13285,N1765G  ,United States,1778033939,1778033939,-80.6061,33.3006,2560.32,false,75.66,225.0,0.65,,2621.28,,false,0
a37245,ATN765  ,United States,1778033908,1778033923,-97.0301,32.8794,,true,0.0,2.81,,,,,false,0
4ba902,TKJ7UM  ,Turkey,1778033939,1778033939,27.2352,41.4397,9578.34,false,247.76,134.07,-8.78,,9707.88,1730,false,0
7c2a5b,INH     ,Australia,1778033939,1778033939,150.3392,-33.2982,2164.08,false,54.91,254.79,0.0,,2286.0,1200,false,0
7cf4e0,        ,Australia,1778033864,1778033864,151.1672,-33.945,,true,10.8,258.75,,,,,false,0
71c285,KAL541  ,Republic of Korea,1778033939,1778033939,41.6143,40.9392,10972.8,false,244.16,272.9,0.0,,10972.8,0131,false,0
e49952,PPBFB   ,Brazil,1778033938,1778033938,-102.316,38.0086,14081.76,false,225.11,317.96,-2.6,,14218.92,,false,0
78180a,CSN8031 ,China,1778033939,1778033940,-118.4591,33.9514,11887.2,false,264.81,129.01,0.0,,12001.5,1421,false,0
a74268,N567RF  ,United States,1778033939,1778033939,-82.0981,26.9887,4556.76,false,129.28,119.83,-0.65,,4785.36,7644,false,0
c050c4,ACA777  ,Canada,1778033939,1778033939,-114.8693,35.6619,11582.4,false,233.52,228.13,0.0,,11689.08,7645,false,0
c050c0,ACA155  ,Canada,1778033939,1778033939,-89.131,48.6282,10972.8,false,223.02,303.14,0.0,,10645.14,,false,0
a4f59c,AAL402  ,United States,1778033939,1778033939,-95.1386,33.7962,9144.0,false,194.27,246.76,0.0,,9509.76,4306,false,0
c063ce,CWA921  ,Canada,1778033636,1778033667,-114.4874,54.3375,6522.72,false,128.38,350.31,-6.83,,6842.76,,false,0
c063cc,CWA929  ,Canada,1778033939,1778033939,-113.6635,53.4882,2415.54,false,102.6,321.92,10.73,,2407.92,,false,0
ac6596,SWA1400 ,United States,1778033939,1778033939,-115.1611,36.0767,952.5,false,83.47,273.18,12.03,,891.54,,false,0
a3729a,LXJ321  ,United States,1778033939,1778033939,-121.8946,36.7481,4792.98,false,163.82,341.51,-6.5,,4892.04,2055,false,0
7817bb,"",China,,1778033939,,,,false,204.59,215.69,0.0,,,,false,0
a8758b,QXE2113 ,United States,1778033665,1778033673,-122.5939,45.5873,,true,0.0,36.56,,,,,false,0
ad857e,AAL2890 ,United States,1778033841,1778033843,-111.8266,38.6436,9745.98,false,240.3,271.23,0.0,,9837.42,7117,false,0
a9e512,N737AF  ,United States,1778033764,1778033764,-118.1505,33.8139,7.62,false,26.24,270.0,-1.3,,-15.24,,false,0
ae089d,DEVIL32 ,United States,1778033935,1778033939,-99.9197,29.8138,5547.36,false,73.0,240.91,-3.25,,5821.68,,false,0
85134a,SFJ78   ,Japan,1778033939,1778033939,139.9677,35.1636,2994.66,false,138.17,41.23,-4.23,,3154.68,0452,false,0
aca22e,DAL913  ,United States,1778033939,1778033939,-94.8816,46.9906,10363.2,false,218.77,292.1,0.0,,10058.4,2600,false,0
7817cb,QDA909  ,China,1778033939,1778033939,126.3868,37.2109,10058.4,false,242.32,89.39,0.0,,10370.82,,false,0
7817e0,CCA439  ,China,1778033790,1778033790,116.6504,39.1828,10698.48,false,266.33,99.9,-0.33,,10980.42,,false,0
7817e1,CCA4186 ,China,1778033939,1778033939,115.2318,39.8728,9784.08,false,195.59,233.34,0.0,,10020.3,,false,0
a92bd2,N690MJ  ,United States,1778033939,1778033939,-91.0112,31.3647,13106.4,false,169.95,275.21,-0.33,,13677.9,4033,false,0
a05a03,UAL2248 ,United States,1778033939,1778033939,-75.9898,42.8777,8229.6,false,242.56,148.27,0.0,,8267.7,0544,false,0
ad7279,N966AJ  ,United States,1778033939,1778033939,-111.5928,40.3321,3246.12,false,42.37,330.95,1.95,,3246.12,,false,0
c828ad,ZKNJL   ,New Zealand,1778033921,1778033921,176.8643,-39.5076,121.92,false,28.97,6.12,0.0,,243.84,,false,0
a1dd2d,RPA5707 ,United States,1778033939,1778033939,-86.4391,36.3156,1043.94,false,95.95,256.04,-6.5,,998.22,2130,false,0
840646,TOK411  ,Japan,1778033938,1778033939,140.9426,42.1047,5768.34,false,167.82,14.38,-5.85,,5905.5,6061,false,0
0d07f6,VOI5604 ,Mexico,1778033939,1778033939,-99.984,25.6035,3147.06,false,139.93,180.21,7.48,,3284.22,,false,0
a1a7df,CXK663  ,United States,1778033938,1778033939,-111.608,33.0611,1120.14,false,45.27,0.0,-2.28,,1082.04,,false,0
a74224,JIA5137 ,United States,1778033939,1778033939,-78.1075,41.2302,7620.0,false,235.92,28.24,-0.65,,7734.3,3450,false,0
8991ff,FC101   ,Taiwan,1778033856,1778033856,121.015,25.0705,1211.58,false,71.67,224.13,0.0,,1287.78,4656,false,0
8991fa,TU510   ,Taiwan,1778033938,1778033938,120.9965,22.4114,3649.98,false,54.02,90.0,0.0,,3855.72,,false,0
acb59c,AAL2251 ,United States,1778033938,1778033939,-93.5903,33.7506,11277.6,false,288.3,70.72,0.0,,11734.8,,false,0
406e10,VIR41R  ,United Kingdom,1778033939,1778033939,-115.7426,46.9698,12184.38,false,272.3,214.92,0.0,,12329.16,,false,0
a144e5,FDX1678 ,United States,1778033937,1778033937,-112.0164,33.4257,,true,0.0,90.0,,,,,false,0
a43d09,UPS1395 ,United States,1778033939,1778033939,-83.042,33.4454,9761.22,false,218.57,344.3,0.0,,10165.08,3746,false,0
a0aa1b,UCA4893 ,United States,1778033939,1778033939,-87.4101,34.2531,5646.42,false,172.08,236.83,7.48,,5852.16,,false,0
c828ca,ZKEBM   ,New Zealand,1778033806,1778033806,172.0813,-43.4201,396.24,false,28.37,22.38,-3.25,,449.58,,false,0
7817fb,DKH1379 ,China,1778033939,1778033939,140.6674,35.5913,2971.8,false,160.26,347.39,0.65,,3139.44,4422,false,0
a0bd33,FDX1358 ,United States,1778033933,1778033934,-93.232,44.882,,true,0.0,30.94,,,,,false,0
8991e0,SJX840  ,Taiwan,1778033939,1778033939,121.5287,25.3042,2659.38,false,179.29,78.08,12.03,,2796.54,6247,false,0
7c07cd,BTR     ,Australia,1778033939,1778033939,153.4109,-27.8077,640.08,false,56.75,112.38,-1.3,,716.28,3347,false,0
aa2548,BRG3632 ,United States,1778033939,1778033939,-161.4056,66.8258,1386.84,false,82.03,274.32,0.0,,1303.02,,false,0
a9d0fe,RPA3420 ,United States,1778033939,1778033939,-89.8212,35.2744,1021.08,false,94.14,241.61,-5.85,,990.6,3053,false,0
c050a0,WEN3368 ,Canada,1778033639,1778033639,-105.2789,50.4417,3649.98,false,163.47,104.95,-7.15,,3596.64,,false,0
86efb0,ANA837  ,Japan,1778033939,1778033939,139.8382,35.4049,1729.74,false,107.68,242.7,4.23,,1851.66,7015,false,0
8991da,"",Taiwan,1778033881,1778033881,118.0146,22.0567,10355.58,false,229.76,208.63,-0.33,,11003.28,,false,0
7804e9,CCA1218 ,China,1778033900,1778033900,116.718,40.1724,3055.62,false,149.76,173.09,-0.33,,3070.86,,false,0
a7687b,ASA631  ,United States,1778033939,1778033939,-121.2832,43.5626,11887.2,false,250.6,170.91,0.0,,12131.04,,false,0
c828dc,ZKTPT   ,New Zealand,1778033939,1778033939,172.4688,-43.0768,1005.84,false,44.86,40.82,-1.63,,1135.38,,false,0
ad727a,ASA329  ,United States,1778033939,1778033939,-87.9426,42.3795,3436.62,false,179.69,355.07,7.8,,3329.94,6532,false,0
ad727d,AAL3053 ,United States,1778033939,1778033939,-90.6971,39.452,11887.2,false,274.87,38.01,0.33,,12070.08,,false,0
8991f4,B36002  ,Taiwan,1778033939,1778033939,120.8203,21.9565,3360.42,false,98.26,180.3,0.33,,3558.54,,false,0
a011ac,AAL1110 ,United States,1778033937,1778033937,-119.0544,35.437,,true,0.0,8.44,,,,3453,false,0
a7a532,DAL845  ,United States,1778033939,1778033940,-95.8622,30.2593,10355.58,false,194.65,283.45,0.0,,10904.22,7255,false,0
3c8190,FM4     ,Germany,1778033898,1778033907,12.2437,51.4103,,true,4.63,264.38,,,,,false,0
ad9811,AAL2206 ,United States,1778033939,1778033939,-80.4533,25.7802,723.9,false,84.98,87.22,-4.55,,762.0,0230,false,0
780571,CSZ8565 ,China,1778033909,1778033909,113.8535,23.4956,10393.68,false,231.99,197.95,0.0,,11026.14,,false,0
a9d284,ASA1350 ,United States,1778033727,1778033731,-118.4353,33.9441,,true,3.6,354.38,,,,,false,0
a42a10,AMX471  ,United States,1778033939,1778033939,-96.4455,27.8503,11582.4,false,210.78,205.44,0.0,,12230.1,,false,0
8418cc,JAL315  ,Japan,1778033939,1778033939,139.7749,35.5554,,true,4.89,329.06,,,,,false,0
a7b7c5,DAL745  ,United States,1778033939,1778033939,-103.0698,38.4535,10370.82,false,194.91,310.29,0.33,,10462.26,,false,0
780594,CSN6299 ,China,1778033937,1778033937,114.2747,22.795,4671.06,false,201.22,280.16,-16.26,,5554.98,,false,0
ad2ea9,DAL2715 ,United States,1778033939,1778033939,-78.3611,39.5018,6050.28,false,212.49,106.02,-9.43,,6149.34,5733,false,0
ad2ea4,AAL2864 ,United States,1778033939,1778033939,-101.0299,34.2972,10668.0,false,290.43,98.04,-0.33,,11041.38,6753,false,0
0d07ca,XARYK   ,Mexico,1778033939,1778033939,-99.1603,19.7791,7315.2,false,190.55,272.63,-3.9,,7818.12,,false,0
ab4541,N825US  ,United States,1778033939,1778033939,-114.641,36.5375,2781.3,false,63.71,51.56,-0.33,,2788.92,4745,false,0
704012,MMA302  ,Myanmar,1778033903,1778033934,96.4071,16.7723,2385.06,false,136.21,334.02,-6.18,,2491.74,,false,0
704011,MMA620  ,Myanmar,1778033939,1778033939,87.6731,21.8828,11582.4,false,209.74,304.0,-0.33,,12245.34,7401,false,0
704018,MMA425  ,Myanmar,,1778033928,,,,false,143.73,133.69,-4.55,,,,false,0
ab586f,AAL2375 ,United States,1778033939,1778033939,-109.1719,32.623,10668.0,false,276.88,104.53,-0.33,,10927.08,,false,0
a30a0e,SWA1513 ,United States,1778033939,1778033939,-97.6156,43.5593,11292.84,false,266.42,63.14,0.0,,11125.2,,false,0
78059f,CCA1206 ,China,1778033877,1778033877,116.6566,40.4135,3596.64,false,152.31,116.91,0.0,,3634.74,,false,0
a42a5c,DAL2285 ,United States,1778033939,1778033939,-96.0761,44.0233,10386.06,false,265.31,62.39,-5.53,,10226.04,,false,0
ab321c,DAL309  ,United States,1778033935,1778033936,-156.1259,21.2659,6972.3,false,231.73,85.42,4.23,,7368.54,2601,false,0
aba84a,N850KS  ,United States,1778033939,1778033939,-97.7038,31.0051,1043.94,false,85.58,120.73,-1.95,,998.22,,false,0
49d276,SEJ194  ,Czech Republic,1778033939,1778033939,76.3096,28.3362,3093.72,false,149.09,63.79,-6.5,,3169.92,6426,false,0
a0aa7c,DAL2107 ,United States,1778033933,1778033937,-108.3876,39.8242,10363.2,false,238.3,235.56,0.0,,10431.78,3675,false,0
abeeea,SWA1661 ,United States,1778033939,1778033939,-92.6385,41.1736,11277.6,false,295.87,79.78,0.0,,11300.46,1451,false,0
a251f0,FDX1229 ,United States,1778033939,1778033939,-121.5269,38.6448,891.54,false,126.55,102.68,13.66,,883.92,3263,false,0
a92bff,N690PD  ,United States,1778033651,1778033651,-94.5254,39.088,556.26,false,55.54,15.58,0.0,,525.78,,false,0
a2b4ea,UAL1635 ,United States,1778033938,1778033938,-77.4565,38.9338,,true,1.03,286.88,,,,,false,0
a2fd6a,FDX1622 ,United States,1778033939,1778033939,-83.0772,40.3776,8542.02,false,207.64,263.46,0.0,,8671.56,4146,false,0
a384f8,DAL2846 ,United States,1778033939,1778033939,-83.1409,42.2182,8229.6,false,247.56,106.67,0.33,,8267.7,3604,false,0
8418b4,JAL6    ,Japan,1778033925,1778033934,139.7716,35.5457,,true,0.0,329.06,,,,,false,0
a1ca5f,SWA2806 ,United States,1778033939,1778033939,-114.972,35.9987,2286.0,false,127.08,90.93,-6.18,,2293.62,,false,0
c03197,CFSUG   ,Canada,1778033939,1778033939,-112.8593,53.0337,6301.74,false,116.49,42.85,-5.53,,6286.5,,false,0
781949,CSN307  ,China,1778033939,1778033939,21.4286,58.2601,11582.4,false,223.54,248.39,0.0,,11369.04,7673,false,0
a1244b,UAL679  ,United States,1778033939,1778033939,-116.0144,35.3932,6675.12,false,184.73,48.27,-11.7,,6751.32,5237,false,0
71c345,KAL031  ,Republic of Korea,1778033939,1778033939,140.0105,38.0511,11018.52,false,314.71,82.86,4.23,,11338.56,4314,false,0
a13767,FDX1313 ,United States,1778033933,1778033938,-90.264,29.9889,,true,0.0,284.06,,,,,false,0
880c44,AIQ5422 ,Thailand,1778033939,1778033939,99.7945,12.9323,11582.4,false,228.97,185.54,0.0,,12329.16,3334,false,0
880c43,"",Thailand,,1778033915,,,,false,252.69,39.13,0.0,,,,false,0
a91e9a,LBQ792  ,United States,1778033939,1778033939,-76.7003,43.1515,2468.88,false,109.16,267.57,0.65,,2430.78,,false,0
a37738,ENY4011 ,United States,1778033939,1778033939,-85.597,30.8175,8839.2,false,270.84,111.15,0.33,,9296.4,0556,false,0
78062e,CSN6725 ,China,1778033687,1778033688,114.25,23.6453,10088.88,false,233.59,37.75,0.0,,10706.1,,false,0
00409b,FXZ12   ,Zimbabwe,,1778033909,,,,false,242.56,352.08,-4.88,,,,false,0
a0ade2,AAL2587 ,United States,1778033939,1778033939,-76.0865,37.0109,594.36,false,79.46,218.43,0.0,,594.36,1556,false,0
a2a70f,LXJ270  ,United States,1778033939,1778033939,-80.918,25.9037,2118.36,false,137.21,28.68,0.33,,2209.8,,false,0
406b4a,VIR23X  ,United Kingdom,1778033939,1778033939,-111.5081,41.5903,12184.38,false,269.19,206.08,0.33,,12260.58,,false,0
71c366,ABL321  ,Republic of Korea,1778033935,1778033937,125.0912,37.3946,9182.1,false,204.29,268.7,0.0,,9471.66,7156,false,0
486072,KLM644  ,Kingdom of the Netherlands,1778033939,1778033939,-70.0424,42.9402,11887.2,false,270.02,55.01,-0.33,,11963.4,1676,false,0
a1242d,UAL2858 ,United States,1778033760,1778033905,-108.495,35.7166,10972.8,false,185.44,231.99,0.0,,11132.82,,false,0
a4e746,LXJ415  ,United States,1778033939,1778033939,-102.3433,32.8172,13098.78,false,189.73,306.62,0.0,,13517.88,2444,false,0
71c363,TWB681  ,Republic of Korea,1778033671,1778033671,128.6755,35.2377,6484.62,false,202.55,199.13,8.78,,5669.28,,false,0
a2a77b,N270LE  ,United States,1778033804,1778033804,-71.2662,42.4934,228.6,false,58.75,217.17,-2.93,,182.88,2765,false,0
aaaebf,FDX1278 ,United States,1778033939,1778033939,-87.3286,33.622,9753.6,false,210.26,315.2,0.0,,10134.6,1537,false,0
780650,CES9623 ,China,1778033928,1778033928,113.9199,22.3319,,true,8.75,70.31,,,,,false,0
a7cb53,DAL2170 ,United States,1778033939,1778033939,-104.54,31.853,10980.42,false,188.1,282.48,-0.33,,11414.76,1136,false,0
71c318,JJA2211 ,Republic of Korea,1778033603,1778033799,122.8244,26.5004,10972.8,false,238.98,198.71,0.0,,11506.2,,false,0
7c2ac0,JTE985  ,Australia,1778033939,1778033939,116.6083,-30.6143,10972.8,false,181.39,198.69,-0.33,,11277.6,3751,false,0
aaaebc,N788FA  ,United States,1778033939,1778033939,-119.158,35.5763,1005.84,false,65.07,161.57,-3.58,,975.36,,false,0
155c65,AZO7008 ,Russian Federation,1778033363,1778033935,45.9691,41.8889,10050.78,false,213.15,74.89,6.5,,7665.72,6760,false,0
71c311,"",Republic of Korea,,1778033934,,,,false,193.4,305.25,0.0,,,,false,0
71c315,KAL1079 ,Republic of Korea,1778033931,1778033937,126.6912,35.0254,6096.0,false,199.86,185.02,0.0,,6332.22,7214,false,0
71c316,JJA1392 ,Republic of Korea,1778033939,1778033939,133.7799,34.9573,10066.02,false,202.68,305.18,8.78,,10424.16,,false,0
71c306,TWB288  ,Republic of Korea,1778033939,1778033939,127.6587,36.9935,5547.36,false,202.66,328.81,-8.13,,5745.48,3154,false,0
ad7828,SWA1423 ,United States,1778033939,1778033940,-70.8819,42.4982,815.34,false,84.07,248.46,-4.88,,792.48,0555,false,0
a9d5e7,UAL484  ,United States,1778033936,1778033936,-104.6802,39.8528,,true,0.0,272.81,,,,3033,true,0
a9d5e5,UAL1615 ,United States,1778033939,1778033939,-86.4674,39.8714,7010.4,false,216.19,126.0,0.0,,7094.22,1403,false,0
a9d5e4,UAL1384 ,United States,1778033938,1778033938,-88.8335,29.5497,10668.0,false,275.6,111.92,0.0,,11262.36,3516,false,0
155c53,SDM6442 ,Russian Federation,1778032150,1778033938,46.9009,61.9756,10972.8,false,204.76,260.89,0.0,,10812.78,,false,0
a1babb,ENY4017 ,United States,1778033737,1778033737,-93.4023,37.2097,571.5,false,62.57,21.71,-3.9,,533.4,0271,false,0
503d3d,SZN216  ,Lithuania,1778033737,1778033743,-17.0726,14.6488,144.78,false,73.57,359.2,-3.9,,175.26,,false,0
71c332,JJA113  ,Republic of Korea,1778033939,1778033939,126.7409,35.4913,6096.0,false,219.47,184.98,0.0,,6324.6,7476,false,0
a8a2a6,N6557M  ,United States,1778033939,1778033939,-92.181,45.0493,1280.16,false,55.41,311.24,-1.3,,1181.1,,false,0
a9e8ce,ASA541  ,United States,1778033939,1778033939,-123.263,47.8273,6614.16,false,198.31,324.29,8.45,,6812.28,,false,0
e49c00,TAM3444 ,Brazil,1778033932,1778033939,-44.6861,-21.2567,11277.6,false,254.3,38.1,0.0,,11887.2,4164,false,0
a23138,ENY4260 ,United States,1778033939,1778033939,-85.6567,34.9245,10058.4,false,275.35,84.75,0.33,,10439.4,6262,false,0
71c328,ABL8809 ,Republic of Korea,1778033939,1778033939,128.4761,35.6881,4648.2,false,178.46,161.51,-7.48,,4838.7,7245,false,0
a7cb67,JIA5503 ,United States,1778033939,1778033939,-84.7651,38.4521,10980.42,false,185.84,258.5,0.33,,11231.88,2536,false,0
71c322,JJA1326 ,Republic of Korea,1778033937,1778033937,134.3594,34.5495,7406.64,false,175.73,275.54,24.71,,7505.7,,false,0
71c323,TWB303  ,Republic of Korea,1778033939,1778033939,126.8289,37.2944,3169.92,false,179.08,65.2,5.85,,3276.6,4342,false,0
71c327,TWB710  ,Republic of Korea,1778033939,1778033939,126.989,36.2529,5379.72,false,183.41,5.31,-5.2,,5577.84,,false,0
06a069,QTR837  ,Qatar,1778032835,1778033936,51.1412,22.8706,2804.16,false,264.52,3.9,0.0,,10332.72,4027,false,0
a50725,DAL70   ,United States,1778033938,1778033939,-11.3847,55.4634,11887.2,false,257.59,105.29,0.0,,11772.9,,false,0
06a066,QTR22B  ,Qatar,1778033939,1778033939,-84.587,42.9092,9448.8,false,301.13,57.56,0.0,,9433.56,3471,false,0
aceeb5,N932SP  ,United States,1778033930,1778033935,-156.9447,21.0173,1082.04,false,95.47,105.31,-1.63,,1165.86,,false,0
a29dee,ENY3873 ,United States,1778033939,1778033939,-86.9768,42.1159,6454.14,false,237.51,86.9,9.75,,6454.14,6511,false,0
a4972c,UPS284  ,United States,1778032735,1778033781,13.3892,55.4728,419.1,false,252.11,41.86,-0.33,,411.48,7360,false,0
a3a155,DAL757  ,United States,1778033939,1778033939,-98.14,34.8756,10972.8,false,170.66,273.8,0.0,,11315.7,4076,false,0
a6aab5,N529DN  ,United States,1778033936,1778033936,-84.4236,33.63,,true,0.0,295.31,,,,,false,0
e49aaa,TAM8141 ,Brazil,1778033861,1778033877,-48.7541,-24.7007,11894.82,false,275.95,42.73,0.0,,12512.04,,false,0
a9873d,ASA1406 ,United States,1778033938,1778033939,-111.8106,35.6389,11582.4,false,214.33,245.46,0.0,,11696.7,0552,false,0
a65ad0,BPX202  ,United States,1778033654,1778033654,-84.5798,34.014,373.38,false,40.16,267.8,-5.2,,365.76,,false,0
7448a6,RJA810  ,Jordan,1778033939,1778033939,37.0811,32.3952,8717.28,false,252.77,65.47,6.5,,8938.26,,false,0
a05f31,DAL2245 ,United States,1778033927,1778033927,-93.2145,44.883,,true,0.0,19.69,,,,7132,false,0
a05f37,DAL2472 ,United States,1778033939,1778033939,-83.5225,36.4523,11277.6,false,225.8,18.6,0.0,,11620.5,3532,false,0
43c04e,RRR6106 ,United Kingdom,1778033939,1778033939,-9.0832,44.3219,8534.4,false,241.17,185.02,0.0,,8587.74,,false,0
abbc52,SWA2097 ,United States,1778033939,1778033939,-86.264,41.7692,11277.6,false,290.69,89.19,0.0,,11346.18,6730,false,0
3420c6,BCS8UM  ,Spain,1778033939,1778033940,8.7122,45.5151,1897.38,false,127.12,189.08,16.26,,1927.86,0423,false,0
aca6c9,WMN914  ,United States,1778033939,1778033939,-88.6144,41.5805,13098.78,false,184.22,278.67,0.0,,13167.36,5605,false,0
a149c1,SKW3017 ,United States,1778033939,1778033939,-112.0994,40.8146,3406.14,false,104.84,354.93,-1.3,,3421.38,7332,false,0
a65ae2,N5086R  ,United States,1778033939,1778033939,-122.2691,47.0397,853.44,false,54.15,14.3,-5.85,,838.2,,false,0
7cf5e5,TUG80   ,Australia,1778033939,1778033939,115.9634,-31.9295,,true,1.03,244.69,,,,,false,0
a91de8,N687HA  ,United States,1778033697,1778033701,-96.8272,32.8317,312.42,false,67.3,315.31,-3.58,,220.98,5677,false,0
a77ae0,DAL2297 ,United States,1778033939,1778033939,-110.1259,34.6075,10965.18,false,184.65,245.65,0.65,,11109.96,6621,false,0
aaf0c5,AMX320  ,United States,1778033939,1778033939,-95.3716,18.5812,10668.0,false,231.21,106.02,0.0,,11361.42,0007,false,0
ab10d4,ASA589  ,United States,1778033939,1778033939,-121.8968,39.6939,10972.8,false,211.86,352.18,0.0,,11231.88,7262,false,0
a6147f,ASA1146 ,United States,1778033642,1778033642,-156.5058,20.7958,662.94,false,107.47,35.06,-4.55,,731.52,0771,false,0
a3513d,N31241  ,United States,1778033939,1778033939,-79.0956,35.2593,1798.32,false,71.74,280.75,0.0,,1805.94,,false,0
a6aaba,DAL685  ,United States,1778033939,1778033939,-78.912,42.4717,9144.0,false,206.3,270.43,-0.33,,9235.44,1174,false,0
ac30c0,DAL858  ,United States,1778033737,1778033737,-110.0781,34.3873,10058.4,false,285.91,87.01,0.0,,10180.32,7314,false,0
7c3e85,MMV     ,Australia,1778033939,1778033939,115.4886,-32.0268,2948.94,false,57.8,20.85,4.23,,3093.72,0571,false,0
ab10df,AAL2126 ,United States,1778033940,1778033940,-88.1065,41.0631,8267.7,false,191.19,185.4,5.2,,8290.56,6563,false,0
acdc5a,SKW5350 ,United States,1778033762,1778033763,-83.7252,42.9698,335.28,false,67.42,268.25,-4.23,,251.46,6265,false,0
47c968,IGO24V  ,Norway,1778033720,1778033758,52.6472,21.913,11879.58,false,259.04,103.32,0.33,,12611.1,3331,false,0
71c399,AAR721  ,Republic of Korea,1778033939,1778033940,121.0714,24.828,10972.8,false,227.72,229.58,0.0,,11582.4,7134,false,0
ad50c9,AAL2752 ,United States,1778033939,1778033939,-79.0598,38.4636,8564.88,false,238.77,77.43,-4.88,,8778.24,6244,false,0
abbc75,SWA2339 ,United States,1778033939,1778033939,-111.3328,32.8236,4815.84,false,173.07,303.97,-10.73,,4869.18,3621,false,0
880c4c,AIQ3189 ,Thailand,1778033939,1778033939,100.3012,13.4503,5989.32,false,202.88,2.47,-11.38,,6408.42,,false,0
c05736,CGHAR   ,Canada,1778033939,1778033939,-123.3825,49.2161,304.8,false,56.36,201.41,0.0,,304.8,,false,0
71c394,ABL793  ,Republic of Korea,1778033867,1778033867,127.4646,34.0578,10363.2,false,224.12,228.44,0.0,,10721.34,,false,0
a4d42d,AAL1243 ,United States,1778033939,1778033939,-109.4598,32.4209,10363.2,false,187.77,282.02,0.0,,10622.28,3655,false,0
ac30dc,ERU885  ,United States,1778033938,1778033938,-80.9974,29.1471,579.12,false,52.02,177.17,-0.33,,594.36,,false,0
71c386,EOK322  ,Republic of Korea,1778033939,1778033939,140.0657,37.0446,7299.96,false,226.41,91.3,-9.43,,7604.76,4305,false,0
a4c104,UPS1291 ,United States,1778033856,1778033863,-85.7332,38.1927,243.84,false,60.15,165.13,-3.58,,167.64,0741,false,0
a47184,N3859V  ,United States,1778033935,1778033939,-88.1565,41.3973,944.88,false,50.35,97.63,0.33,,861.06,,false,0
acdc63,FDX1644 ,United States,1778033939,1778033939,-121.3217,37.966,7787.64,false,218.33,81.74,9.1,,7940.04,1730,false,0
aa0537,N745BA  ,United States,1778033939,1778033939,-111.9928,41.0403,1882.14,false,53.2,288.61,0.65,,1851.66,,false,0
c0440e,ACA269  ,Canada,1778033916,1778033916,-97.2268,49.9068,,true,3.34,165.94,,,,6316,false,0
46dca2,SEH781  ,Greece,1778033939,1778033939,24.5363,37.8072,3261.36,false,169.68,251.62,-9.43,,3390.9,3152,false,0
a5911c,N458PC  ,United States,1778033939,1778033939,-113.7806,33.6341,10782.3,false,176.78,280.39,-9.43,,10850.88,7311,false,0
a8672f,N640W   ,United States,1778033938,1778033939,-109.5709,35.3397,11879.58,false,293.18,86.78,1.3,,12031.98,7671,false,0
406b20,BAW5E   ,United Kingdom,1778033939,1778033939,-79.6692,26.6168,5699.76,false,198.81,197.78,-7.8,,6004.56,,false,0
406b0a,BAW28F  ,United Kingdom,1778033939,1778033939,-98.577,40.229,10668.0,false,303.5,54.45,0.0,,10675.62,,false,0
e4a42b,PSCJI   ,Brazil,1778033937,1778033937,-48.2692,-24.7901,7620.0,false,204.79,16.34,0.0,,8092.44,,false,0
a48499,UPS973  ,United States,1778033939,1778033939,-121.2166,45.7425,9860.28,false,241.81,90.73,8.45,,10111.74,,false,0
a123e0,UAL2386 ,United States,1778033931,1778033932,-77.0399,38.846,,true,3.86,210.94,,,,6344,false,0
c82c15,ZKAHB   ,New Zealand,1778033939,1778033939,176.8212,-39.4931,609.6,false,44.4,226.88,2.28,,731.52,,false,0
a1cf6b,JBU1216 ,United States,1778033939,1778033939,-78.7635,41.9332,11277.6,false,282.9,101.43,0.33,,11369.04,6554,false,0
adb476,AAL1267 ,United States,1778033939,1778033939,-82.1182,26.6458,2179.32,false,148.94,132.34,-7.48,,2286.0,3701,false,0
a389f8,SKW3676 ,United States,1778033939,1778033939,-117.9202,46.1768,4823.46,false,179.75,276.74,-9.1,,4922.52,,false,0
ac69b6,SWA2282 ,United States,1778033934,1778033939,-104.6675,39.8625,,true,0.0,0.0,,,,,false,0
86ddb2,JAL308  ,Japan,1778033939,1778033939,138.5843,34.36,9334.5,false,263.17,76.78,-6.83,,9776.46,4612,false,0
a506d1,AAL1688 ,United States,1778033939,1778033939,-85.6863,35.9387,8534.4,false,207.87,284.04,0.0,,8823.96,7162,false,0
a8a478,QXE2199 ,United States,1778033939,1778033939,-121.6052,41.7773,10972.8,false,209.71,340.81,0.0,,11209.02,7226,false,0
7c8098,ZOQ     ,Australia,1778033847,1778033935,115.8741,-32.0991,,true,0.0,163.12,,,,,false,0
a506d5,ASA604  ,United States,1778033939,1778033939,-122.1742,46.9892,3802.38,false,194.08,161.13,12.03,,3893.82,,false,0
ab6c08,DAL752  ,United States,1778033939,1778033939,-85.2113,43.012,10972.8,false,181.1,269.19,0.0,,10972.8,1173,false,0
a05f95,RPA4473 ,United States,1778033939,1778033939,-83.5508,32.9947,10668.0,false,267.5,156.54,0.0,,11125.2,6232,false,0
7c3e12,MJO     ,Australia,1778033939,1778033939,153.3657,-27.2079,121.92,false,47.16,153.43,-0.65,,198.12,1200,false,0
a3fc2a,N356M   ,United States,1778033939,1778033939,-150.7676,60.8787,883.92,false,44.74,252.61,-0.65,,815.34,0116,false,0
a1bc29,JBU966  ,United States,1778033939,1778033939,-73.726,40.0384,2689.86,false,151.64,350.83,-6.83,,2735.58,5236,true,0
851492,JAL374  ,Japan,1778033899,1778033939,136.2291,34.3187,11711.94,false,265.52,104.36,1.95,,12161.52,7311,false,0
a1cf48,JBU73   ,United States,1778033939,1778033939,-69.349,43.2606,10675.62,false,237.07,54.9,0.0,,10789.92,3063,false,0
acef18,SWA968  ,United States,1778033937,1778033937,-118.3581,34.2086,,true,7.46,345.94,,,,,false,0
a1bc6e,N2104H  ,United States,1778033939,1778033939,-118.9068,34.2854,906.78,false,55.82,99.55,0.33,,883.92,,false,0
503cb3,ELY5245 ,Lithuania,1778033929,1778033934,34.876,32.0064,,true,0.0,118.12,,,,,false,0
ab6c26,AAL2818 ,United States,1778033939,1778033940,-89.7002,37.8554,11887.2,false,286.48,66.84,-0.33,,12153.9,,false,0
a01805,RPA4436 ,United States,1778033939,1778033939,-71.0172,42.3591,,true,5.4,281.25,,,,3403,false,0
a41c56,DAL2725 ,United States,1778033939,1778033939,-77.1034,38.6033,2819.4,false,156.25,16.65,-13.0,,2872.74,1034,false,0
a29f9a,N2684A  ,United States,1778033939,1778033939,-117.2611,47.7572,1516.38,false,32.49,10.95,-6.18,,1524.0,2117,false,0
ab23b5,DAL2317 ,United States,1778033939,1778033939,-95.2965,36.8348,10668.0,false,280.78,111.16,-0.33,,10934.7,7442,false,0
7c2b36,ITK     ,Australia,1778033937,1778033939,145.0963,-37.9761,,true,3.6,354.38,,,,3000,false,0
ad0f29,SWA2766 ,United States,1778033939,1778033939,-95.2609,32.1489,8016.24,false,178.18,287.13,-5.2,,8366.76,2751,false,0
a230d6,RPA5729 ,United States,1778033939,1778033939,-84.4935,38.1369,960.12,false,78.01,221.26,0.65,,906.78,5477,false,0
a85493,FFT2251 ,United States,1778033939,1778033939,-81.7771,33.7623,9448.8,false,215.05,354.37,0.0,,9845.04,1025,false,0
a85495,TCF636  ,United States,1778033514,1778033636,-81.4091,29.9299,1493.52,false,51.97,338.51,0.0,,1554.48,3445,false,0
ab23ad,N817DE  ,United States,1778033811,1778033811,-97.3581,32.8039,304.8,false,65.48,351.87,-4.55,,228.6,5113,false,0
a30f85,ASA287  ,United States,1778033939,1778033939,-94.719,40.9698,10363.2,false,173.24,259.39,0.0,,10355.58,3401,false,0
ac56d9,SWA1681 ,United States,1778033937,1778033937,-121.927,37.3666,,true,0.0,47.81,,,,,false,0
ac56ba,SWA892  ,United States,1778033939,1778033939,-90.3178,30.0053,198.12,false,69.89,105.37,-3.58,,175.26,,false,0
ac9f52,AAL421  ,United States,1778033939,1778033939,-80.6942,42.2008,10058.4,false,282.52,74.04,-0.33,,10111.74,6262,false,0
a9610a,SCU40   ,United States,1778033938,1778033938,-96.883,35.7109,1539.24,false,54.79,65.6,0.33,,1478.28,,false,0
ac69fc,SWA999  ,United States,1778033939,1778033939,-101.3314,34.67,10972.8,false,192.48,303.22,0.33,,11323.32,,false,0
503cc0,ELY5183 ,Lithuania,1778033939,1778033939,34.0601,32.1544,6210.3,false,189.79,284.6,12.68,,6347.46,6026,false,0
abcf58,FDX9162 ,United States,1778033939,1778033939,-141.3044,60.1365,11582.4,false,241.59,289.01,0.0,,11414.76,,false,0
a3a0cc,UAL2035 ,United States,1778033939,1778033939,-75.7126,40.7912,3985.26,false,189.04,108.24,0.33,,4030.98,3166,false,0
ab1122,DAL2160 ,United States,1778033939,1778033939,-76.4183,36.4673,10668.0,false,218.51,17.54,0.0,,10949.94,,false,0
ad7754,N967NA  ,United States,1778033843,1778033843,-95.178,29.6829,571.5,false,99.48,169.27,-5.53,,533.4,,false,0
7c8032,RXA2354 ,Australia,1778033939,1778033939,116.8225,-32.3399,5486.4,false,119.75,287.5,0.0,,5684.52,4363,false,0
ad7757,N967ND  ,United States,1778033706,1778033910,-82.4518,27.0716,304.8,false,44.39,225.94,0.0,,327.66,,false,0
3949ea,AFR343  ,France,1778033939,1778033939,-6.5573,52.6165,11887.2,false,256.55,108.83,0.0,,11795.76,,false,0
7cf674,1ETU739 ,Australia,1778033920,1778033920,115.958,-31.9373,,true,4.12,0.0,,,,,false,0
3949ee,AFR111  ,France,1778033939,1778033939,14.0428,48.2777,11582.4,false,234.46,286.05,-0.33,,11650.98,1043,false,0
c055d8,JZA178  ,Canada,1778033940,1778033940,-123.9728,50.218,6065.52,false,183.9,158.67,-7.48,,6263.64,,false,0
a9d6b1,FDX1605 ,United States,1778033939,1778033939,-84.5296,33.6747,1516.38,false,136.33,301.89,19.51,,1524.0,3156,false,0
a613e0,ASA339  ,United States,1778033742,1778033742,-108.7943,39.9775,10972.8,false,205.01,310.73,-0.33,,11018.52,2573,false,0
aaadf8,SWA554  ,United States,1778033939,1778033939,-121.1012,38.1404,3185.16,false,164.89,310.7,-11.05,,3238.5,7205,false,0
c055c6,JZA168  ,Canada,1778033938,1778033939,-123.318,48.7217,922.02,false,127.69,2.31,0.33,,929.64,,false,0
c055c9,JZA345  ,Canada,1778033939,1778033939,-122.6022,53.3774,3398.52,false,156.07,2.83,-6.83,,3467.1,,false,0
aca72c,N914SW  ,United States,1778033939,1778033939,-80.2694,27.1303,365.76,false,44.3,12.75,0.33,,358.14,,false,0
7c801c,RXA6855 ,Australia,1778033933,1778033935,148.3825,-33.7994,5791.2,false,148.76,105.24,0.0,,5951.22,,false,0
a9e9db,N738ME  ,United States,1778033939,1778033939,-81.539,27.1245,1554.48,false,40.34,142.25,0.0,,1584.96,1200,false,0
a866d3,SVY314  ,United States,1778033814,1778033814,101.8669,13.2657,1912.62,false,65.34,89.55,0.0,,1965.96,,false,0
a89c23,"",United States,,1778033638,,,,false,0.0,270.0,,,,,false,0
c055eb,JZA298  ,Canada,1778033939,1778033939,-118.8499,49.5574,7315.2,false,139.42,270.21,-0.33,,7482.84,,false,0
a4c0db,SKW3425 ,United States,1778033934,1778033934,-119.7003,37.2601,3909.06,false,184.79,166.31,-9.75,,3970.02,3573,false,0
39cf01,AFR431  ,France,1778033939,1778033939,-80.3131,13.6545,11590.02,false,257.68,52.05,0.0,,12352.02,,false,0
3949e0,AFR327  ,France,1778033939,1778033939,-12.3756,53.5175,11887.2,false,260.62,108.29,0.0,,11811.0,,false,0
aa4c3e,UAL768  ,United States,1778033940,1778033940,-98.7759,29.9732,2491.74,false,141.73,212.25,0.0,,2560.32,3245,false,0
3949e4,AFR283  ,France,1778033939,1778033939,20.4438,46.7483,10972.8,false,230.3,293.99,0.0,,11109.96,3276,false,0
3949e5,AFR837  ,France,1778033939,1778033939,-7.9857,40.3699,12192.0,false,259.93,48.77,0.0,,12268.2,2201,false,0
3949e8,AFR923  ,France,1778033939,1778033939,-2.4731,42.309,12192.0,false,252.67,25.31,0.0,,12214.86,6471,false,0
3949e6,AFR217  ,France,1778033935,1778033936,43.3948,40.856,10363.2,false,253.2,273.96,0.0,,10363.2,5344,false,0
7cf647,TUG7    ,Australia,1778033925,1778033925,115.9708,-31.9421,,true,1.29,250.31,,,,,false,0
a483e0,TRP3    ,United States,1778033691,1778033703,-77.3116,39.4119,487.68,false,67.41,282.34,-1.63,,434.34,,false,0
39cf0d,AFR191  ,France,1778033939,1778033939,42.6343,40.8953,11582.4,false,241.77,273.66,0.0,,11612.88,0644,false,0
39cf0e,AFR407  ,France,1778033939,1778033939,-1.524,43.9948,12192.0,false,258.04,23.5,0.0,,12153.9,4353,false,0
ac8ae8,N907TT  ,United States,1778033938,1778033938,-151.0036,60.4656,281.94,false,38.35,83.07,-3.9,,220.98,1200,false,0
a42f8b,UPS1283 ,United States,1778033939,1778033939,-76.3902,38.7796,5935.98,false,240.56,75.64,-9.75,,6065.52,3162,false,0
a1bc92,JBU353  ,United States,1778033648,1778033739,-62.3456,47.0893,11856.72,false,256.01,52.35,0.0,,,3547,false,0
c055e9,"",Canada,1778033933,1778033933,-114.0134,51.1333,,true,0.0,196.88,,,,,false,0
a600e4,SWA1171 ,United States,1778033939,1778033939,-105.0577,41.0936,10972.8,false,208.3,239.25,0.0,,10949.94,7020,false,0
a5e0d3,SWA1264 ,United States,1778033939,1778033939,-96.4475,41.2961,2956.56,false,158.25,102.77,-6.83,,2910.84,,false,0
7cf62d,1DZA771 ,Australia,1778033938,1778033938,115.9714,-31.9304,,true,8.75,30.94,,,,,false,0
06a09a,QTR33M  ,Qatar,1778033939,1778033939,51.3459,22.3814,9144.0,false,219.29,290.6,0.0,,9692.64,4032,false,0
aca760,AAL2458 ,United States,1778033939,1778033939,-109.4678,37.0464,10363.2,false,221.62,263.47,0.0,,10431.78,1135,false,0
3949f4,AFR33J  ,France,1778033939,1778033939,-66.7801,42.2978,11277.6,false,258.16,58.53,0.0,,11414.76,2545,false,0
3949f9,AFR989  ,France,1778033939,1778033939,-6.0825,36.0746,11582.4,false,261.43,27.93,0.0,,11772.9,6460,false,0
ac578c,SWA4014 ,United States,1778033939,1778033939,-115.9473,36.2642,5806.44,false,182.17,131.79,-3.58,,5875.02,,false,0
3949f7,AFR377  ,France,1778033939,1778033939,-72.9478,44.8382,11277.6,false,280.13,61.6,-0.33,,11277.6,4314,false,0
3949f8,AFR116  ,France,1778033748,1778033934,46.8926,40.9123,10668.0,false,264.55,76.96,0.0,,10759.44,7555,false,0
a77c11,UAL1700 ,United States,1778033939,1778033939,-90.1058,39.9699,11277.6,false,286.98,71.18,0.0,,11399.52,7620,false,0
ab6aff,CXK1132 ,United States,1778033939,1778033939,-112.1053,41.3943,2164.08,false,61.24,201.18,0.33,,2148.84,,false,0
a17ecd,DAL52   ,United States,1778033911,1778033911,-61.7878,44.3805,10058.4,false,248.57,61.84,0.0,,10203.18,,false,0
06a09e,QTR5U   ,Qatar,1778033297,1778033936,51.1448,23.0943,8229.6,false,238.69,3.71,-4.55,,9387.84,4063,false,0
a759eb,DAL844  ,United States,1778033939,1778033939,-83.661,42.0327,11277.6,false,293.32,83.96,0.0,,11346.18,2417,false,0
7c806e,QFA219  ,Australia,1778033939,1778033939,13.0173,48.9659,12184.38,false,241.32,294.16,-0.33,,12214.86,3223,false,0
a3fc58,DAL2749 ,United States,1778033939,1778033939,-96.4261,36.0671,10965.18,false,203.3,187.27,-0.33,,11285.22,5220,false,0
a7a9c5,JIA5364 ,United States,1778033939,1778033939,-80.9905,34.4319,6469.38,false,206.36,184.29,11.7,,6682.74,7145,false,0
7c8065,QFA4    ,Australia,1778033939,1778033939,-75.4998,40.1222,7696.2,false,226.96,255.96,4.55,,7863.84,2625,false,0
49d13f,TVS513P ,Czech Republic,1778033935,1778033936,45.6888,40.7472,11582.4,false,206.55,278.59,0.0,,11643.36,0362,false,0
a24526,UAL1430 ,United States,1778033939,1778033939,-105.17,39.4185,4450.08,false,178.52,89.5,-7.15,,4465.32,3753,false,0
aa4c1a,"",United States,1778033938,1778033938,-104.676,39.8572,,true,3.09,222.19,,,,,false,0
407cd2,BAW64   ,United Kingdom,1778033939,1778033939,20.5609,39.9916,10972.8,false,233.18,318.22,0.0,,11209.02,2004,false,0
a3b3e5,DAL1390 ,United States,1778033939,1778033939,-74.0194,40.7075,1242.06,false,121.29,14.74,-0.33,,1226.82,6233,false,0
a29eb6,SWA1713 ,United States,1778033939,1778033939,-96.6216,34.3132,8839.2,false,251.51,18.36,0.0,,9136.38,,false,0
4ca15e,EIN12G  ,Ireland,1778033939,1778033939,-73.0311,40.5256,11887.2,false,251.86,70.68,-0.33,,12047.22,3413,false,0
a2450b,UAL2622 ,United States,1778033939,1778033939,-87.8605,42.0028,419.1,false,70.99,270.0,-3.58,,358.14,3632,false,0
aca788,SWA2711 ,United States,1778033939,1778033939,-88.4438,39.7539,11277.6,false,282.75,87.29,0.0,,11445.24,1072,false,0
aca79d,EDV5188 ,United States,1778033939,1778033939,-73.7447,40.9249,2697.48,false,136.67,301.3,13.0,,2735.58,3323,false,0
e4a2b9,AZU4978 ,Brazil,1778033939,1778033939,-47.0038,-22.9532,2545.08,false,135.24,350.14,15.93,,2743.2,,false,0
e4a2b7,AZU2785 ,Brazil,1778033937,1778033937,-47.3255,-25.1711,11399.52,false,243.05,66.42,6.5,,11963.4,,false,0
0d0377,VIV1127 ,Mexico,1778033938,1778033939,-99.2223,19.0047,5318.76,false,153.95,49.34,-2.93,,5676.9,4442,false,0
7cf688,        ,Australia,1778033939,1778033939,115.9585,-31.938,,true,0.32,219.38,,,,,false,0
a733a2,SCU12   ,United States,1778033939,1778033939,-94.7252,38.7848,1386.84,false,47.35,17.06,-1.95,,1318.26,,false,0
7cf687,1GAQ407 ,Australia,1778033939,1778033939,115.9579,-31.9544,,true,15.43,194.06,,,,,false,0
407cb0,RUK27HZ ,United Kingdom,1778033939,1778033939,0.7267,51.5994,2956.56,false,138.16,276.2,-4.88,,2964.18,3542,false,0
a3a0ca,UAL720  ,United States,1778033939,1778033939,-104.6793,40.1778,3550.92,false,191.17,353.2,10.73,,3535.68,1426,false,0
7cf831,TROJ37  ,Australia,1778033939,1778033939,139.751,-33.907,8846.82,false,167.67,66.11,0.0,,9029.7,1454,false,0
a0f230,FDX1248 ,United States,1778033939,1778033939,-81.1888,36.2452,8145.78,false,226.91,253.54,9.43,,8397.24,2214,false,0
ab3946,N822LC  ,United States,1778033684,1778033684,-122.3104,47.5425,,true,3.34,323.44,,,,3664,false,0
78072a,YZR7451 ,China,1778033641,1778033641,-87.9004,41.9902,,true,4.37,42.19,,,,,false,0
7c2ba8,VOZ739  ,Australia,1778033939,1778033939,148.9415,-33.2854,11887.2,false,233.77,37.4,0.0,,12123.42,7027,false,0
aaafad,EJA788  ,United States,1778033939,1778033939,-121.8613,37.2999,472.44,false,69.36,319.81,-4.23,,464.82,4211,false,0
4406de,AUA52   ,Austria,1778033647,1778033647,-72.6113,48.1589,10668.0,false,304.58,59.67,0.0,,10477.5,6740,false,0
a3a209,N333MB  ,United States,1778033939,1778033939,93.5819,23.4399,12496.8,false,284.17,94.05,0.0,,13152.12,0527,false,0
a2454f,UAL2258 ,United States,1778033938,1778033938,-104.6832,39.8624,,true,0.0,270.0,,,,0554,true,0
a53ba4,RPA4534 ,United States,1778033939,1778033939,-75.6575,39.3953,8229.6,false,240.83,40.5,0.33,,8382.0,0574,false,0
a4e851,N415SP  ,United States,1778033937,1778033937,-80.2675,26.5606,731.52,false,48.62,150.18,-2.93,,746.76,,false,0
a4d520,N410LF  ,United States,1778033936,1778033936,-117.4484,47.6474,868.68,false,69.11,23.7,-2.93,,845.82,,false,0
a74847,MVJ57   ,United States,1778033939,1778033939,-118.5145,34.1697,1089.66,false,110.37,20.46,-7.8,,1074.42,,false,0
ab6cb0,UAL1565 ,United States,1778033938,1778033938,-97.035,32.9101,,true,6.43,90.0,,,,6572,false,0
a54ee7,LXJ441  ,United States,1778033939,1778033939,-94.7039,40.1368,13106.4,false,275.43,115.56,0.0,,13213.08,,false,0
c057ae,CGHFH   ,Canada,1778033939,1778033939,-122.8864,49.2857,701.04,false,46.54,103.42,-1.3,,678.18,,false,0
a3a222,DAL2064 ,United States,1778033939,1778033939,-79.4868,36.5012,7010.4,false,245.43,54.21,0.0,,7208.52,2543,false,0
a86810,N6403V  ,United States,1778033903,1778033908,-118.4189,34.2644,335.28,false,32.81,138.81,-2.93,,320.04,5540,false,0
76b445,SIA728  ,Singapore,1778033939,1778033939,103.102,2.1727,6652.26,false,232.12,290.36,6.18,,7078.98,,false,0
76b446,SIA134  ,Singapore,1778033939,1778033939,102.583,2.3869,8846.82,false,238.35,286.17,5.2,,9456.42,,false,0
ac5956,EJA895  ,United States,1778033939,1778033939,-74.4385,40.8295,944.88,false,157.94,30.32,0.0,,891.54,4277,false,0
a36516,FFT2443 ,United States,1778033939,1778033939,-97.975,36.2672,8542.02,false,204.17,305.77,0.0,,8732.52,1064,false,0
a2452f,UAL2132 ,United States,1778033799,1778033799,-104.6801,39.8553,,true,0.0,270.0,,,,2164,false,0
a2452c,UAL212  ,United States,1778033937,1778033939,-100.4124,38.7392,10652.76,false,295.67,74.56,0.0,,10759.44,2457,false,0
ab6cc0,JUS370  ,United States,1778033939,1778033939,-98.5438,30.889,11277.6,false,249.29,14.09,-0.33,,11803.38,2425,false,0
407ea1,DHK035  ,United Kingdom,1778033939,1778033939,41.3276,40.9504,9753.6,false,240.02,272.83,0.0,,9707.88,3241,false,0
ab3982,AAL768  ,United States,1778033939,1778033939,-96.0295,35.1557,9860.28,false,180.41,273.6,-6.5,,10172.7,5662,false,0
abbca1,SWA4595 ,United States,1778033939,1778033939,-101.0236,35.265,10972.8,false,166.88,267.17,0.0,,11285.22,2103,false,0
76b452,SIA762  ,Singapore,1778033939,1778033939,97.2313,15.6351,10972.8,false,228.59,326.85,0.0,,11673.84,,false,0
76b453,SIA108  ,Singapore,1778033655,1778033657,101.7807,2.6199,685.8,false,89.03,326.31,-3.9,,701.04,0553,true,0
4b9e4b,STW172  ,Turkey,1778033939,1778033939,26.5642,41.8793,11277.6,false,250.33,149.9,0.0,,11399.52,4504,false,0
76b44b,SIA615  ,Singapore,1778033827,1778033827,122.6029,25.9512,10363.2,false,243.05,198.13,0.0,,10881.36,,false,0
7cf865,BRIM51  ,Australia,1778033777,1778033777,152.7026,-27.6155,45.72,false,68.4,158.84,-3.25,,129.54,,false,0
8514d6,JAL3106 ,Japan,1778033939,1778033939,138.4548,36.9742,10469.88,false,176.97,207.91,-4.88,,10835.64,4744,false,0
c03261,ACA7310 ,Canada,1778033939,1778033939,-114.8894,47.9797,10668.0,false,241.31,104.07,0.0,,10744.2,,false,0
780788,CSZ9095 ,China,1778033924,1778033924,114.709,22.1947,3093.72,false,150.62,224.17,-4.23,,3268.98,,false,0
ac9ff2,AAL1010 ,United States,1778033856,1778033856,-97.0489,32.8856,,true,6.17,180.0,,,,,false,0
aca941,N915AC  ,United States,1778033939,1778033939,-81.6275,28.5594,586.74,false,58.51,147.57,0.0,,617.22,,false,0
ab398a,DAL313  ,United States,1778033937,1778033937,-157.945,21.3069,,true,2.31,98.44,,,,,false,0
ac9fe9,UPS9843 ,United States,1778033939,1778033939,-120.2944,40.6119,11887.2,false,264.29,166.72,0.0,,12123.42,,false,0
ac3315,SWA2085 ,United States,1778033926,1778033931,-104.6757,39.8635,,true,0.0,180.0,,,,,false,0
aca948,ASA16   ,United States,1778033939,1778033939,-73.7814,40.6346,,true,11.83,298.12,,,,6633,false,0
7c2bc6,        ,Australia,1778033936,1778033936,138.5372,-34.9424,,true,9.26,50.62,,,,3642,false,0
7cf83f,"",Australia,,1778033916,,,,false,163.28,66.02,0.33,,,,false,0
a35220,ENY4092 ,United States,1778033939,1778033939,-96.2574,34.2734,8229.6,false,262.54,34.22,0.33,,8534.4,,false,0
a3c847,UAL1423 ,United States,1778033939,1778033939,-97.8236,37.7852,3947.16,false,183.62,131.82,-18.21,,3970.02,,false,0
ac8ce5,"",United States,1778033930,1778033935,-81.3151,28.4286,,true,0.0,210.94,,,,,false,0
a41bb5,FFT2615 ,United States,1778033939,1778033939,-78.6922,34.5303,11582.4,false,240.82,209.85,0.0,,11978.64,1547,false,0
aca94b,AAL1054 ,United States,1778033939,1778033939,-79.3164,26.3355,7223.76,false,224.35,32.45,8.45,,7597.14,,false,0
a720eb,ASA369  ,United States,1778033939,1778033939,-96.4659,31.8595,10972.8,false,189.44,298.37,-0.33,,11468.1,0771,false,0
ac3338,SWA4474 ,United States,1778033939,1778033939,-92.1812,39.1177,12100.56,false,158.74,275.77,9.1,,12275.82,,false,0
a3c83f,N3428U  ,United States,1778033939,1778033939,-96.7329,30.9266,1272.54,false,59.36,326.31,0.0,,1226.82,,false,0
a8eba8,N674MA  ,United States,1778033934,1778033939,-88.137,41.6539,807.72,false,48.9,358.19,-1.63,,731.52,,false,0
a5f581,UAL817  ,United States,1778033939,1778033939,-99.6287,18.8153,7048.5,false,184.23,65.94,-6.83,,7559.04,3644,false,0
a8553f,JIA5506 ,United States,1778033939,1778033939,-77.5681,39.465,8534.4,false,213.34,250.12,-0.65,,8686.8,1527,false,0
7bb0bf,CSN6489 ,China,1778033645,1778033645,113.2361,23.1435,3794.76,false,184.83,199.34,0.0,,4427.22,,false,0
407f2c,BAW19W  ,United Kingdom,1778033939,1778033939,-72.1436,44.6751,11887.2,false,274.71,64.01,0.33,,11879.58,5626,false,0
407f2d,BAW22E  ,United Kingdom,1778033939,1778033939,-85.8228,37.4429,8549.64,false,271.25,48.84,4.88,,8778.24,1523,false,0
a017a5,DAL2796 ,United States,1778033939,1778033940,-99.4306,34.3147,11277.6,false,271.31,121.43,-0.33,,11681.46,0510,false,0
a017a8,DAL2076 ,United States,1778033939,1778033939,-96.8248,41.0379,9753.6,false,188.69,260.74,0.0,,9738.36,5342,false,0
ac8d80,N908GF  ,United States,1778033939,1778033939,-99.3502,27.6062,685.8,false,66.21,235.45,0.33,,601.98,,false,0
abaa43,SWA2293 ,United States,1778033934,1778033939,-104.6757,39.8654,,true,0.06,0.0,,,,,false,0
ac7a52,AAL2828 ,United States,1778033939,1778033939,-94.8403,31.9286,9273.54,false,190.86,285.8,-5.2,,9692.64,,false,0
a3524e,DAL2123 ,United States,1778033939,1778033939,-84.4437,34.017,3931.92,false,212.11,29.18,10.4,,4053.84,7115,false,0
aaf1f2,AAL1525 ,United States,1778033890,1778033890,-80.3191,25.7859,38.1,false,67.46,87.38,-3.25,,38.1,1645,false,0
7c80b9,RXA5691 ,Australia,1778033939,1778033939,152.7989,-27.1388,2705.1,false,135.82,89.57,0.0,,2834.64,,false,0
c8806f,FJI410  ,Fiji,1778033939,1778033939,174.9487,-36.9397,1196.34,false,129.02,6.87,11.05,,1363.98,,false,0
a2a7b5,ENY4061 ,United States,1778033939,1778033939,-81.4923,28.6718,10668.0,false,197.36,338.12,0.33,,11247.12,6365,false,0
80138d,AXB1254 ,India,1778033773,1778033779,83.9155,17.0367,10972.8,false,222.2,208.94,0.33,,11620.5,2626,false,0
a7dea2,AXO930  ,United States,1778033939,1778033939,-81.4468,33.1907,1036.32,false,88.34,346.53,0.0,,1059.18,,false,0
a124b5,DAL44   ,United States,1778033939,1778033939,-70.699,42.7693,11483.34,false,246.76,57.6,6.5,,11559.54,3346,false,0
a74865,AMX556  ,United States,1778033939,1778033939,-95.0076,19.3373,10668.0,false,235.58,67.8,0.0,,11376.66,1314,false,0
407f94,DHK811  ,United Kingdom,1778033687,1778033698,12.2451,51.4079,,true,0.0,0.0,0.0,,,,false,0
a6152a,EDV5493 ,United States,1778033937,1778033937,-73.6604,42.4068,2682.24,false,160.63,10.52,-9.1,,2667.0,1715,false,0
7c80ff,RXA5720 ,Australia,1778033939,1778033939,150.7615,-26.9784,5478.78,false,121.85,288.97,0.0,,5730.24,6017,false,0
3c4ec7,BCS354  ,Germany,1778033939,1778033939,-77.7096,45.9771,11574.78,false,207.46,215.82,0.0,,11452.86,0716,false,0
a4e883,UPS1317 ,United States,1778033939,1778033940,-75.7797,37.6574,8831.58,false,253.12,33.98,-4.88,,9044.94,1016,false,0
c0583a,ACA850  ,Canada,1778033939,1778033939,-113.5612,52.1014,8039.1,false,178.19,13.35,5.85,,8069.58,,false,0
adea26,AAL1833 ,United States,1778033939,1778033939,-87.9235,41.9704,,true,7.2,90.0,,,,,false,0
a7486a,ASA234  ,United States,1778033938,1778033939,-122.4551,47.5505,1813.56,false,102.91,358.85,-0.65,,1844.04,,false,0
a89ba7,N654AS  ,United States,1778033641,1778033642,-122.754,47.5016,198.12,false,32.12,211.91,-5.53,,182.88,,false,0
407f6e,ABV8AN  ,United Kingdom,1778033939,1778033940,2.7617,49.0848,2453.64,false,143.91,335.73,12.68,,2430.78,,false,0
a017e0,N105GC  ,United States,1778033939,1778033939,-111.198,34.4834,5402.58,false,101.31,230.98,-2.28,,5425.44,,false,0
a61565,N491SF  ,United States,1778033733,1778033733,-122.109,47.921,167.64,false,34.0,162.39,-2.93,,152.4,,false,0
780719,CSZ8916 ,China,1778033770,1778033770,113.7602,22.6885,205.74,false,72.7,153.07,-3.58,,838.2,,false,0
c8809f,FJI920  ,Fiji,1778033940,1778033940,153.9974,-28.0137,6225.54,false,221.78,129.64,8.13,,6522.72,1001,false,0
407f5f,EZY59NW ,United Kingdom,1778033939,1778033939,-3.5332,48.0504,11582.4,false,225.94,36.95,0.0,,11529.06,4444,false,0
7c80f5,RXA4366 ,Australia,1778033939,1778033939,137.5343,-34.8981,3657.6,false,125.22,282.09,0.0,,3749.04,3676,false,0
406c39,VIR25B  ,United Kingdom,1778033939,1778033939,-71.3614,41.8705,11430.0,false,232.49,199.12,-14.31,,11536.68,0736,false,0
a5e229,ASA2620 ,United States,1778033939,1778033939,-105.6638,31.7287,12192.0,false,191.48,279.59,0.0,,12603.48,2427,false,0
7c3f3b,MRX     ,Australia,1778033939,1778033939,145.1191,-38.0978,411.48,false,48.91,345.38,0.65,,411.48,3000,false,0
851580,JAL479  ,Japan,1778033933,1778033939,139.7724,35.5572,,true,0.0,216.56,,,,,false,0
a3b4b5,DAL2646 ,United States,1778033939,1778033939,-77.6855,42.7044,11277.6,false,269.25,87.81,0.33,,11323.32,6260,false,0
c05819,CGHJK   ,Canada,1778033900,1778033903,-123.1071,49.2892,45.72,false,23.8,186.2,-3.58,,38.1,,false,0
c05818,JBA392  ,Canada,1778033939,1778033939,-122.1221,39.058,10294.62,false,220.2,359.33,8.78,,10538.46,6373,false,0
7806c4,CBJ5036 ,China,1778033933,1778033937,113.7621,23.1936,9174.48,false,214.19,195.61,0.0,,9730.74,,false,0
a39a13,FFT3107 ,United States,1778033695,1778033695,-100.148,37.7873,10355.58,false,167.88,263.14,0.0,,10507.98,,false,0
a9b273,ASA1455 ,United States,1778033930,1778033930,-129.8593,53.173,10363.2,false,229.23,320.74,0.0,,10546.08,,false,0
a3b4c8,DAL2485 ,United States,1778033679,1778033679,-113.999,51.1309,,true,1.8,180.0,,,,,false,0
c82b0d,ZKNYF   ,New Zealand,1778033939,1778033939,174.6903,-38.959,693.42,false,46.3,180.64,0.65,,845.82,,false,0
c82b0b,ANZ104  ,New Zealand,1778033939,1778033939,151.2142,-34.1005,1569.72,false,139.16,122.16,16.58,,1653.54,1354,false,0
a1bd47,N211AP  ,United States,1778033939,1778033939,-82.491,33.5386,464.82,false,40.85,286.84,-1.63,,472.44,,false,0
a867a2,N6400Q  ,United States,1778033939,1778033940,-122.9605,45.4271,1043.94,false,51.45,178.85,2.28,,1043.94,,false,0
a27a26,ENY3804 ,United States,1778033939,1778033939,-100.9403,35.1071,10965.18,false,204.76,325.75,0.33,,11292.84,,false,0
a9c57c,FDX1334 ,United States,1778033916,1778033919,-106.2012,35.3434,6499.86,false,210.27,69.97,14.96,,6568.44,,false,0
e49a86,AZU2889 ,Brazil,1778033927,1778033927,-44.0354,-23.7713,7543.8,false,230.91,28.62,-13.98,,8130.54,3365,false,0
a52a24,PFA328  ,United States,1778033939,1778033939,-80.4067,27.1937,1280.16,false,50.46,2.34,-2.28,,1341.12,,false,0
a257f8,N250EX  ,United States,1778033939,1778033939,-80.7223,26.9707,10172.7,false,180.43,340.69,8.13,,10744.2,7375,false,0
ac57af,SWA4312 ,United States,1778033913,1778033913,-121.5984,38.6947,,true,8.23,129.38,,,,7206,false,0
e09651,LVIYQ   ,Argentina,1778033939,1778033939,-58.6241,-34.4742,937.26,false,90.47,72.8,-0.33,,982.98,1757,false,0
a351cd,N31285  ,United States,1778033939,1778033939,-149.2807,61.5167,609.6,false,41.03,277.93,0.98,,548.64,,false,0
abbd0a,SWA1399 ,United States,1778033939,1778033939,-90.3321,41.7376,12192.0,false,178.33,266.53,0.0,,12245.34,1351,false,0
a8557a,QXE2421 ,United States,1778033939,1778033939,-122.4897,45.5437,457.2,false,79.2,298.73,-4.23,,457.2,,false,0
c82b32,ANZ6058 ,New Zealand,1778033939,1778033939,144.849,-37.6633,,true,5.92,320.62,,,,1355,false,0
867ba7,JA7207  ,Japan,1778033939,1778033939,139.7856,36.4156,685.8,false,37.27,63.79,0.65,,800.1,,false,0
a84255,N631KA  ,United States,1778033939,1778033939,-92.124,29.3746,13106.4,false,189.39,277.49,0.33,,13738.86,4673,false,0
a0191e,AAL876  ,United States,1778033939,1778033939,-93.3739,39.4205,11277.6,false,271.95,33.66,0.0,,11391.9,,false,0
c82b46,ZKHZM   ,New Zealand,1778033939,1778033939,172.401,-43.4339,121.92,false,21.12,267.21,0.98,,213.36,,false,0
a6abfb,N529SP  ,United States,1778033939,1778033939,-108.2472,37.3363,3200.4,false,83.21,302.12,2.93,,3200.4,,false,0
abbd2d,SWA2967 ,United States,1778033939,1778033939,-96.1007,30.0833,3589.02,false,204.3,116.63,-6.83,,3733.8,2572,false,0
a364e7,DAL716  ,United States,1778033939,1778033939,-85.7634,41.5384,11277.6,false,287.6,90.72,0.0,,11369.04,2707,false,0
0291a4,N265AV  ,Tunisia,1778033939,1778033939,-112.201,39.3677,13106.4,false,250.59,254.77,0.0,,13220.7,3154,false,0
a2dd59,FDX141  ,United States,1778033939,1778033939,-112.4674,49.5847,11887.2,false,271.16,141.24,0.0,,11894.82,,false,0
ab6d76,N8351P  ,United States,1778033933,1778033934,-100.2386,25.8605,,true,0.0,36.56,,,,,false,0
abaa0e,SWA608  ,United States,1778033939,1778033939,-89.3892,36.6532,10363.2,false,182.67,283.68,0.33,,10668.0,1546,false,0
86220c,JAL6787 ,Japan,1778033939,1778033939,139.9747,35.3145,8846.82,false,201.96,263.42,12.03,,9227.82,3702,false,0
a2a7eb,EJA270  ,United States,1778033939,1778033939,-85.6221,37.948,11216.64,false,236.87,12.8,-5.2,,11490.96,3105,false,0
407dc5,VIR106F ,United Kingdom,1778033939,1778033939,-119.8907,50.696,11582.4,false,212.74,13.57,0.0,,11788.14,6632,false,0
a76a3a,UPS1423 ,United States,1778033939,1778033939,-84.9166,37.4896,4838.7,false,164.76,305.72,-3.58,,4899.66,7473,false,0
a0afa5,UPS1231 ,United States,1778033939,1778033939,-83.1509,37.1416,9745.98,false,205.06,266.84,0.65,,10020.3,2370,false,0
a89d59,UAL51   ,United States,1778033938,1778033938,-64.1797,43.4277,10058.4,false,252.3,60.3,-0.33,,10180.32,,false,0
71c513,TWB281  ,Republic of Korea,1778033929,1778033929,126.6247,37.1001,3505.2,false,151.01,151.51,6.83,,3230.88,7261,false,0
a471ec,DAL490  ,United States,1778033939,1778033939,-73.857,40.956,937.26,false,96.47,94.28,0.0,,922.02,3373,false,0
a64a73,SKW4928 ,United States,1778033939,1778033939,-101.4702,35.2285,10668.0,false,292.24,89.09,-0.33,,10995.66,,false,0
a734e0,N5633R  ,United States,1778033939,1778033939,-112.5239,40.7108,2034.54,false,53.0,178.89,-0.98,,2011.68,1200,false,0
a12625,AAL1979 ,United States,1778033938,1778033938,-110.9123,35.6775,10660.38,false,262.92,67.45,0.0,,10713.72,6756,true,0
71c506,KAL2129 ,Republic of Korea,1778033939,1778033939,140.3978,35.7682,,true,4.63,219.38,,,,7130,false,0
71c507,ESR751  ,Republic of Korea,1778033939,1778033939,126.7574,35.6455,7299.96,false,232.92,185.07,7.8,,7551.42,7150,false,0
aceebc,SKW4758 ,United States,1778033937,1778033938,-107.7192,41.9975,10058.4,false,244.56,168.6,0.0,,9997.44,,false,0
c043b7,ACA724  ,Canada,1778033815,1778033815,-73.8676,40.7735,,true,0.51,244.69,,,,5311,true,0
a471e0,DAL2912 ,United States,1778033939,1778033939,-76.412,35.7048,11887.2,false,209.38,18.03,0.0,,12199.62,,false,0
aaf253,SKW3910 ,United States,1778033939,1778033940,-79.0313,39.4076,6492.24,false,217.01,103.01,-12.35,,6598.92,2747,false,0
ae2ef4,SH119   ,United States,1778033939,1778033939,-87.9969,30.6862,632.46,false,117.24,348.1,1.3,,647.7,,false,0
71c531,KAL892  ,Republic of Korea,1778033939,1778033939,126.7567,34.1129,10043.16,false,203.96,4.92,0.33,,10370.82,,false,0
71c532,KAL1408 ,Republic of Korea,1778033939,1778033939,126.726,37.56,2865.12,false,123.51,311.79,-5.85,,2964.18,7261,false,0
88628e,TAX602  ,Thailand,1778033938,1778033939,138.8252,33.7038,11887.2,false,279.5,58.86,-0.65,,12405.36,0734,false,0
71c536,KAL706  ,Republic of Korea,1778033938,1778033939,127.3675,37.1714,5242.56,false,182.24,304.77,-4.55,,5425.44,7044,false,0
71c534,AAR152  ,Republic of Korea,1778033939,1778033939,140.0293,37.821,3893.82,false,185.29,76.35,-8.45,,4099.56,4333,false,0
ae2eed,RNGR841 ,United States,1778033939,1778033939,-97.6445,27.118,1897.38,false,113.11,192.08,0.33,,1950.72,,false,0
a77d89,EDV5108 ,United States,1778033937,1778033939,-84.5804,33.7391,2468.88,false,144.56,359.59,13.0,,2529.84,2507,false,0
71c526,"",Republic of Korea,1778033931,1778033936,126.5403,37.4018,1211.58,false,120.14,129.96,9.43,,1280.16,,false,0
71c521,AAR111  ,Republic of Korea,1778033898,1778033923,131.9251,35.5732,12192.0,false,219.61,284.65,0.0,,12527.28,6146,false,0
71c524,JJA6101 ,Republic of Korea,1778033939,1778033939,121.6652,25.649,5128.26,false,129.66,262.71,-6.18,,5410.2,,false,0
71c523,JJA1174 ,Republic of Korea,1778033939,1778033939,139.5165,35.9282,8602.98,false,166.54,278.71,18.21,,8938.26,3113,false,0
a50924,N4230H  ,United States,1778033939,1778033939,-157.8208,21.2513,388.62,false,39.67,123.9,2.28,,434.34,0255,false,0
a2efae,SWA4297 ,United States,1778033939,1778033939,-114.1179,36.465,4892.04,false,202.19,232.55,-7.48,,4930.14,,false,0
ac325d,N885WA  ,United States,1778033939,1778033939,-122.2511,47.8941,457.2,false,41.7,2.12,0.0,,464.82,,false,0
a89d0a,QXE2086 ,United States,1778033939,1778033939,-119.5745,38.7042,10972.8,false,197.26,347.96,0.33,,11170.92,2437,false,0
a3fd77,N3560H  ,United States,1778033927,1778033936,-111.9141,40.8705,1592.58,false,51.49,2.29,-1.63,,1524.0,,false,0
acdbec,ASA222  ,United States,1778033939,1778033939,-124.0811,46.5851,10591.8,false,230.95,75.69,-14.31,,10911.84,,false,0
a65d45,VOI1160 ,United States,,1778033934,,,,false,235.08,341.37,-0.33,,,,false,0
a3ea54,UPS1337 ,United States,1778033939,1778033939,-84.1139,32.2246,9151.62,false,224.19,349.15,0.0,,9563.1,7403,false,0
aaf27c,UAL1324 ,United States,1778033939,1778033939,-79.9699,35.5107,11582.4,false,236.09,202.82,-0.33,,11948.16,7127,false,0
af4ee8,ZORRO36 ,United States,1778033922,1778033928,-97.6086,35.404,,true,3.86,0.0,,,,,false,0
a52a3c,43171   ,United States,1778033939,1778033939,-80.5498,26.2775,701.04,false,43.92,95.38,0.33,,716.28,,false,0
a591d5,SWA298  ,United States,1778033939,1778033939,-122.8237,41.079,12496.8,false,250.16,174.45,0.33,,12755.88,,false,0
7c8168,ZUI     ,Australia,1778033939,1778033939,150.3935,-31.0194,883.92,false,72.75,151.26,0.33,,960.12,,false,0
71c596,EOK311  ,Republic of Korea,1778033939,1778033939,133.5702,35.0997,10972.8,false,198.62,304.02,0.98,,11353.8,,false,0
801402,IGO620C ,India,1778033939,1778033939,76.4998,12.1444,8923.02,false,247.79,334.02,4.23,,9441.18,,false,0
a13541,AAL2893 ,United States,1778033939,1778033939,-88.3658,40.9923,8359.14,false,191.64,198.63,5.2,,8389.62,1316,false,0
abba93,GTI8904 ,United States,1778033939,1778033939,-46.5219,-20.7192,10668.0,false,223.72,169.8,0.0,,11277.6,,false,0
a78c8f,DAL702  ,United States,1778033939,1778033939,-81.1344,43.2323,10683.24,false,281.31,93.14,0.33,,10698.48,6061,false,0
a3d831,KMK347  ,United States,1778033657,1778033664,-157.1028,21.1139,358.14,false,66.69,348.43,-1.63,,396.24,,false,0
801407,AXB1692 ,India,1778033901,1778033902,77.8287,13.1885,1455.42,false,73.57,270.8,-3.9,,1424.94,,false,0
ab4925,WMU82   ,United States,1778033939,1778033939,-83.7027,42.9705,411.48,false,36.31,262.67,0.0,,335.28,,false,0
801410,IGO493K ,India,1778033938,1778033939,75.8015,28.8748,9753.6,false,188.2,322.44,0.0,,10111.74,,false,0
45cf23,UPS292  ,Denmark,1778033939,1778033939,10.4227,53.1297,10660.38,false,243.48,41.4,-0.65,,10607.04,3730,false,0
801411,IGO6514 ,India,1778033939,1778033939,91.5547,23.7963,9441.18,false,251.71,54.23,0.0,,9944.1,1440,false,0
789201,CPA315  ,China,1778033939,1778033939,44.6604,41.5423,11582.4,false,246.63,275.75,0.0,,11666.22,4502,false,0
71c587,ESR211  ,Republic of Korea,1778033919,1778033935,126.9516,37.0143,4785.36,false,189.42,197.06,11.7,,4846.32,7272,false,0
45cf22,SRR6498 ,Denmark,1778033939,1778033939,7.6998,50.3368,7932.42,false,224.0,169.41,12.03,,7932.42,2564,false,0
71c584,AAR368  ,Republic of Korea,1778033939,1778033939,126.3762,37.1934,3619.5,false,156.09,323.85,-2.6,,3741.42,5426,false,0
789204,CPA150  ,China,1778033906,1778033906,153.1334,-27.3732,,true,3.09,118.12,,,,,false,0
45cf21,UPS274  ,Denmark,1778033939,1778033939,7.1375,50.875,434.34,false,79.04,317.9,17.88,,403.86,7650,false,0
a05bde,RPA4345 ,United States,1778033939,1778033939,-77.3949,37.6056,685.8,false,72.64,147.44,-3.9,,678.18,6665,false,0
a2551d,UAL83   ,United States,1778033939,1778033939,12.6012,50.5382,10972.8,false,249.86,300.84,0.0,,10988.04,0511,false,0
a14883,BYF43   ,United States,1778033939,1778033939,-122.092,37.3966,876.3,false,48.75,314.14,-0.65,,861.06,4233,false,0
ad61de,SWA1914 ,United States,1778033939,1778033939,-122.122,38.2607,6202.68,false,211.92,5.57,14.63,,6347.46,3321,false,0
ad8901,SKW5094 ,United States,1778033939,1778033939,-85.3109,34.9921,1844.04,false,126.56,36.4,2.6,,1859.28,7364,false,0
a3c514,DAL1653 ,United States,1778033939,1778033939,-83.4226,42.0282,2987.04,false,135.13,193.88,15.28,,2887.98,4102,false,0
789207,HKE566  ,China,1778033791,1778033793,113.8998,22.2996,,true,10.29,250.31,,,,,false,0
a0bead,N147WH  ,United States,1778033939,1778033939,-123.072,42.7652,2522.22,false,69.94,42.02,2.6,,2590.8,,false,0
789216,CPA826  ,China,1778033939,1778033939,-79.5904,43.8387,1470.66,false,118.88,57.55,-4.23,,1379.22,0543,false,0
789214,CPA812  ,China,1778033939,1778033939,-70.9289,42.6883,1249.68,false,122.77,96.74,0.0,,1219.2,7164,false,0
0d0698,XABEG   ,Mexico,1778033939,1778033939,-98.4528,20.8307,11887.2,false,230.21,350.22,0.33,,12633.96,0013,false,0
a850de,TCF635  ,United States,1778033938,1778033938,-80.5061,27.8648,731.52,false,59.66,330.56,0.0,,762.0,,false,0
7c3fc3,MVP     ,Australia,1778033939,1778033939,155.6595,-29.4241,7010.4,false,157.07,128.48,0.33,,7330.44,,false,0
a18ecc,N2RD    ,United States,1778033939,1778033939,-77.1269,34.5365,12496.8,false,221.96,19.78,0.33,,12824.46,1304,false,0
a9e6df,AAL854  ,United States,1778033938,1778033939,-80.0717,34.2311,9585.96,false,264.05,88.1,-9.1,,9921.24,0742,false,0
78921a,CPA261  ,China,1778033822,1778033852,36.2181,41.8302,11582.4,false,252.8,274.32,0.33,,11650.98,5302,false,0
80142b,IGO474V ,India,1778033939,1778033939,84.8998,24.4339,10980.42,false,210.06,299.33,0.0,,11544.3,1313,false,0
78921b,CPA450  ,China,1778033938,1778033938,113.932,22.3128,,true,5.4,253.12,,,,,false,0
ac692a,SWA107  ,United States,1778033937,1778033937,-73.8731,40.7777,,true,10.29,95.62,,,,3475,false,0
48c128,RYS7713 ,Poland,1778033939,1778033939,24.7252,36.9681,9364.98,false,228.61,151.36,-9.1,,9608.82,6023,false,0
78921d,HKE625  ,China,1778033726,1778033726,113.9155,22.3107,,true,3.86,146.25,,,,,false,0
7cf990,KAOS24  ,Australia,1778033938,1778033938,152.2073,-25.6066,3962.4,false,127.47,8.59,0.33,,4175.76,,false,0
789229,HKE618  ,China,1778033939,1778033939,126.9414,35.8257,8511.54,false,205.07,5.18,-4.55,,8801.1,,false,0
71c553,JJA1305 ,Republic of Korea,1778033932,1778033937,127.5251,37.4696,4556.76,false,200.49,60.15,9.43,,4701.54,4160,false,0
aa01de,SKW6203 ,United States,1778033939,1778033939,-94.5365,32.6378,3040.38,false,171.32,90.52,-4.88,,3116.58,5136,false,0
801441,AIC3423 ,India,1778033939,1778033939,75.5761,30.0923,10972.8,false,219.04,349.03,0.0,,11346.18,,false,0
78088b,CSN6400 ,China,1778033939,1778033939,116.8367,39.8065,10698.48,false,221.29,5.74,0.0,,10949.94,,false,0
789236,CPA543  ,China,1778033938,1778033939,136.8162,34.6132,10355.58,false,200.38,231.78,-0.98,,10751.82,3616,false,0
71c556,KAL2147 ,Republic of Korea,1778033900,1778033900,128.1451,26.9951,4465.32,false,167.12,170.07,-10.73,,4716.78,,false,0
a12250,N172TM  ,United States,1778033939,1778033939,-115.268,36.208,1280.16,false,63.7,328.88,-0.33,,1226.82,,false,0
a610c8,ASA1108 ,United States,1778033939,1778033939,-156.0439,19.7292,,true,8.75,5.62,,,,3661,false,0
78922e,BHUT    ,China,1778033913,1778033914,114.0929,22.3569,228.6,false,12.86,90.0,-1.63,,228.6,,false,0
ab3633,N821SS  ,United States,1778033939,1778033939,-73.887,41.0125,487.68,false,88.76,7.66,2.6,,449.58,1200,false,0
a0abee,UPS1057 ,United States,1778033938,1778033939,-80.3056,39.3824,10363.2,false,214.98,228.3,-0.33,,10568.94,3427,false,0
71c542,ESR606  ,Republic of Korea,1778033939,1778033940,139.2058,35.8304,10347.96,false,172.51,267.44,8.13,,10751.82,7060,false,0
71c541,ESR625  ,Republic of Korea,1778033939,1778033939,140.2167,40.2838,9448.8,false,249.9,27.73,-0.33,,9685.02,,false,0
71c547,TWB651  ,Republic of Korea,1778033908,1778033924,126.8505,36.8337,5181.6,false,184.75,190.59,0.0,,5349.24,7044,false,0
789249,CPA917  ,China,1778033938,1778033938,113.8743,22.319,68.58,false,65.89,70.86,-3.25,,114.3,,false,0
ab362c,SKW3615 ,United States,1778033653,1778033653,-95.8605,41.2659,510.54,false,61.54,324.18,-2.93,,480.06,7427,false,0
71c545,ESR914  ,Republic of Korea,1778033939,1778033939,132.9391,35.4102,8389.62,false,216.43,305.62,-4.88,,8671.56,7047,false,0
a36200,DAL642  ,United States,1778033939,1778033939,-111.4083,40.0786,6210.3,false,205.01,295.73,-9.1,,6278.88,1525,false,0
ac694f,SWA997  ,United States,1778033899,1778033899,-108.8947,35.0732,11887.2,false,264.51,103.96,0.33,,12092.94,1040,false,0
80140a,IGO646J ,India,1778033938,1778033939,81.3479,26.4624,11887.2,false,267.63,126.17,0.0,,12420.6,,false,0
801421,IGO1633 ,India,1778033939,1778033939,90.3726,22.4311,10668.0,false,258.3,97.32,0.0,,11277.6,0501,false,0
71c576,KAL2021 ,Republic of Korea,1778033937,1778033937,126.5221,33.7375,10972.8,false,262.48,199.82,-0.33,,11353.8,4111,false,0
71c579,TWB708  ,Republic of Korea,1778033803,1778033803,126.7973,37.555,,true,8.23,64.69,,,,5052,false,0
a0abc5,SKW5242 ,United States,1778033939,1778033939,-99.6766,27.2869,10927.08,false,199.47,213.32,-8.13,,11544.3,,false,0
a66c99,JIA5462 ,United States,1778033940,1778033940,-89.8275,31.1363,6172.2,false,202.04,210.61,-8.45,,6446.52,2420,false,0
a0157e,N104VU  ,United States,1778033923,1778033923,-84.0853,36.2346,792.48,false,70.94,328.04,-0.65,,762.0,,false,0
a2685b,SWA2410 ,United States,1778033939,1778033939,-95.5968,29.6567,4145.28,false,185.5,298.13,24.38,,4297.68,,false,0
ad8935,AAL2005 ,United States,1778033939,1778033939,-97.5059,33.5144,5608.32,false,187.42,182.36,-5.2,,5791.2,3164,false,0
ab3655,UAL2218 ,United States,1778033939,1778033939,-86.6974,41.5986,4290.06,false,168.64,308.93,-13.66,,4229.1,5626,false,0
801427,IGO2076 ,India,1778033939,1778033939,77.1919,28.568,975.36,false,133.27,91.11,10.73,,929.64,,false,0
71c565,TWB327  ,Republic of Korea,1778033939,1778033939,129.0397,35.8954,9448.8,false,233.38,79.46,0.0,,9738.36,7141,false,0
ad1fc8,AAL2784 ,United States,1778033939,1778033939,-87.9038,42.1041,2613.66,false,150.34,52.23,13.0,,2522.22,6241,false,0
71c568,JNA346  ,Republic of Korea,1778033894,1778033935,132.2631,35.6736,11582.4,false,201.25,277.34,0.0,,11932.92,2417,false,0
ac9ca6,N911ZE  ,United States,1778033938,1778033938,-98.8454,34.0146,5212.08,false,140.36,115.63,0.0,,5372.1,,false,0
aabff4,FDX1269 ,United States,1778033939,1778033939,-84.3733,42.589,6507.48,false,198.27,209.03,11.7,,6492.24,5722,false,0
80141f,IGO202E ,India,1778033939,1778033939,81.6716,26.2494,8694.42,false,225.13,306.45,2.6,,9044.94,,false,0
71c560,TWB643  ,Republic of Korea,1778033939,1778033939,120.377,24.2521,11582.4,false,221.94,226.13,0.0,,12237.72,7135,false,0
8622ae,ANA972  ,Japan,1778033939,1778033939,137.2205,34.5412,11887.2,false,282.95,89.69,0.33,,12306.3,4442,false,0
71c561,"",Republic of Korea,1778033643,1778033770,-138.101,54.652,10972.8,false,226.39,296.74,0.0,,10980.42,,false,0
c06860,"",Canada,1778033918,1778033918,-97.2541,49.9056,,true,9.77,84.38,,,,,false,0
a6bba3,ASA3    ,United States,1778033937,1778033939,-118.8474,47.6768,10363.2,false,224.54,277.24,0.0,,10576.56,6214,false,0
a8c840,QXE2222 ,United States,1778033851,1778033851,-122.318,47.4569,99.06,false,59.68,180.49,-0.98,,106.68,6067,false,0
a9e828,N7375W  ,United States,1778033939,1778033939,-80.8331,28.5274,198.12,false,41.3,193.69,-0.65,,205.74,3444,false,0
7c1a88,ADA3    ,Australia,,1778033938,,,,false,0.0,210.94,,,,,false,0
801495,AIC6KF  ,India,1778033681,1778033681,77.0751,28.5519,,true,6.43,284.06,,,,,false,0
a9980e,WMU71   ,United States,1778033939,1778033939,-86.2088,43.1924,563.88,false,55.23,64.63,-0.33,,495.3,,false,0
a66be6,N5125B  ,United States,1778033813,1778033813,-122.1203,47.9116,167.64,false,38.18,345.96,-3.58,,205.74,,false,0
a1226b,UPS1285 ,United States,1778033939,1778033939,-85.6701,38.3515,1310.64,false,119.79,324.26,-2.93,,1257.3,2557,false,0
7041c1,UBA020  ,Myanmar,1778033939,1778033939,99.1031,15.0793,10972.8,false,233.0,309.0,0.0,,11704.32,,false,0
a0abfa,N142VA  ,United States,1778033791,1778033792,-97.2725,29.6858,396.24,false,25.06,109.18,2.28,,335.28,,false,0
a7eed8,BRG2662 ,United States,1778033928,1778033935,-162.5931,66.8884,,true,9.26,323.44,,,,,false,0
a43eec,UAL1083 ,United States,1778033821,1778033821,-123.1728,49.199,,true,1.03,241.88,,,,,false,0
aced21,ASA31   ,United States,1778033939,1778033939,-119.8869,47.7616,7909.56,false,179.12,276.43,0.0,,8107.68,1622,false,0
a80ee4,N6180X  ,United States,1778033939,1778033939,-87.0562,41.6182,1706.88,false,56.92,80.11,0.0,,1615.44,,false,0
aced23,AAL3035 ,United States,1778033940,1778033940,-85.8573,33.7392,10370.82,false,194.17,267.27,0.0,,10812.78,4163,false,0
a30bce,ASA551  ,United States,1778033919,1778033920,-115.1512,36.0752,,true,0.51,317.81,,,,3503,false,0
80145a,AIC7YP  ,India,1778033939,1778033939,75.0378,26.6304,11026.14,false,208.9,350.93,-4.55,,11529.06,0277,false,0
7c81d6,RXA6117 ,Australia,1778033606,1778033833,151.1742,-33.9392,-53.34,false,0.0,222.19,,,22.86,3663,false,0
abba43,DAL903  ,United States,1778033939,1778033939,-88.1816,37.5006,10363.2,false,200.09,314.17,0.0,,10629.9,1155,false,0
a027ca,SKW5398 ,United States,1778033939,1778033939,-107.2003,42.4141,9448.8,false,240.43,79.15,0.65,,9342.12,,false,0
a79ea8,DAL1123 ,United States,1778033939,1778033939,-82.204,32.0977,12192.0,false,253.62,179.77,0.0,,12672.06,4076,false,0
780818,CHH7179 ,China,1778033846,1778033846,114.0681,39.0349,11612.88,false,213.69,195.64,0.0,,11917.68,,false,0
e4a211,AZU9032 ,Brazil,1778033939,1778033939,-47.8933,-23.2908,5234.94,false,151.26,34.61,-11.38,,5547.36,,false,0
aced49,BXR1461 ,United States,1778033939,1778033939,-122.6753,38.9604,2293.62,false,96.4,112.6,-0.33,,2316.48,4235,false,0
a5aeb0,N4651G  ,United States,1778033871,1778033883,-122.6264,48.3919,731.52,false,59.87,342.5,-2.28,,678.18,,false,0
a50549,RPA4633 ,United States,1778033939,1778033939,-81.6818,35.754,9144.0,false,198.46,275.5,-0.33,,9456.42,0550,false,0
c05512,JZA315  ,Canada,1778033916,1778033920,-115.5544,53.9436,7315.2,false,195.28,221.8,0.0,,7406.64,,false,0
a55ef3,UAL1728 ,United States,1778033939,1778033939,-93.4634,42.3952,11277.6,false,288.35,76.06,0.0,,11247.12,0614,false,0
44046e,GCK17   ,Austria,1778033939,1778033939,-70.2051,43.1174,13106.4,false,223.4,243.61,0.65,,13167.36,0732,false,0
80149d,IGO7236 ,India,1778033939,1778033939,78.17,11.3938,4572.0,false,135.6,138.69,-0.33,,4709.16,,false,0
aa292d,ATN440  ,United States,1778033939,1778033939,-159.6785,20.5463,10325.1,false,259.49,73.65,-14.96,,10927.08,,false,0
ac41f3,SWA4460 ,United States,1778033939,1778033939,-92.6903,39.474,12184.38,false,160.59,284.66,0.0,,12352.02,,false,0
a36279,SKW3846 ,United States,1778033939,1778033939,-117.861,33.6443,7139.94,false,190.86,90.15,8.13,,7208.52,1341,false,0
a29d37,FDX1226 ,United States,1778033939,1778033939,-84.1463,31.3781,10980.42,false,198.12,312.26,0.0,,11498.58,2660,false,0
7cf7b9,TEST1234,Australia,,1778033939,,,,false,0.51,14.06,,,,,false,0
adc55d,N987CF  ,United States,1778033939,1778033939,-117.0405,33.1829,1402.08,false,94.67,238.56,-5.85,,1394.46,2352,false,0
ac4279,SWA2089 ,United States,1778033939,1778033939,-122.5214,47.3095,2141.22,false,144.18,272.45,4.23,,2179.32,,false,0
ae2bee,BK701   ,United States,1778033939,1778033939,-117.0301,32.9863,1196.34,false,74.94,81.31,-0.65,,1196.34,,false,0
8a0262,LNI694  ,Indonesia,1778033898,1778033929,107.1195,-6.2764,3497.58,false,188.43,116.77,11.05,,3726.18,6740,false,0
a54d06,OXF1197 ,United States,1778033939,1778033940,-111.6715,33.4844,754.38,false,42.88,300.26,-1.63,,708.66,,false,0
a30d14,RFS707  ,United States,1778033939,1778033939,-122.7586,47.2808,533.4,false,51.91,109.69,0.65,,525.78,,false,0
a7459d,LCO1102 ,United States,1778033939,1778033939,-69.2351,-6.1638,10058.4,false,239.71,160.05,-0.33,,10774.68,,false,0
a121a2,N172LN  ,United States,1778033939,1778033939,-81.9624,27.9977,2743.2,false,60.1,141.95,-0.65,,2827.02,0740,false,0
a134d5,SKW3053 ,United States,1778033939,1778033939,-121.4974,38.8157,2133.6,false,136.28,335.47,14.63,,2171.7,3253,false,0
06a1bf,QTR875  ,Qatar,1778033041,1778033938,51.1158,22.7106,8839.2,false,263.39,5.04,0.0,,10980.42,4013,false,0
06a1bc,QTR65B  ,Qatar,1778033884,1778033939,51.1801,22.8162,9753.6,false,248.16,316.34,0.0,,10332.72,4756,false,0
8a023e,"",Indonesia,1778033712,1778033734,106.685,-6.0908,693.42,false,102.62,27.46,4.23,,541.02,1746,false,0
a30d05,HKW600  ,United States,1778033935,1778033935,-85.567,43.9006,1432.56,false,43.8,3.37,0.33,,1333.5,,false,0
a267c9,EJA254  ,United States,1778033939,1778033939,-122.6659,47.1566,4457.7,false,165.9,41.1,-9.1,,4587.24,3303,false,0
a54d26,OXF3966 ,United States,1778033938,1778033939,-111.4528,33.2099,1348.74,false,50.67,344.69,-1.95,,1310.64,,false,0
8a0234,LNI641  ,Indonesia,1778033857,1778033858,110.4281,-8.0562,3817.62,false,187.73,246.24,-13.0,,4061.46,,false,0
06a1de,QQE203  ,Qatar,1778033938,1778033939,-58.858,45.7253,13716.0,false,274.15,72.42,0.0,,13776.96,7126,false,0
c066fb,ACA313  ,Canada,1778033920,1778033920,-77.0236,46.7494,10363.2,false,205.06,319.48,-0.33,,10180.32,,false,0
4ba519,TCIHY   ,Turkey,1778033939,1778033939,33.3752,35.5021,3276.6,false,157.03,129.95,-8.78,,3337.56,0563,false,0
4bb844,PGT1522 ,Turkey,1778033939,1778033939,22.5605,45.6639,11887.2,false,237.57,164.04,0.0,,12009.12,6015,false,0
a92eef,FDX1235 ,United States,1778033939,1778033939,-74.5408,40.9319,9753.6,false,217.96,237.92,-0.33,,9928.86,3402,false,0
a2b7f5,UAL485  ,United States,1778033822,1778033824,-90.3332,38.7355,236.22,false,75.8,301.96,-3.58,,205.74,7265,true,0
a7dbaa,SKW4724 ,United States,1778033939,1778033939,-104.8861,39.7872,3573.78,false,148.55,231.19,15.28,,3573.78,5135,false,0
a28a2c,ASA397  ,United States,1778033939,1778033939,-104.5408,31.5623,10972.8,false,186.08,280.19,-0.33,,11407.14,1057,false,0
4bb855,PGT1581 ,Turkey,1778033939,1778033939,23.8496,45.5819,11277.6,false,230.33,152.46,0.0,,11414.76,6004,false,0
4bb856,PGT83T  ,Turkey,1778033939,1778033939,15.2662,49.8486,11277.6,false,221.31,131.14,0.0,,11330.94,7605,false,0
a6bbd2,AXO940  ,United States,1778033821,1778033821,-78.1276,34.6672,1363.98,false,83.35,151.22,-2.28,,1379.22,,false,0
a7a89d,ASA584  ,United States,1778033939,1778033939,-116.6968,47.5185,10988.04,false,215.19,274.52,0.0,,11148.06,,false,0
adb29c,ASA439  ,United States,1778033939,1778033939,-122.2726,47.8247,1813.56,false,99.91,232.95,-0.65,,1836.42,2775,false,0
7c1a1d,FFZ     ,Australia,1778033930,1778033931,145.0962,-37.9744,,true,5.92,306.56,,,,3000,false,0
7cf7bf,        ,Australia,,1778033939,,,,false,0.19,90.0,,,,,false,0
7cf7ba,TEST1234,Australia,,1778033939,,,,false,0.51,14.06,,,,,false,0
a121be,N172MR  ,United States,1778033723,1778033723,-122.359,45.5501,121.92,false,32.43,268.18,-1.95,,152.4,,false,0
a267f8,CXK203  ,United States,1778033939,1778033939,-117.1111,32.8149,0.0,false,40.73,207.86,-1.63,,304.8,,false,0
407af5,BAW2MW  ,United Kingdom,1778033934,1778033939,-115.1328,36.0844,670.56,true,4.37,2.81,,,,,false,0
c053f6,ACA1368 ,Canada,1778033939,1778033939,-85.2601,26.9237,12192.0,false,240.45,216.65,0.0,,12847.32,7171,false,0
a254d8,UAL821  ,United States,1778033939,1778033939,-119.4379,34.8723,7688.58,false,210.31,143.35,-8.78,,7772.4,1423,false,0
aa01b4,N744DC  ,United States,1778033894,1778033894,-110.5835,33.2334,2926.08,false,98.96,115.23,0.0,,2933.7,,false,0
a877d3,PDT6019 ,United States,1778033939,1778033939,-82.0532,36.2124,3101.34,false,155.24,336.15,-3.58,,3177.54,5220,false,0
789270,HGB880  ,China,1778033938,1778033938,119.9656,23.4033,11277.6,false,243.72,45.17,0.0,,11948.16,,false,0
aaabb7,NDU787  ,United States,1778033938,1778033938,-111.6153,33.1017,1089.66,false,59.54,320.26,-3.25,,1028.7,,false,0
aabee9,N7916C  ,United States,1778033935,1778033938,-122.1126,37.458,,true,0.06,143.44,,,,,false,0
789271,HKE738  ,China,1778033886,1778033886,101.1873,19.1245,11597.64,false,224.21,233.87,0.0,,12336.78,,false,0
c1e9d2,ES249   ,Canada,1778033937,1778033939,-114.0017,51.1101,,true,15.95,0.0,,,,,false,0
c82a72,ZKFTD   ,New Zealand,1778033939,1778033939,172.7233,-43.4432,350.52,false,48.64,349.64,0.0,,434.34,,false,0
a744b3,ASA687  ,United States,1778033939,1778033939,-120.278,34.7141,5356.86,false,179.09,331.52,18.86,,5394.96,1045,false,0
a66d5e,KOW513  ,United States,1778033922,1778033922,-113.9449,46.7164,10660.38,false,197.83,342.13,-11.7,,10820.4,,false,0
ac4210,SWA3156 ,United States,1778033935,1778033936,-107.2935,35.2685,11582.4,false,193.53,299.63,-0.33,,11795.76,2507,false,0
a997cc,DAL1098 ,United States,1778033939,1778033939,-83.6189,44.1689,12192.0,false,192.5,281.25,0.0,,12123.42,2270,false,0
789286,HKE857  ,China,1778033934,1778033939,122.4576,25.9119,9806.94,false,222.86,229.21,4.88,,10302.24,,false,0
789287,HKE686  ,China,1778033939,1778033939,121.8713,25.0377,10652.76,false,232.01,49.32,0.0,,11216.64,3502,false,0
a91d2a,N6869X  ,United States,1778033632,1778033632,-80.0122,33.2077,152.4,false,30.39,213.96,-2.93,,144.78,,false,0
789285,HKE607  ,China,1778033655,1778033674,113.9177,22.3134,,true,1.54,250.31,,,,,false,0
45ce4f,SRR6228 ,Denmark,1778033932,1778033937,7.121,50.8754,,true,0.0,208.12,,,,1335,false,0
45ce4e,SRR6646 ,Denmark,1778033939,1778033939,5.3777,50.4318,6797.04,false,215.12,228.88,4.88,,6797.04,4117,false,0
78927e,"",China,1778033696,1778033696,129.9097,33.2337,4671.06,false,186.48,347.57,-6.83,,4884.42,,false,0
45ce4b,SRR1BL  ,Denmark,1778033939,1778033939,5.7816,49.5421,7010.4,false,231.07,38.4,0.0,,6995.16,3336,false,0
45ce4d,SRR6566 ,Denmark,1778033939,1778033939,3.2123,51.5897,12176.76,false,229.89,289.21,0.0,,12085.32,4112,false,0
4cc50e,ICE2B   ,Iceland,1778033939,1778033939,-77.3706,40.2449,7566.66,false,232.43,33.9,6.18,,7688.58,3603,false,0
a3fa72,N3555L  ,United States,1778033939,1778033939,-121.2403,44.2544,1584.96,false,47.51,85.03,-1.95,,1584.96,,false,0
78927c,CRK080  ,China,1778033939,1778033939,-127.3024,50.4963,11887.2,false,254.24,99.08,0.0,,12138.66,,false,0
45ce56,SRR6374 ,Denmark,1778033939,1778033939,7.3189,49.38,10668.0,false,223.2,198.27,0.0,,10622.28,4126,false,0
789298,"",China,1778033907,1778033938,119.6006,23.1827,10668.0,false,245.8,58.87,0.0,,11308.08,,false,0
c066f4,ACA1359 ,Canada,1778033939,1778033939,-100.2101,25.8352,1074.42,false,75.7,121.1,-1.95,,1043.94,0506,false,0
c066f0,ACA1041 ,Canada,1778033939,1778033939,-103.254,40.6264,8458.2,false,188.83,245.88,-6.83,,8465.82,,false,0
ac9bae,GARDN1  ,United States,1778033939,1778033939,-76.8893,39.0517,327.66,false,65.53,22.14,0.33,,266.7,,false,0
789294,HKE724  ,China,1778033939,1778033939,101.9405,13.47,11574.78,false,232.8,221.86,0.0,,12344.4,,false,0
4cc530,ICE11P  ,Iceland,1778033939,1778033939,-118.7962,50.9186,11582.4,false,246.7,214.12,0.0,,11772.9,,false,0
c1e9b9,WLD32   ,Canada,1778033936,1778033939,-114.0017,51.1177,,true,4.89,357.19,,,,,false,0
78928a,CRK018  ,China,1778033939,1778033939,149.8438,-32.7827,9311.64,false,225.97,316.38,5.53,,9570.72,1465,false,0
a2ed5a,SKW4100 ,United States,1778033939,1778033939,-121.8767,39.9359,10363.2,false,210.68,2.94,0.0,,10607.04,3377,false,0
a361b6,N317KC  ,United States,1778033939,1778033939,-149.804,61.1,1203.96,false,73.63,182.4,9.75,,1143.0,4243,false,0
a997ac,N717SP  ,United States,1778033939,1778033939,-93.0849,44.9548,525.78,false,41.11,315.51,3.58,,487.68,,false,0
adc531,AAL2668 ,United States,1778033939,1778033939,-92.8108,41.0588,10370.82,false,169.63,273.83,0.0,,10393.68,6545,false,0
4cc582,ICE12E  ,Iceland,1778033939,1778033939,-122.2506,47.3088,1623.06,false,127.59,89.31,13.98,,1630.68,,false,0
78929c,CRK608  ,China,1778033939,1778033939,120.2832,23.7112,11887.2,false,251.44,43.59,0.0,,12565.38,,false,0
ac4237,SWA805  ,United States,1778033939,1778033939,-90.6952,39.9462,9814.56,false,190.56,336.62,19.83,,9890.76,,false,0
ac5569,AAL2805 ,United States,1778033692,1778033699,-87.9266,41.9709,,true,7.2,0.0,,,,3255,false,0
a41a99,N36358  ,United States,1778033939,1778033939,-80.433,26.4939,1676.4,false,58.72,348.89,-0.33,,1706.88,,false,0
abdeec,AAL2794 ,United States,1778033720,1778033753,-74.177,40.6818,,true,3.09,208.12,,,,3102,false,0
a31fa0,SFY203  ,United States,1778033939,1778033939,-80.6028,28.0667,1074.42,false,56.13,160.73,0.0,,1089.66,,false,0
504e88,SQY7504 ,Republic of Moldova,1778033939,1778033939,31.1044,32.7717,11582.4,false,224.79,356.19,0.0,,11826.24,7323,false,0
7807a9,CSZ9711 ,China,1778033938,1778033939,116.9572,39.4942,9784.08,false,209.82,206.82,0.0,,10027.92,,false,0
a757a7,UPS63   ,United States,1778033772,1778033773,-105.3318,49.1101,10668.0,false,263.12,128.73,0.0,,10408.92,,false,0
a3c4d0,TPA4023 ,United States,1778033939,1778033939,-80.193,25.7336,1630.68,false,138.52,158.2,15.93,,1706.88,,false,0
45ce46,SRR6382 ,Denmark,1778033939,1778033939,6.5517,48.6411,11277.6,false,217.03,187.77,0.0,,11224.26,4117,false,0
4cc57c,ICE614  ,Iceland,1778033936,1778033936,-68.9087,47.8258,10058.4,false,265.69,34.43,0.0,,10035.54,2644,false,0
a4f7cb,RPA4627 ,United States,1778033793,1778033795,-77.6674,43.1257,,true,0.0,39.38,,,,3517,false,0
a3b1a0,UPS1055 ,United States,1778033939,1778033939,-74.0653,39.5704,4488.18,false,172.11,230.46,-4.23,,4572.0,3543,false,0
4cc587,ICE686  ,Iceland,1778033938,1778033938,-81.3219,28.4156,,true,5.66,306.56,,,,,false,0
a18fd2,"",United States,,1778033932,,,,false,57.65,76.58,0.0,,,,false,0
46b8b5,AEE899  ,Greece,1778033938,1778033939,29.4726,38.6659,11590.02,false,220.23,262.08,-0.33,,11711.94,,false,0
a13608,UAL1690 ,United States,1778033690,1778033806,-99.3185,41.6944,11582.4,false,194.83,254.53,0.0,,11529.06,1574,false,0
46b8b6,AEE929  ,Greece,1778033939,1778033939,32.9627,32.7049,10622.28,false,211.66,301.18,5.53,,10843.26,6001,false,0
a624ac,SWA1579 ,United States,1778033939,1778033939,-77.0392,38.8471,,true,2.31,205.31,,,,1103,false,0
8a0285,LNI201  ,Indonesia,1778033762,1778033773,102.7803,-0.2453,10668.0,false,237.08,137.73,-0.33,,11399.52,,false,0
4cc573,ICE680  ,Iceland,1778033939,1778033939,-95.5188,63.9438,10668.0,false,236.58,54.2,0.0,,10340.34,,false,0
7807bd,CSC3827 ,China,1778033125,1778033930,37.66,41.3198,11582.4,false,159.32,318.8,0.0,,11658.6,4501,false,0
ad0beb,N94MJ   ,United States,1778033624,1778033625,-110.9849,30.5845,6400.8,false,128.71,182.29,0.0,,6522.72,,false,0
46b8a6,AEE5RT  ,Greece,1778033939,1778033939,13.356,40.1315,11894.82,false,242.73,99.02,0.0,,12115.8,2263,false,0
a1492e,N182MA  ,United States,1778033767,1778033767,-81.5305,30.3542,99.06,false,34.61,138.01,-2.6,,228.6,,false,0
ac425a,SWA2325 ,United States,1778033939,1778033939,-95.2763,29.4084,2727.96,false,140.38,210.14,11.38,,2811.78,,false,0
a504dd,UPS1375 ,United States,1778033939,1778033939,-85.7741,38.4208,1264.92,false,78.33,236.52,0.33,,1196.34,7121,false,0
a37630,EPI322  ,United States,1778033938,1778033939,-80.724,28.1514,403.86,false,51.02,183.47,-0.65,,411.48,,false,0
780971,CCA111  ,China,1778033762,1778033784,114.3674,39.2302,9784.08,false,245.22,172.89,0.0,,10043.16,,false,0
a13668,SWA3168 ,United States,1778033936,1778033939,-108.0652,39.6285,10363.2,false,228.15,261.83,0.0,,10431.78,3222,false,0
a1dfda,FFL1336 ,United States,1778033939,1778033939,-89.8061,36.4279,13106.4,false,181.21,235.99,0.0,,13434.06,6706,false,0
a0acbb,UAL1515 ,United States,1778033939,1778033940,-105.4819,38.043,11285.22,false,250.12,91.65,-0.65,,11391.9,,false,0
a3761c,DAL2675 ,United States,1778033931,1778033939,-93.2134,44.8836,,true,0.06,196.88,,,,,false,0
86cf91,SNJ14   ,Japan,1778033939,1778033939,139.7742,35.5599,,true,9.26,59.06,,,,7315,false,0
06a111,QTR50J  ,Qatar,1778033704,1778033704,-71.2048,48.5855,10668.0,false,311.45,52.92,0.0,,10477.5,2244,false,0
86cf7c,ANA469  ,Japan,1778033938,1778033938,136.7404,34.4695,10965.18,false,189.64,217.62,-0.33,,11422.38,2155,false,0
06a110,QTR53W  ,Qatar,1778033939,1778033939,-73.3405,45.9051,4991.1,false,234.0,46.69,4.55,,4930.14,6576,false,0
a29cbf,ASA646  ,United States,1778033932,1778033933,-119.0961,44.8677,10363.2,false,212.04,330.01,0.0,,10576.56,,false,0
c03068,ACA793  ,Canada,1778033939,1778033939,-116.9089,34.2414,6301.74,false,201.55,243.96,-8.45,,6370.32,2202,false,0
c03069,ACA1098 ,Canada,1778033932,1778033932,-78.3937,32.3068,12192.0,false,237.51,202.68,-0.33,,12626.34,6225,false,0
86cf6f,SNJ33   ,Japan,1778033930,1778033930,130.1793,33.2514,3307.08,false,154.28,201.52,0.0,,3459.48,1775,false,0
a6aa6e,ASA420  ,United States,1778033939,1778033939,-84.8321,31.5166,11277.6,false,278.26,109.77,0.0,,11818.62,3561,false,0
801531,IGO509K ,India,1778033939,1778033939,82.0215,17.2482,10980.42,false,223.52,254.65,0.0,,11628.12,2633,false,0
a1365b,N1776C  ,United States,1778033939,1778033939,-81.0638,28.643,11277.6,false,184.2,340.25,-0.33,,11849.1,2116,false,0
06a126,QTR8M   ,Qatar,1778033937,1778033940,51.6909,21.9266,12192.0,false,250.54,331.01,0.0,,12900.66,,false,0
06a127,QTR15Q  ,Qatar,1778033939,1778033939,-72.5214,41.0,4351.02,false,163.01,251.79,-7.15,,4434.84,,false,0
801534,AIC6RT  ,India,1778033809,1778033821,84.6351,24.6803,10972.8,false,213.66,302.31,0.0,,11521.44,2645,false,0
06a121,QTR61T  ,Qatar,1778033939,1778033939,24.1468,40.3691,11582.4,false,220.47,310.27,0.0,,11750.04,2150,false,0
06a11e,QTR98P  ,Qatar,1778033939,1778033939,-84.5497,44.2366,9829.8,false,300.47,75.32,3.58,,9738.36,3172,false,0
06a11f,QTR17E  ,Qatar,1778033885,1778033885,-73.7663,40.6497,,true,4.37,30.94,,,,,false,0
a43fa0,ASA818  ,United States,1778033939,1778033939,-157.445,21.2295,3985.26,false,195.64,82.45,13.0,,4183.38,2472,false,0
a1495b,HKW820  ,United States,1778033810,1778033811,-85.5184,43.7089,723.9,false,60.74,79.26,-5.2,,640.08,,false,0
8850b0,THA402  ,Thailand,1778033939,1778033939,100.8262,13.6098,3413.76,false,135.25,14.09,-1.63,,3619.5,,false,0
a87907,JIA5534 ,United States,1778033939,1778033939,-89.2411,43.882,8534.4,false,193.1,290.75,-0.33,,8435.34,2767,false,0
3e31d8,PAV612H ,Germany,1778033939,1778033939,-3.1016,51.1741,7749.54,false,171.62,191.41,9.43,,7749.54,2057,false,0
a24304,EPI245  ,United States,1778033656,1778033662,-82.4593,28.4526,83.82,false,32.67,26.16,0.0,,83.82,7437,false,0
78099f,CDG2209 ,China,1778033933,1778033936,117.196,39.7473,5783.58,false,197.13,200.47,4.88,,5890.26,,false,0
406a35,BAW116  ,United Kingdom,1778033932,1778033934,-62.8376,47.1137,11277.6,false,273.08,53.73,0.0,,11323.32,2735,false,0
a55fe9,UAL2426 ,United States,1778033939,1778033939,-88.5222,40.5977,9288.78,false,196.61,201.33,7.8,,9372.6,1330,false,0
a0acb6,UAL1646 ,United States,1778033824,1778033824,-97.5986,35.3956,,true,0.45,180.0,,,,0626,false,0
80154b,IGO635E ,India,1778033939,1778033940,77.0398,11.1619,10363.2,false,237.85,182.23,0.0,,10980.42,,false,0
a984d1,JIA5111 ,United States,1778033936,1778033939,-77.042,38.8452,,true,0.0,81.56,,,,4626,false,0
a611db,UAL1464 ,United States,1778033939,1778033939,-87.0156,42.4811,3421.38,false,160.95,250.0,-6.5,,3345.18,2204,false,0
80154d,IGO6001 ,India,1778033939,1778033939,77.9442,9.6617,9159.24,false,242.67,220.44,-11.05,,9707.88,,false,0
406a9c,BAW26V  ,United Kingdom,1778033772,1778033787,-122.5974,45.5926,,true,0.77,87.19,,,,,false,0
406a9f,BAW36   ,United Kingdom,1778033650,1778033652,73.5911,26.8484,10972.8,false,222.41,298.76,-0.33,,11490.96,0613,false,0
801569,IGO1710 ,India,1778033939,1778033939,91.5927,22.2849,11582.4,false,209.36,276.92,0.0,,12245.34,5076,false,0
801566,IGO7298 ,India,1778033924,1778033930,79.2367,11.7023,4267.2,false,138.57,208.37,0.33,,4381.5,,false,0
ac5723,SWA3457 ,United States,1778033939,1778033939,-82.9184,37.2864,12496.8,false,260.99,70.42,0.33,,12793.98,5750,false,0
aaadb2,SWA1732 ,United States,1778033939,1778033939,-98.1241,31.077,11582.4,false,196.52,308.73,0.0,,12115.8,,false,0
80155d,AKJ1801 ,India,1778033939,1778033939,88.3218,22.9221,1539.24,false,137.01,125.06,-2.93,,1539.24,1460,false,0
86cf2b,SNJ102  ,Japan,1778033775,1778033775,128.002,28.0037,9593.58,false,268.19,29.66,11.7,,9784.08,,false,0
48e899,ENT5708 ,Poland,1778033939,1778033939,31.1053,33.1496,10972.8,false,211.6,355.4,0.0,,11193.78,6164,false,0
a48315,DAL489  ,United States,1778033939,1778033940,-90.3057,40.4034,10668.0,false,278.75,107.06,0.33,,10789.92,1610,false,0
a12355,N17223  ,United States,1778033917,1778033929,-112.3507,40.6066,1348.74,false,32.41,359.09,-1.3,,1310.64,6020,true,0
a6aa5f,N529AB  ,United States,1778033939,1778033939,-96.2663,47.5024,3291.84,false,81.34,304.7,-2.6,,3162.3,,false,0
a25667,N25NX   ,United States,1778033939,1778033939,-112.2184,40.1603,5212.08,false,113.67,14.41,0.0,,5265.42,1357,false,0
a1366d,N1776W  ,United States,1778033939,1778033939,-107.647,32.2671,13106.4,false,241.45,104.69,0.0,,13449.3,1775,false,0
aceda9,N932FW  ,United States,1778033939,1778033939,-122.0486,47.7409,1356.36,false,64.34,181.83,0.0,,1348.74,,false,0
801547,AKJ205P ,India,1778033939,1778033939,86.7567,20.3201,10668.0,false,254.35,54.8,-0.33,,11277.6,7254,false,0
ab6ab2,N8348M  ,United States,1778033939,1778033939,-98.3184,29.9161,1584.96,false,53.35,83.35,1.3,,1577.34,4510,false,0
7c2dff,JDD     ,Australia,1778033939,1778033939,138.3379,-34.4584,960.12,false,45.81,294.55,-1.3,,1036.32,1200,false,0
a3d91f,UPS208  ,United States,1778033939,1778033939,-6.1767,52.5189,9761.22,false,225.71,283.85,0.0,,9685.02,4132,false,0
a851be,EJA635  ,United States,1778033691,1778033691,-102.2318,47.9659,13106.4,false,213.41,286.38,0.0,,12946.38,3144,false,0
a3c606,N342PE  ,United States,1778033939,1778033939,-86.6665,42.5528,8229.6,false,165.85,112.43,0.33,,8221.98,2423,false,0
801548,AKJ1121 ,India,1778033938,1778033939,74.8974,29.6605,11582.4,false,214.7,11.47,0.0,,12009.12,0313,false,0
a8fd2c,PDT5890 ,United States,1778033939,1778033939,-75.5143,39.8333,2834.64,false,135.38,271.96,10.08,,2857.5,7167,false,0
a1235b,UAL1843 ,United States,1778033939,1778033939,-97.1512,40.6711,10668.0,false,292.41,81.4,0.0,,10668.0,,false,0
801554,IGO959  ,India,1778033937,1778033938,77.8117,14.3573,7901.94,false,228.53,15.54,6.18,,8336.28,,false,0
a0acf8,UAL1799 ,United States,1778033939,1778033939,-121.4061,35.8888,8801.1,false,224.24,141.05,-4.23,,8961.12,3702,false,0
a0acf9,UAL2411 ,United States,1778033846,1778033846,-104.6809,39.8528,,true,0.0,92.81,,,,,false,0
e103c2,"",Argentina,,1778033855,,,,false,181.91,216.84,0.0,,,,false,0
7c1aba,UTY732  ,Australia,1778033939,1778033939,116.0987,-31.7216,5143.5,false,159.35,208.96,-11.7,,5349.24,3706,false,0
a4d33f,RAX220  ,United States,1778033939,1778033939,-98.9719,27.8783,5585.46,false,197.25,36.3,7.15,,5890.26,,false,0
ac9e4e,N912CC  ,United States,1778033939,1778033939,-75.5911,39.4223,411.48,false,52.91,166.5,-0.33,,373.38,,false,0
80158a,IGO748  ,India,1778033938,1778033939,87.679,25.6802,10675.62,false,277.87,84.9,-0.65,,11186.16,5426,false,0
a3c68c,UPS321  ,United States,1778033939,1778033939,-98.5074,22.3217,11887.2,false,239.23,6.54,0.33,,12618.72,,false,0
a66ce0,DAL328  ,United States,1778033939,1778033939,-101.9336,41.8319,10370.82,false,206.64,304.76,0.0,,10287.0,,false,0
a028aa,N1091M  ,United States,1778033939,1778033939,-111.4974,33.0003,731.52,false,46.7,40.53,0.98,,701.04,,false,0
80159f,AIC195  ,India,1778033939,1778033939,0.3936,46.3743,9753.6,false,244.71,299.74,0.0,,9654.54,4020,false,0
a97310,JBU460  ,United States,1778033939,1778033939,-77.3707,34.4323,10058.4,false,214.28,19.35,0.0,,10408.92,,false,0
a48356,FFT4404 ,United States,1778033939,1778033939,-81.3695,30.0545,10942.32,false,196.25,357.15,5.53,,11490.96,0745,false,0
80156d,IGO452W ,India,1778033939,1778033939,78.5379,27.8761,8717.28,false,253.14,120.26,4.23,,9022.08,,false,0
a4c02d,GTI8969 ,United States,1778033939,1778033939,-84.5837,27.2449,12192.0,false,209.61,297.32,0.0,,12771.12,0525,false,0
abbb2c,DAL50   ,United States,1778033939,1778033939,-94.1726,48.3229,11277.6,false,254.25,64.21,0.0,,10995.66,,false,0
a7333e,AJT773  ,United States,1778033939,1778033939,-90.562,31.4945,10066.02,false,277.12,59.05,0.0,,10530.84,,false,0
801587,AKJ618  ,India,1778033939,1778033939,83.5113,17.6038,10668.0,false,241.08,104.84,0.0,,,,false,0
801584,AIC7MR  ,India,1778033657,1778033659,77.0911,28.5637,,true,2.57,2.81,,,,,false,0
a7eff7,JIA5483 ,United States,1778033939,1778033939,-87.37,33.3778,10972.8,false,207.62,230.63,0.33,,11460.48,0526,false,0
a2a686,ASA500  ,United States,1778033891,1778033896,-113.356,47.712,10363.2,false,233.62,261.39,0.0,,10393.68,,false,0
ac9e77,DAL462  ,United States,1778033938,1778033939,-113.876,34.5362,10972.8,false,216.52,262.22,0.0,,11056.62,3577,false,0
a2ecec,ENY3382 ,United States,1778033939,1778033939,-86.699,42.7574,7010.4,false,247.12,73.68,0.0,,6957.06,1341,false,0
ac55f3,UAL2071 ,United States,1778033853,1778033855,-85.5269,44.4646,2049.78,false,143.55,48.2,-8.45,,1935.48,1304,false,0
85186a,JAL234  ,Japan,1778033939,1778033939,139.7994,35.5928,129.54,false,69.53,227.1,-1.95,,243.84,4653,false,0
a9e91a,N738DM  ,United States,1778033937,1778033937,-80.7362,35.4054,708.66,false,50.54,337.87,3.58,,449.58,1200,false,0
7c1b6f,FPD     ,Australia,1778033938,1778033938,152.7326,-27.9631,609.6,false,66.65,227.82,-3.58,,685.8,,false,0
a6135b,N49060  ,United States,1778033939,1778033939,-118.0158,33.8152,914.4,false,48.09,34.54,-0.33,,883.92,,false,0
acee50,AAL1316 ,United States,1778033939,1778033939,-81.4978,35.5743,6614.16,false,215.04,32.89,-4.88,,6812.28,2203,false,0
a98620,N7122G  ,United States,1778033936,1778033937,-86.7608,34.1698,1402.08,false,37.05,181.59,0.33,,1379.22,,false,0
801593,"",India,1778033755,1778033763,50.0348,21.517,12192.0,false,252.05,290.8,0.33,,12900.66,,false,0
acee75,N932Q   ,United States,1778033939,1778033939,-112.401,33.0328,2987.04,false,80.05,127.16,0.0,,2903.22,1200,false,0
a66ca5,ASA295  ,United States,1778033939,1778033939,-75.0337,40.8592,2567.94,false,144.87,110.37,-6.18,,2583.18,3234,false,0
a1ce16,SWA2788 ,United States,1778033938,1778033938,-122.213,37.7095,,true,0.0,126.56,,,,,false,0
adb2a4,DAL3178 ,United States,1778033939,1778033939,-86.5849,32.6534,8534.4,false,208.45,224.3,0.0,,8938.26,7126,false,0
a6261c,N4958A  ,United States,1778033859,1778033864,-117.1317,32.8116,129.54,false,27.43,293.2,-1.95,,114.3,,false,0
ab22fe,N8167L  ,United States,1778033936,1778033936,-121.7102,40.6849,2346.96,false,52.85,138.55,1.63,,2438.4,,false,0
a3c666,N342TA  ,United States,1778033939,1778033939,-121.474,37.3479,1798.32,false,53.29,6.1,0.33,,1783.08,4545,false,0
ad0e97,EJA940  ,United States,1778033652,1778033654,-101.105,40.4337,12496.8,false,266.67,83.46,0.0,,12512.04,3755,false,0
aca5dc,N914DK  ,United States,1778033939,1778033939,-122.9901,42.4051,1676.4,false,76.02,275.83,6.83,,1714.5,,false,0
abbb5a,EJA855  ,United States,1778033938,1778033939,-91.6074,30.5952,13716.0,false,265.09,117.76,-0.33,,14272.26,7776,false,0
a9e902,N738CN  ,United States,1778033939,1778033939,-80.214,26.1943,152.4,false,39.22,85.49,-3.25,,167.64,,false,0
e4a100,PSGYP   ,Brazil,1778033938,1778033939,-49.2897,-24.1598,12809.22,false,191.19,191.64,-2.28,,13426.44,,false,0
a5198f,N428CF  ,United States,1778033692,1778033695,-97.1174,32.747,304.8,false,9.83,6.01,-2.6,,228.6,,false,0
406a04,BAW2X   ,United Kingdom,1778033939,1778033939,-100.7745,43.3278,11277.6,false,280.53,72.83,0.0,,11132.82,,false,0
a1109b,EJM168  ,United States,1778033939,1778033939,-122.1006,37.4423,1722.12,false,116.99,342.6,-6.18,,1722.12,7310,false,0
acee86,EJA932  ,United States,1778033939,1778033939,-75.7225,39.6968,4754.88,false,207.01,61.01,-11.05,,4815.84,2165,false,0
06a107,QTR36G  ,Qatar,1778033799,1778033935,51.5781,25.3174,68.58,true,69.07,158.59,-2.93,,,5623,false,0
06a102,QTR1183 ,Qatar,1778033939,1778033939,49.7639,25.5929,7566.66,false,237.37,94.47,-2.93,,7978.14,5214,false,0
c819b0,ZKINC   ,New Zealand,1778033939,1778033939,174.7346,-36.6107,411.48,false,60.02,255.61,0.65,,571.5,,false,0
a7a91f,LXJ593  ,United States,1778033939,1778033939,-78.0205,41.7939,11681.46,false,291.78,99.74,-7.48,,11772.9,2054,false,0
a5aff2,AAL2239 ,United States,1778033939,1778033939,-115.1008,36.0737,800.1,false,71.51,270.0,-3.25,,739.14,,false,0
a3d8be,EJA347  ,United States,1778033939,1778033939,-82.7321,32.1264,9532.62,false,245.29,73.43,-7.8,,9966.96,0773,false,0
c06909,CGNUE   ,Canada,1778033939,1778033939,-79.8945,43.7767,472.44,false,36.31,172.67,-5.85,,396.24,1200,false,0
a1ce54,CXK575  ,United States,1778033939,1778033939,-85.1925,33.3494,1684.02,false,60.21,88.53,-0.33,,1691.64,,false,0
885108,THA960  ,Thailand,1778033939,1778033939,38.1642,41.1443,12192.0,false,249.46,276.27,0.0,,12260.58,6131,false,0
885106,THA954  ,Thailand,1778033935,1778033935,46.276,41.3681,12192.0,false,244.85,287.86,0.33,,12306.3,0426,false,0
7892a0,CRK231  ,China,1778033939,1778033939,113.8994,22.3086,,true,8.23,70.31,,,,,false,0
885102,THA659  ,Thailand,1778033932,1778033936,122.6625,26.2293,13106.4,false,248.65,197.09,0.33,,13677.9,,false,0
7892a6,HKE848  ,China,1778033939,1778033939,120.269,23.8012,10675.62,false,239.42,48.4,0.0,,11323.32,,false,0
8a0132,JUPITER ,Indonesia,1778033773,1778033905,110.4341,-7.791,403.86,false,102.41,242.15,9.43,,434.34,,false,0
a638b1,N50MG   ,United States,1778033939,1778033939,-75.5457,41.7172,11887.2,false,264.81,50.99,0.0,,11971.02,3625,false,0
a78e09,AAL1879 ,United States,1778033939,1778033939,-81.0305,33.7797,8115.3,false,245.4,179.52,6.83,,8442.96,2564,false,0
06a0b0,QTR68W  ,Qatar,1778033033,1778033939,51.2046,23.8796,2331.72,false,251.18,4.11,-13.33,,11628.12,3120,false,0
c819e9,ZKTZI   ,New Zealand,1778033939,1778033939,174.6323,-36.6714,91.44,false,33.54,110.66,-1.95,,251.46,,false,0
c819e0,ANZ041L ,New Zealand,1778033939,1778033939,174.6197,-37.6326,4610.1,false,104.07,193.14,3.9,,4831.08,,false,0
06a0ad,QTR6A   ,Qatar,1778033606,1778033939,51.6266,25.0895,1043.94,false,149.18,18.5,-6.18,,3528.06,3535,false,0
a96035,TSU8132 ,United States,1778033912,1778033935,-81.9189,24.3917,5486.4,false,132.46,234.64,0.0,,5783.58,,false,0
a9b007,JIA5206 ,United States,1778033939,1778033939,-82.9548,40.051,5265.42,false,183.16,300.74,-6.5,,5303.52,6517,false,0
a53b19,N436TH  ,United States,1778033939,1778033939,-122.8649,46.9058,1203.96,false,50.23,57.12,0.0,,1203.96,,false,0
7c2e29,JEJ     ,Australia,1778033939,1778033939,115.6192,-31.5429,320.04,false,51.44,329.33,0.98,,426.72,1200,false,0
0ac9ef,AVA244  ,Colombia,1778033939,1778033939,-77.6078,33.175,11277.6,false,204.42,2.45,0.0,,11673.84,,false,0
06a0c0,QTR1E   ,Qatar,1778033938,1778033938,31.5555,29.9844,11582.4,false,228.72,306.59,-0.33,,11925.3,2115,false,0
88510e,THA475  ,Thailand,1778033884,1778033884,101.8197,10.2989,10881.36,false,253.59,145.25,6.18,,11559.54,,false,0
a54e46,N4409X  ,United States,1778033939,1778033939,-118.684,34.1028,1226.82,false,51.57,341.38,-2.6,,1203.96,6431,true,0
a0ae57,FDX82   ,United States,1778033939,1778033939,-97.1244,26.445,11285.22,false,261.46,28.18,0.0,,11940.54,,false,0
a96041,N703FS  ,United States,1778033939,1778033939,-74.9129,40.4618,2164.08,false,158.31,46.71,0.0,,2164.08,3647,false,0
a388af,DAL2054 ,United States,1778033938,1778033939,-98.4143,35.8303,10972.8,false,190.86,307.33,-0.33,,11269.98,,false,0
06a0ba,QTR51V  ,Qatar,1778033938,1778033938,74.5563,28.2002,9654.54,false,274.81,88.5,-9.43,,10043.16,,false,0
ac308f,AAL758  ,United States,1778033939,1778033939,-10.5303,51.1389,11879.58,false,263.23,108.93,-0.33,,11826.24,,false,0
885115,THA671  ,Thailand,1778033939,1778033939,140.1646,41.2107,9806.94,false,255.25,198.33,5.53,,10005.06,6001,false,0
a59067,LXJ458  ,United States,1778033939,1778033939,-84.3009,27.2365,13716.0,false,274.46,113.3,-0.33,,14333.22,7303,false,0
c041bc,ROU1705 ,Canada,1778033939,1778033939,-90.9496,44.25,10972.8,false,190.03,256.38,0.0,,10828.02,1077,false,0
4bb722,MNB9404 ,Turkey,1778033829,1778033842,28.156,41.3,3032.76,false,144.02,150.23,-4.23,,3101.34,4350,false,0
a5e02d,EDV5078 ,United States,1778033939,1778033939,-78.5689,42.3165,9753.6,false,199.12,288.53,-0.33,,9837.42,1110,false,0
ab35b6,N821MS  ,United States,1778033939,1778033939,-118.0738,33.6563,594.36,false,47.16,129.25,0.65,,579.12,,false,0
a1ce99,JBU1634 ,United States,1778033940,1778033940,-84.3285,43.2592,11277.6,false,292.75,89.19,0.0,,11292.84,6341,false,0
a3a086,UAL680  ,United States,1778033939,1778033939,-86.7518,38.7722,11277.6,false,296.7,92.88,0.33,,11513.82,2730,false,0
155bf4,IAE476  ,Russian Federation,1778033724,1778033728,82.1475,54.6373,10363.2,false,211.93,286.5,0.33,,10424.16,,false,0
68000a,BTN701  ,Bhutan,1778033936,1778033939,88.4391,22.6405,,true,0.0,337.5,,,,0452,false,0
7c1b4d,FOF     ,Australia,1778033938,1778033938,148.9494,-35.1739,586.74,false,27.84,73.91,1.3,,701.04,,false,0
a495bf,DAL1220 ,United States,1778033939,1778033939,-94.7444,44.5597,7399.02,false,251.35,72.12,-10.4,,7223.76,7473,false,0
a9e988,N738HX  ,United States,1778033939,1778033939,-78.1587,36.2465,1958.34,false,39.24,235.68,0.0,,1965.96,,false,0
06a0de,QTR8813 ,Qatar,1778033939,1778033939,-80.4316,44.4449,11277.6,false,286.88,60.22,0.33,,11209.02,2771,false,0
06a0dc,QTR22Y  ,Qatar,1778033787,1778033939,51.1524,23.1893,9006.84,false,273.28,3.89,-3.25,,10279.38,3572,false,0
8013a4,AIC6ZQ  ,India,1778033939,1778033939,77.8684,27.5403,7962.9,false,226.45,145.55,12.03,,8206.74,,false,0
a362a9,AAL2417 ,United States,1778033939,1778033939,-97.7597,20.2979,10972.8,false,231.73,177.46,0.0,,11689.08,,false,0
7cf8f5,MTCH10  ,Australia,1778033939,1778033939,151.728,-32.5112,1546.86,false,159.51,178.89,-9.1,,1661.16,,false,0
a42e48,FFT2900 ,United States,1778033937,1778033937,-84.4321,33.6383,,true,0.0,270.0,,,,,false,0
7cf8f3,WGTL11  ,Australia,1778033939,1778033939,151.17,-33.8305,5783.58,false,228.13,37.67,0.0,,5966.46,4525,false,0
a495b4,DAL2234 ,United States,1778033940,1778033940,-82.3465,30.4378,12192.0,false,249.97,186.26,0.0,,12733.02,2166,false,0
a375cc,JTL322  ,United States,1778033939,1778033939,-88.423,41.4188,1866.9,false,133.06,58.28,-0.33,,1798.32,2411,false,0
ab35cb,AAL1566 ,United States,1778033939,1778033939,-80.4732,27.1902,9768.84,false,206.54,337.91,8.13,,10287.0,3720,false,0
a04b92,SKW4774 ,United States,1778033939,1778033939,-92.1663,35.7893,10668.0,false,242.51,27.27,0.0,,11003.28,4564,false,0
3d6cef,EIS05   ,Germany,1778033939,1778033939,13.2226,53.8709,3063.24,false,83.54,101.73,3.25,,3055.62,1675,false,0
ac696c,SWA3304 ,United States,1778033939,1778033940,-89.2513,41.7184,9326.88,false,192.81,244.05,5.53,,9334.5,3131,false,0
ad7631,ASA346  ,United States,1778033723,1778033723,-116.5993,36.7002,10363.2,false,239.89,310.04,0.0,,10454.64,1654,false,0
ab4994,N8260Y  ,United States,1778033936,1778033936,-84.5896,33.3696,365.76,false,46.44,309.16,1.63,,312.42,,false,0
acffbc,DAL2043 ,United States,1778033939,1778033939,-89.4378,34.877,9144.0,false,194.94,287.19,0.0,,9517.38,7113,false,0
acffbe,AVA161  ,United States,1778033939,1778033939,-56.1846,-15.3866,11894.82,false,240.02,132.13,0.0,,12694.92,,false,0
a53b69,SWA2382 ,United States,1778033939,1778033939,-115.412,32.8546,7818.12,false,189.53,260.15,-16.26,,7886.7,2615,false,0
8013fd,IGO6394 ,India,1778033939,1778033939,80.6824,27.8548,11887.2,false,264.55,124.46,0.65,,12374.88,,false,0
a3fb6f,DAL1207 ,United States,1778033939,1778033939,-85.0695,40.3597,11582.4,false,193.49,221.66,0.0,,11742.42,4633,false,0
86cf09,SNJ13   ,Japan,1778033939,1778033939,137.9639,35.2923,10965.18,false,167.92,261.72,0.33,,11391.9,0425,false,0
8013fb,IGO2165 ,India,1778033931,1778033931,77.1035,28.5585,,true,4.63,196.88,,,,,false,0
a732ae,"",United States,1778033931,1778033931,-77.4465,38.9473,,true,7.2,264.38,,,,,false,0
8013fc,IGO720H ,India,1778033933,1778033936,83.6356,22.4322,11887.2,false,252.88,77.55,0.0,,12542.52,0706,false,0
a865c8,FFT1821 ,United States,1778033939,1778033939,-98.3461,40.7623,9761.22,false,195.42,261.83,0.33,,9753.6,5720,false,0
a65b61,FTD509  ,United States,1778033939,1778033939,-92.9555,38.5545,11902.44,false,284.67,113.88,0.33,,12100.56,4057,false,0
71c746,KAL077  ,Republic of Korea,1778033923,1778033935,139.1698,37.8652,10668.0,false,320.18,70.87,0.0,,10942.32,4324,false,0
a41b5b,N364CA  ,United States,1778033939,1778033939,-106.6113,31.8281,5364.48,false,79.92,246.07,1.95,,5516.88,,false,0
71c747,KAL1174 ,Republic of Korea,1778033937,1778033939,126.9926,36.6963,5181.6,false,193.5,358.48,0.0,,5356.86,5164,false,0
a9d5a2,UAL589  ,United States,1778033731,1778033937,-122.3869,37.6217,,true,3.09,118.12,,,,,false,0
ac6993,SWA665  ,United States,1778033939,1778033939,-86.7631,36.0698,1524.0,false,98.88,278.68,13.0,,1493.52,,false,0
aa02ab,AAL438  ,United States,1778033939,1778033939,-89.0563,43.3953,10363.2,false,200.14,316.46,0.33,,10279.38,6537,false,0
acb953,AAL3216 ,United States,1778033931,1778033938,-78.313,31.6651,10668.0,false,208.66,7.65,0.0,,11087.1,,false,0
71c741,PTA6701 ,Republic of Korea,1778033636,1778033636,126.5969,34.1226,4267.2,false,181.27,185.05,-4.55,,4792.98,7432,false,0
00fef6,TXLU 3  ,South Africa,,1778033938,,,,false,,8.44,,,,,false,0
71c744,EOK393  ,Republic of Korea,1778033938,1778033939,126.8021,34.1358,9456.42,false,216.85,2.86,0.0,,9799.32,,false,0
a6ab27,JBU735  ,United States,1778033939,1778033939,-104.8318,36.7092,10972.8,false,176.21,250.56,0.0,,11148.06,2702,false,0
a00408,N10TD   ,United States,1778033938,1778033939,-102.5252,42.4113,12496.8,false,223.12,43.04,-0.33,,12451.08,7237,false,0
8013e5,IGO391  ,India,1778033927,1778033927,77.9992,13.2689,2567.94,false,113.3,131.87,-2.93,,2628.9,,false,0
600b20,AZG1573 ,Azerbaijan,1778033939,1778033939,22.3068,39.6815,9753.6,false,238.99,246.8,0.0,,9959.34,2323,false,0
7808a6,"",China,1778033938,1778033938,116.6656,39.3978,9479.28,false,247.36,19.94,-0.33,,9738.36,,false,0
acb989,EJA919  ,United States,1778033940,1778033940,-100.8547,35.1726,12496.8,false,255.32,122.41,-0.33,,12832.08,0530,false,0
ac300d,SWA981  ,United States,1778033939,1778033939,-86.6808,36.1212,,true,37.04,196.88,,,,,false,0
8013f8,IGO1721 ,India,1778033938,1778033939,81.6015,26.5716,10675.62,false,264.16,106.64,0.0,,11117.58,,false,0
8a018c,"",Indonesia,,1778033917,,,,false,198.08,180.89,0.33,,,,false,0
7cf98d,WLBY43  ,Australia,1778033939,1778033939,151.3282,-31.5734,7315.2,false,147.22,201.1,0.0,,7559.04,,false,0
a495e9,FFT3315 ,United States,1778033939,1778033939,-121.6972,38.8007,899.16,false,99.37,2.37,0.0,,891.54,1326,false,0
ab1046,N8116J  ,United States,1778033939,1778033939,-79.0557,35.6798,563.88,false,33.17,203.78,0.33,,571.5,,false,0
a13748,DAL465  ,United States,1778033937,1778033937,-157.2295,21.675,4678.68,false,206.99,225.5,-13.0,,4945.38,,false,0
71c719,JJA1302 ,Republic of Korea,1778033932,1778033936,128.0945,36.7633,7749.54,false,197.53,305.14,-7.48,,8084.82,6134,false,0
71c711,KAL741  ,Republic of Korea,1778033932,1778033938,129.2537,37.4604,9304.02,false,252.07,121.22,7.15,,9563.1,7145,false,0
71c712,KAL2085 ,Republic of Korea,1778033848,1778033848,121.2115,25.0694,60.96,false,61.27,49.09,-2.6,,190.5,7140,false,0
a05dd8,UAL1293 ,United States,1778033939,1778033939,-93.3207,38.9645,9616.44,false,284.53,102.0,-4.88,,9753.6,,false,0
a04aa9,RPA4409 ,United States,1778033780,1778033780,-87.9211,41.9674,,true,8.75,270.0,,,,4560,false,0
7808c5,CSN3023 ,China,1778033939,1778033939,122.4085,26.3299,9144.0,false,225.52,215.25,0.0,,9593.58,,false,0
a53b38,UPS1121 ,United States,1778033939,1778033939,-73.0756,40.5127,6271.26,false,193.31,210.73,-10.4,,6408.42,,false,0
71c704,APZ801  ,Republic of Korea,1778033939,1778033939,121.4605,25.1293,12184.38,false,239.44,229.71,0.0,,12816.84,4135,false,0
71c709,PTA501  ,Republic of Korea,1778033939,1778033939,137.4824,36.7063,11277.6,false,293.48,80.11,0.0,,11658.6,4327,false,0
a1240a,UAL1763 ,United States,1778033939,1778033939,-122.2098,39.7264,11582.4,false,209.14,357.04,0.0,,11841.48,1711,false,0
a1373d,DAL691  ,United States,1778033939,1778033939,-73.7118,40.7001,403.86,false,57.18,210.26,-2.93,,358.14,3312,false,0
885178,THA923  ,Thailand,1778033938,1778033939,78.5655,27.6837,11277.6,false,282.83,113.02,0.0,,11727.18,,false,0
a3c5ea,DAL2435 ,United States,1778033939,1778033939,-84.4379,33.6386,,true,5.14,180.0,,,,,false,0
885179,THA950  ,Thailand,1778033683,1778033937,40.2136,41.615,10972.8,false,250.53,273.65,0.0,,10965.18,5327,false,0
885176,THA672  ,Thailand,1778033727,1778033727,103.5544,14.6758,10058.4,false,257.29,69.03,0.0,,10721.34,,false,0
885175,THA683  ,Thailand,1778033939,1778033939,139.5152,35.0917,5829.3,false,182.99,224.2,8.13,,6080.76,6022,false,0
a8a391,FFT2509 ,United States,1778033939,1778033940,-80.3147,36.8588,10965.18,false,211.35,228.35,0.0,,11277.6,2455,false,0
ac3053,SWA1243 ,United States,1778033939,1778033939,-84.0049,31.7366,10972.8,false,204.81,349.14,0.0,,11490.96,3213,false,0
aef953,KNIFE27 ,United States,1778033939,1778033939,-119.5231,35.4768,906.78,false,69.94,96.76,0.0,,899.16,,false,0
71c733,KAL2101 ,Republic of Korea,1778033889,1778033889,139.7688,35.5476,,true,0.06,247.5,,,,4334,false,0
71c732,KAL723  ,Republic of Korea,1778033798,1778033798,134.1052,34.6953,4434.84,false,180.58,172.47,-7.15,,4648.2,4346,false,0
3a0e98,F0DUY   ,France,1778033790,1778033790,-149.6617,-17.5692,274.32,false,50.72,143.25,-1.63,,266.7,,false,0
a612a6,UAL1220 ,United States,1778033939,1778033939,-96.8569,41.6973,11285.22,false,283.94,74.55,0.0,,11224.26,3217,false,0
a3c5fd,DAL1689 ,United States,1778033939,1778033940,-80.1078,42.5723,8221.98,false,250.62,78.27,-0.33,,8267.7,1561,false,0
a12405,N17274  ,United States,1778033939,1778033939,-149.6345,61.3648,617.22,false,44.78,181.97,-0.65,,541.02,0517,false,0
704458,MMA365  ,Myanmar,1778033926,1778033928,98.8074,14.6377,10157.46,false,228.83,320.66,3.58,,10835.64,,false,0
a9607d,JBU1146 ,United States,1778033935,1778033935,-77.327,37.521,91.44,false,70.07,147.59,-3.9,,137.16,7630,false,0
a41b89,DAL2956 ,United States,1778033879,1778033879,-84.4366,33.6375,,true,1.54,90.0,,,,7726,false,0
a2e5f5,N286TG  ,United States,1778033729,1778033750,-90.215,42.8611,601.98,false,31.98,11.13,-0.65,,541.02,,false,0
a46e70,LXJ385  ,United States,1778033939,1778033939,-81.6765,41.1531,13716.0,false,247.84,74.84,0.33,,13807.44,1402,false,0
408120,VIR58N  ,United Kingdom,1778033939,1778033939,-65.6997,45.2087,11887.2,false,259.2,49.83,0.65,,11948.16,,false,0
aa56db,UAL1816 ,United States,1778033938,1778033938,-104.6832,39.8545,,true,0.0,270.0,,,,,false,0
a57b27,CMB187  ,United States,1778033939,1778033939,5.0975,39.9955,12496.8,false,223.58,259.26,0.0,,12626.34,2007,false,0
ade18c,AAL3334 ,United States,1778033940,1778033940,-110.1821,32.7431,10668.0,false,281.73,102.34,0.0,,10896.6,2404,false,0
88044d,AIQ3214 ,Thailand,1778033939,1778033939,100.329,13.0876,7475.22,false,217.79,357.7,-13.0,,8031.48,,false,0
abd9d9,SWA4122 ,United States,1778033915,1778033918,-117.1913,32.7306,,true,0.0,14.06,,,,4730,false,0
a808ad,N6169T  ,United States,1778033661,1778033663,-80.8199,28.5142,121.92,false,25.54,71.2,-4.55,,152.4,3320,true,0
7c6b40,JST753  ,Australia,1778033939,1778033939,151.5709,-31.6501,10363.2,false,235.03,192.52,-0.33,,10652.76,1047,false,0
880453,AIQ3029 ,Thailand,1778033933,1778033933,99.4677,10.4138,9761.22,false,244.4,203.71,0.33,,10454.64,,false,0
880451,AIQ3149 ,Thailand,1778033939,1778033939,100.2057,13.3104,6949.44,false,197.13,358.21,-6.18,,7444.74,,false,0
7c35f0,KXU     ,Australia,1778033842,1778033842,145.0959,-37.9737,,true,0.26,5.62,,,,,false,0
aa56d8,UAL521T ,United States,1778033939,1778033939,-75.6426,39.2387,11887.2,false,224.95,42.96,0.0,,12070.08,4025,false,0
aa56d5,UAL396  ,United States,1778033939,1778033939,-76.3094,40.9376,6172.2,false,237.05,107.69,-14.96,,6278.88,7206,false,0
ad4f0b,DAL3056 ,United States,1778033687,1778033687,-84.4304,33.6386,,true,4.63,53.44,,,,0713,false,0
7c6b1c,JST564  ,Australia,1778033939,1778033939,153.1509,-27.3455,175.26,false,72.7,206.93,-2.6,,213.36,1343,false,0
a3f2c2,N3533Q  ,United States,1778033934,1778033934,-116.9424,32.5801,396.24,false,70.28,162.1,-3.58,,510.54,,false,0
7c6b30,JST233  ,Australia,1778033939,1778033939,172.6031,-42.9283,3398.52,false,189.89,192.04,-6.5,,3558.54,,false,0
ab63b4,"",United States,1778033939,1778033939,-122.0489,37.4086,,true,2.83,95.62,,,,,false,0
7c6b39,JST890  ,Australia,1778033939,1778033939,151.4457,-33.9502,2956.56,false,185.43,23.72,11.7,,3070.86,1333,false,0
880441,AIQ3248 ,Thailand,1778033939,1778033939,101.4304,14.1693,8237.22,false,198.77,29.29,0.0,,8785.86,,false,0
7c6b0f,JST236  ,Australia,1778033939,1778033939,172.6829,-43.236,3147.06,false,149.75,16.57,13.33,,3261.36,,false,0
7c6b0c,JST201  ,Australia,1778033939,1778033939,174.6886,-37.039,297.18,false,69.14,70.89,-4.23,,441.96,,false,0
7c6b0b,JST913  ,Australia,1778033939,1778033940,151.1341,-33.7396,1188.72,false,103.01,168.19,2.93,,1257.3,1170,false,0
ad4f52,N957GV  ,United States,1778033753,1778033754,-82.2604,29.4616,876.3,false,70.21,304.85,-1.63,,876.3,6626,true,0
7c6b28,JST431  ,Australia,1778033939,1778033939,144.9937,-37.5709,1120.14,false,134.58,96.36,-6.83,,1188.72,1110,false,0
aa8c10,SKW5428 ,United States,1778033939,1778033939,-103.2406,36.7837,11285.22,false,212.01,159.1,0.0,,11498.58,3265,false,0
c08416,CGYAN   ,Canada,1778033912,1778033912,-114.1469,53.6999,1325.88,false,56.59,269.48,0.0,,1333.5,,false,0
a46e40,DAL2191 ,United States,1778033939,1778033939,-105.7642,37.3851,11887.2,false,280.06,49.02,0.33,,12031.98,0135,false,0
a1fb33,MXY117  ,United States,1778033939,1778033939,-82.1379,31.3909,10363.2,false,244.69,192.14,0.0,,10850.88,2177,false,0
a57b4d,UAL1625 ,United States,1778033939,1778033939,-94.4213,41.4954,6918.96,false,194.58,252.14,-13.98,,6926.58,5620,false,0
a1d8fd,UAL939  ,United States,1778033939,1778033939,-122.2676,37.5759,472.44,false,81.92,297.69,-5.2,,472.44,4136,false,0
a33b1e,AAL1193 ,United States,1778033939,1778033939,-96.7551,30.1763,10972.8,false,194.18,279.76,0.0,,11529.06,,false,0
4952aa,TAP248  ,Portugal,1778033913,1778033913,-100.1942,41.7831,11277.6,false,278.49,57.98,0.0,,11209.02,1077,false,0
ae26bc,C6605   ,United States,1778033939,1778033939,-77.1245,38.8264,335.28,false,35.59,85.86,-0.65,,297.18,5147,false,0
4952b2,TAP23SL ,Portugal,1778033939,1778033939,-103.2466,41.0481,11277.6,false,272.25,76.23,0.0,,11254.74,3353,false,0
aaef89,AAL2409 ,United States,1778033939,1778033940,-97.0371,35.6924,9128.76,false,209.49,358.17,0.0,,9380.22,,false,0
a678a5,N516KL  ,United States,1778033939,1778033939,-122.2455,37.4253,579.12,false,56.94,122.83,-3.9,,563.88,,false,0
7c6b80,VIQ     ,Australia,1778033938,1778033938,150.996,-33.9187,,true,4.89,8.44,,,,3000,false,0
ad3c1f,ASA201  ,United States,1778033939,1778033939,-102.7639,39.8351,10111.74,false,204.76,256.49,6.18,,10111.74,,false,0
abb3b6,AAL425  ,United States,1778033939,1778033939,-87.6828,42.0025,1203.96,false,97.74,270.0,-4.88,,1143.0,7106,false,0
a2d2eb,ENY3336 ,United States,1778033939,1778033939,-85.5968,42.3095,8229.6,false,260.87,91.13,-0.33,,8229.6,1335,false,0
4952a1,TAP210  ,Portugal,1778033932,1778033938,-73.7925,40.6404,,true,1.29,272.81,,,,,false,0
4952a5,TAP082  ,Portugal,1778033842,1778033849,-14.3728,32.3924,12192.0,false,259.97,33.38,0.0,,12435.84,,false,0
880401,MTL124  ,Thailand,1778033904,1778033904,100.1882,14.967,5486.4,false,210.0,345.39,-0.33,,5829.3,,false,0
a34e9d,DAL2773 ,United States,1778033939,1778033939,-98.1506,29.7578,2849.88,false,110.6,237.34,-7.8,,2941.32,1702,false,0
a1b2ee,JBU470  ,United States,1778033938,1778033938,-77.9511,33.4234,10058.4,false,212.49,10.6,0.0,,10416.54,3611,true,0
408142,DHK009  ,United Kingdom,1778033939,1778033939,-114.201,53.2779,10668.0,false,269.12,114.51,0.0,,10706.1,,false,0
7c6b3b,JST296  ,Australia,1778033939,1778033939,174.3069,-39.6668,11277.6,false,237.2,40.43,0.33,,11567.16,,false,0
acd3b8,N9254Y  ,United States,1778033939,1778033939,-80.7541,26.3167,891.54,false,51.26,141.52,0.0,,929.64,0061,false,0
abfc71,SWA3541 ,United States,1778033939,1778033939,-116.3381,33.1874,5356.86,false,165.88,206.33,-8.45,,5410.2,3161,false,0
7c6b3f,VHVGX   ,Australia,1778033939,1778033939,-100.008,43.7864,13106.4,false,228.07,272.2,0.33,,13030.2,5422,false,0
a34e97,DAL1170 ,United States,1778033939,1778033939,-95.3277,30.1188,9144.0,false,193.34,264.35,0.0,,9631.68,2530,false,0
ad4f81,KOW957  ,United States,1778033906,1778033911,-109.5129,43.3948,14234.16,false,228.48,318.38,-0.98,,14264.64,,false,0
a88075,JIA5225 ,United States,1778033939,1778033939,-78.1646,39.5486,10668.0,false,228.69,35.48,-0.33,,10843.26,2063,false,0
c01b6c,JZA520  ,Canada,1778033939,1778033939,-75.7487,40.0841,2461.26,false,153.18,100.25,0.33,,2476.5,0541,false,0
0d0aca,VIV2107 ,Mexico,1778033939,1778033939,-94.3568,19.7593,10287.0,false,240.2,70.09,9.75,,10972.8,,false,0
861f3c,ANA608R ,Japan,1778033939,1778033939,139.3172,34.351,4716.78,false,230.04,67.79,-10.4,,4892.04,3457,false,0
3c65a3,"",Germany,,1778033907,,,11277.6,false,264.75,57.7,0.0,,11361.42,1403,false,0
4b187b,SWR81   ,Switzerland,1778033939,1778033939,-11.0765,50.6043,11887.2,false,243.27,100.48,0.0,,11833.86,,false,0
0d0ae8,SLI307  ,Mexico,1778033939,1778033939,-99.1231,19.406,2385.06,false,89.73,59.32,-4.55,,2506.98,1303,false,0
c082f2,CGXPH   ,Canada,1778033939,1778033939,-123.7777,49.0283,1104.9,false,54.22,123.39,-1.63,,1089.66,,false,0
ab649a,DAL288  ,United States,1778033728,1778033728,-65.6786,42.2116,10058.4,false,243.05,66.42,0.0,,10218.42,4424,false,0
3c65ab,DLH453  ,Germany,1778033939,1778033939,-106.4515,37.0785,10675.62,false,295.57,68.35,0.0,,10812.78,2047,false,0
4b1883,SWR19C  ,Switzerland,1778033939,1778033939,-71.9496,41.7165,8778.24,false,253.13,74.44,3.9,,8930.64,1710,false,0
4b1885,SWR4Y   ,Switzerland,1778033939,1778033939,-68.4087,42.4415,8945.88,false,250.42,79.11,4.23,,9098.28,,false,0
aeaaaf,ZEUS33  ,United States,1778033936,1778033938,-78.7829,36.1951,182.88,false,20.89,308.0,-1.63,,160.02,,false,0
4b1886,SWR15X  ,Switzerland,1778033936,1778033938,-63.7734,43.5946,10972.8,false,248.54,60.62,0.0,,11102.34,,false,0
4b1887,SWR2K   ,Switzerland,1778033939,1778033939,-62.3773,44.1524,11887.2,false,249.05,61.64,0.0,,11993.88,,false,0
ae5ac1,PAT04   ,United States,1778033939,1778033939,-77.7055,38.945,472.44,false,65.74,342.7,0.0,,434.34,4304,false,0
ac1afa,SWA1677 ,United States,1778033939,1778033939,-120.2734,38.9945,6134.1,false,197.04,283.13,-10.4,,6301.74,,false,0
8686aa,ANA56   ,Japan,1778033935,1778033938,140.8033,38.4051,10965.18,false,220.45,191.44,0.0,,11224.26,,false,0
a45b96,DAL2344 ,United States,1778033883,1778033886,-97.6622,30.2026,,true,0.0,275.62,,,,6001,false,0
ac7188,SWA378  ,United States,1778033939,1778033939,-101.4327,40.1267,10226.04,false,277.82,82.98,2.28,,10210.8,3205,false,0
ae5ad5,SHINR54 ,United States,1778033939,1778033939,-97.0053,30.1859,411.48,false,64.84,1.36,-0.98,,342.9,,false,0
3c65cb,DLH1743 ,Germany,1778033939,1778033939,17.3808,46.9085,11597.64,false,207.42,288.66,0.33,,11719.56,1000,false,0
ae145a,FAMUS74 ,United States,1778033939,1778033939,-87.4127,40.8435,10668.0,false,289.36,101.07,0.0,,10789.92,6636,false,0
c82413,ZKIFG   ,New Zealand,1778033724,1778033724,176.6734,-37.8585,91.44,false,60.86,292.88,-0.65,,236.22,,false,0
a6eb1e,GJS4600 ,United States,1778033938,1778033939,-86.7707,36.9111,7315.2,false,229.96,180.13,0.33,,7520.94,6564,false,0
aaef02,WMU80   ,United States,1778033939,1778033939,-85.9184,43.6886,1409.7,false,68.7,339.39,0.0,,1310.64,,false,0
a33aa7,EDV4659 ,United States,1778033939,1778033939,-74.9633,38.5655,7315.2,false,202.78,240.18,0.0,,7482.84,7103,false,0
a6a2b2,N5268K  ,United States,1778033821,1778033821,-116.959,32.81,419.1,false,40.39,96.58,-2.93,,419.1,,false,0
7c48c6,ONS     ,Australia,1778033863,1778033864,150.8939,-34.0388,83.82,false,8.75,151.93,-1.3,,144.78,,false,0
a4ab79,BXR1983 ,United States,1778033939,1778033939,-122.2141,40.3425,2042.16,false,79.73,160.4,6.18,,2072.64,,false,0
acd47e,ASA1392 ,United States,1778033939,1778033939,-120.1055,38.5993,10363.2,false,218.65,341.05,0.0,,10568.94,6735,false,0
ac2f18,SWA2295 ,United States,1778033939,1778033939,-96.757,30.0277,3886.2,false,180.23,282.53,-6.5,,4069.08,,false,0
861f00,JAL645  ,Japan,1778033939,1778033939,133.0564,32.6838,9753.6,false,196.71,243.43,0.33,,10126.98,,false,0
ac718d,N9000J  ,United States,1778033935,1778033935,-121.6917,38.9497,7.62,false,61.22,90.0,-0.98,,-7.62,1200,false,0
a71e5c,JIA5227 ,United States,1778033939,1778033939,-97.2684,32.6982,5029.2,false,178.37,170.54,9.43,,5212.08,,false,0
a0311d,DAL2594 ,United States,1778033934,1778033938,-93.2095,44.8854,,true,0.06,250.31,,,,3023,false,0
aa43c4,RPA3496 ,United States,1778033939,1778033939,-74.2013,40.6068,1409.7,false,109.7,257.27,12.03,,1409.7,1760,false,0
0c414b,        ,Dominican Republic,1778033911,1778033911,-71.2853,20.2885,10553.7,false,174.58,321.34,2.28,,11163.3,3651,false,0
a58de0,UAL1678 ,United States,1778033939,1778033939,-85.5993,32.3376,9745.98,false,214.88,236.42,0.0,,10203.18,2436,false,0
c82458,ZKTTS   ,New Zealand,1778033939,1778033939,174.5843,-36.8354,3855.72,false,59.66,45.0,0.98,,4076.7,,false,0
aa441c,UAL2238 ,United States,1778033939,1778033940,-103.4634,40.9046,11582.4,false,224.15,242.08,0.0,,11567.16,,false,0
a1515b,AAL1256 ,United States,1778033686,1778033687,-110.6268,36.7656,10363.2,false,226.91,244.77,0.33,,10408.92,2215,false,0
c81122,ZKEYA   ,New Zealand,1778033939,1778033939,172.1514,-43.3965,426.72,false,39.94,262.6,-0.98,,495.3,,false,0
a2c129,GXA151  ,United States,1778033939,1778033939,-106.4609,31.8294,11582.4,false,179.22,275.11,0.33,,11978.64,,false,0
7c7cce,JST681  ,Australia,1778033939,1778033939,138.4267,-35.0603,1775.46,false,140.25,155.97,14.63,,1859.28,5077,false,0
800daf,AIC3DG  ,India,1778033758,1778033758,77.3801,24.5974,11277.6,false,261.25,136.28,0.0,,11856.72,,false,0
a91720,N685PS  ,United States,1778033939,1778033939,-88.1057,30.5022,1691.64,false,74.34,85.24,0.0,,1737.36,,false,0
782006,"",China,,1778033810,,,,false,212.68,17.16,0.0,,,,false,0
782005,EPA6233 ,China,1778033939,1778033939,113.8091,22.5977,769.62,false,87.55,177.31,8.45,,777.24,,false,0
758378,037     ,Philippines,1778033835,1778033835,121.3161,14.0336,777.24,false,50.15,206.83,-4.23,,830.58,,false,0
ab774b,AAL2990 ,United States,1778033633,1778033633,-87.9213,41.9704,,true,6.17,90.0,,,,3664,false,0
861e9a,JAL584  ,Japan,1778033872,1778033878,139.7847,35.5454,,true,0.0,78.75,,,,3303,false,0
a0dae2,AAL2533 ,United States,1778033799,1778033799,-97.0375,32.9074,,true,1.03,194.06,,,,2665,false,0
a57ad0,GTI8237 ,United States,1778033939,1778033939,7.265,51.1234,8229.6,false,179.22,153.58,-1.63,,8221.98,2240,false,0
a65449,DAL69   ,United States,1778033939,1778033939,-158.4304,57.9611,11582.4,false,239.14,273.45,0.0,,11353.8,7214,false,0
a1512f,SKW3431 ,United States,1778033939,1778033939,-118.6903,35.048,7010.4,false,204.21,342.71,0.0,,7101.84,1053,false,0
a22dec,N24CV   ,United States,1778033939,1778033940,-118.0006,33.8692,243.84,false,36.58,273.22,5.2,,205.74,,false,0
c82489,ZKNUC   ,New Zealand,1778033843,1778033843,174.9704,-37.0505,182.88,false,45.84,225.91,-0.33,,335.28,,false,0
c82487,ZKWUB   ,New Zealand,1778033939,1778033939,176.8694,-39.4636,-53.34,false,36.31,7.33,3.9,,60.96,,false,0
ac7103,AAL2993 ,United States,1778033939,1778033939,-103.4504,36.1118,10363.2,false,199.81,305.04,0.0,,10568.94,,false,0
a70aa1,ASA746  ,United States,1778033937,1778033939,-114.0483,38.5127,11887.2,false,234.79,143.1,0.33,,12001.5,,false,0
800db5,AXB2376 ,India,1778033937,1778033937,77.2352,25.6063,10972.8,false,220.3,358.13,0.0,,11475.72,,false,0
7c3637,KZT     ,Australia,1778033937,1778033937,115.8752,-32.0972,,true,0.0,143.44,,,,,false,0
7c495b,RXA6463 ,Australia,1778033939,1778033939,150.988,-33.8938,1363.98,false,118.04,25.56,-4.55,,1424.94,3743,false,0
a3f401,DAL660  ,United States,1778033938,1778033939,-99.3476,38.1391,10363.2,false,178.47,289.01,0.33,,10500.36,5642,false,0
861e78,JAL913  ,Japan,1778033939,1778033939,137.4605,34.8491,12192.0,false,183.89,250.04,-0.33,,12580.62,0431,false,0
70804d,        ,Lao People's Democratic Republic,1778033913,1778033913,13.2747,32.8948,,true,12.35,284.06,,,,,false,0
ac7115,N900VP  ,United States,1778033939,1778033939,-94.9729,33.4706,9692.64,false,261.47,67.93,2.6,,10088.88,,false,0
75831c,PAL210  ,Philippines,1778033717,1778033722,130.7317,-11.8837,11582.4,false,238.18,342.27,0.0,,12412.98,,false,0
a3915a,AAL1637 ,United States,1778033939,1778033939,-87.9632,41.9832,723.9,false,91.31,277.45,4.55,,662.94,,false,0
758306,PAL1852 ,Philippines,1778033939,1778033939,121.4104,13.9074,3703.32,false,159.57,318.14,-5.85,,3977.64,,false,0
758302,PAL401  ,Philippines,1778033939,1778033939,120.6171,14.4208,2453.64,false,117.5,232.83,-3.58,,2636.52,,false,0
ae1436,ZAPPR21 ,United States,1778033939,1778033939,-104.4422,33.3651,1531.62,false,65.84,225.32,-2.28,,1493.52,,false,0
86d5e5,APJ570  ,Japan,1778033939,1778033939,140.5518,36.3571,3870.96,false,144.18,197.01,-5.2,,4107.18,1762,false,0
a65408,AAL1275 ,United States,1778033939,1778033939,-95.2628,34.3186,9768.84,false,183.83,281.62,0.0,,10104.12,4143,false,0
861e92,ADO19   ,Japan,1778033939,1778033939,141.1068,41.2602,10866.12,false,244.16,11.55,-8.13,,11003.28,4767,false,0
86d5e0,JAL23   ,Japan,1778033940,1778033940,127.446,37.1278,10355.58,false,225.18,304.67,0.0,,10660.38,3137,false,0
a94b6b,UAL1152 ,United States,1778033940,1778033940,-74.5688,40.7515,1844.04,false,161.01,38.77,-4.23,,1844.04,1257,false,0
a33afd,AAL1252 ,United States,1778033939,1778033939,-75.3705,39.7655,1836.42,false,122.78,215.62,14.63,,1836.42,1736,false,0
c8249c,ADY17   ,New Zealand,1778033939,1778033939,174.0208,-39.0605,662.94,false,40.75,52.7,-0.33,,807.72,,false,0
a4278e,DAL1633 ,United States,1778033939,1778033939,-90.0755,34.993,11574.78,false,186.13,216.46,0.0,,11993.88,7440,false,0
e492a5,AZU6595 ,Brazil,1778033938,1778033939,-47.2804,-21.1976,10675.62,false,262.02,350.96,3.9,,11292.84,,false,0
ac712d,SWA1227 ,United States,1778033939,1778033939,-107.5436,34.4097,11582.4,false,179.58,271.15,-0.33,,11818.62,6273,false,0
7c499c,PE441   ,Australia,1778033939,1778033939,152.6439,-31.7276,1272.54,false,78.66,132.35,-3.25,,1348.74,,false,0
a296b6,EJA266  ,United States,1778033939,1778033940,-115.4463,36.045,3962.4,false,155.35,110.96,-6.18,,3992.88,,false,0
aaee9c,SKW3942 ,United States,1778033940,1778033940,-77.9253,42.1888,3992.88,false,212.01,91.39,-12.35,,3954.78,7466,false,0
a9178d,UAL909  ,United States,1778033940,1778033940,-81.4579,45.2416,10058.4,false,300.54,68.62,0.33,,9898.38,1000,false,0
a94acf,N6980J  ,United States,1778033939,1778033939,-79.0937,40.2097,,true,29.84,239.06,,,,,false,0
a9044e,KCR680  ,United States,1778033937,1778033938,-93.8952,31.4578,3703.32,false,120.84,231.57,-1.63,,3863.34,,false,0
abb2d5,DAL1531 ,United States,1778033939,1778033939,-94.2353,33.0146,10972.8,false,183.26,267.91,0.0,,11437.62,2004,false,0
e49368,AZU2872 ,Brazil,1778033939,1778033939,-46.2697,-22.7181,7528.56,false,216.29,68.81,9.43,,8016.24,4231,false,0
3c5426,BCS3UP  ,Germany,1778033939,1778033939,-0.8301,44.6033,10050.78,false,224.18,208.21,0.0,,9974.58,1000,false,0
a6eadb,N545DS  ,United States,1778033924,1778033924,-122.8644,45.7883,152.4,false,34.16,217.04,-3.58,,144.78,,false,0
3c5425,BCS198  ,Germany,1778033939,1778033940,10.1817,50.7306,9745.98,false,232.81,252.25,-0.33,,9738.36,1000,false,0
a043c8,N116PF  ,United States,1778033922,1778033922,-158.0602,21.3123,45.72,false,29.33,254.74,-4.88,,60.96,7154,false,0
0d0b67,AMX321  ,Mexico,1778033766,1778033766,-99.0672,19.4375,2118.36,false,83.47,59.64,-3.58,,2240.28,6427,false,0
c02cfc,WJA46   ,Canada,1778033939,1778033939,-78.335,43.9484,6713.22,false,235.34,66.97,6.5,,6697.98,6335,false,0
3c6752,DLH1327 ,Germany,1778033938,1778033939,9.5475,46.5126,10972.8,false,234.77,357.74,0.0,,11010.9,1000,false,0
3c5421,BCS1MU  ,Germany,1778033939,1778033939,2.7682,47.8712,10050.78,false,222.76,179.47,0.0,,9997.44,1000,false,0
3c5434,BCS41E  ,Germany,1778033939,1778033939,0.098,45.4647,10050.78,false,234.68,206.0,0.0,,9966.96,1000,false,0
a8f762,N677T   ,United States,1778033939,1778033939,-59.4996,46.9348,12496.8,false,281.07,92.1,0.0,,12542.52,3616,false,0
a3918f,UPS981  ,United States,1778033930,1778033937,-122.3028,47.5339,,true,4.63,331.88,,,,,false,0
c87f23,TEX03   ,New Zealand,1778033925,1778033926,175.2982,-39.8128,3276.6,false,111.45,322.13,0.0,,3474.72,,false,0
c87f21,TEX01   ,New Zealand,1778033939,1778033939,176.1614,-40.6296,4168.14,false,76.74,346.43,1.3,,4389.12,,false,0
3c5433,BCS62B  ,Germany,1778033937,1778033937,12.2435,51.4089,,true,0.0,84.38,,,,,false,0
3c5432,BCS20A  ,Germany,1778033939,1778033939,12.2395,51.4107,,true,11.32,267.19,,,,,false,0
40804d,WUK26NJ ,United Kingdom,1778033939,1778033939,8.4805,49.3038,11574.78,false,230.96,305.39,-0.33,,11529.06,1151,false,0
3c5431,BCS10K  ,Germany,1778033937,1778033937,12.2428,51.4075,,true,1.03,146.25,,,,,false,0
3c5430,BCS8PA  ,Germany,1778033939,1778033939,8.1039,51.7688,9753.6,false,237.77,275.59,0.0,,9730.74,4153,false,0
a09f4d,N1392Q  ,United States,1778033890,1778033890,-84.317,33.3984,335.28,false,26.4,236.93,-2.93,,320.04,,false,0
a7b13b,DAL2298 ,United States,1778033939,1778033939,-81.9385,35.4923,9448.8,false,221.77,358.8,0.0,,9761.22,0710,false,0
3c542f,BCS5QC  ,Germany,1778033939,1778033939,-1.512,52.9691,4038.6,false,178.08,297.16,15.93,,4008.12,1251,false,0
3c542c,BCS73B  ,Germany,1778033939,1778033939,8.863,51.2961,7924.8,false,214.34,240.05,0.0,,7947.66,1000,false,0
c87f37,KNG51   ,New Zealand,1778033927,1778033935,175.7404,-40.0311,3246.12,false,122.42,56.31,0.33,,3429.0,,false,0
0d0b92,VIV146  ,Mexico,1778033915,1778033915,-98.4827,20.9495,10797.54,false,228.6,301.47,13.0,,11468.1,,false,0
3c6706,DLH773  ,Germany,1778033939,1778033939,20.7892,46.1435,12192.0,false,233.34,289.71,0.0,,12252.96,5361,false,0
3c6704,DLH733  ,Germany,1778033916,1778033921,35.2021,41.7501,12192.0,false,252.08,269.77,0.0,,12268.2,1067,false,0
a76120,N575BL  ,United States,1778033939,1778033939,-81.3078,35.7852,784.86,false,33.97,234.87,-1.63,,762.0,0120,false,0
3c6716,DLH413  ,Germany,1778033939,1778033939,-60.7885,46.9005,11887.2,false,268.59,55.06,0.0,,11925.3,1770,false,0
440cac,AUA97B  ,Austria,1778033938,1778033938,3.3955,57.0885,11902.44,false,243.53,129.17,0.0,,11727.18,,false,0
a163f2,"",United States,1778033935,1778033935,-71.0225,42.3728,,true,0.0,129.38,,,,,false,0
a46f2a,N385PH  ,United States,1778033763,1778033763,-78.9822,38.105,563.88,false,36.13,199.98,-1.63,,541.02,,false,0
7c4947,ORD     ,Australia,1778033939,1778033939,115.6452,-33.3866,83.82,false,37.97,144.37,-2.28,,190.5,1200,false,0
a7d749,"",United States,1778033939,1778033939,-106.8438,41.7476,11010.9,false,207.5,302.55,0.0,,10942.32,3267,false,0
7c4944,ORA     ,Australia,1778033939,1778033939,150.165,-33.6506,2141.22,false,116.83,100.91,-8.13,,2164.08,,false,0
4951ee,TAP036  ,Portugal,1778033939,1778033939,-37.5674,-3.1324,6347.46,false,197.34,56.81,4.88,,6751.32,,false,0
a70ac4,N553CB  ,United States,1778033939,1778033939,-66.5765,19.3718,4853.94,false,192.08,138.58,-8.13,,5120.64,,false,0
a65484,LXJ507  ,United States,1778033939,1778033939,-75.9637,39.5261,5836.92,false,227.05,46.29,-12.35,,5935.98,6226,false,0
a163c2,SKW3454 ,United States,1778033939,1778033939,-117.236,34.2505,4899.66,false,184.73,119.35,-0.33,,4937.76,,false,0
a0a6e9,FDX66   ,United States,1778033939,1778033939,-100.8876,25.6064,11894.82,false,258.99,32.84,0.33,,12580.62,,false,0
3c670f,DLH769  ,Germany,1778033939,1778033939,19.7443,46.4364,12192.0,false,235.3,292.36,0.33,,12298.68,3241,false,0
0d0b2a,XAGRB   ,Mexico,1778033939,1778033939,-118.5788,34.447,1508.76,false,102.19,94.62,0.33,,1501.14,4712,false,0
40808c,VIR86   ,United Kingdom,1778033939,1778033939,-82.7506,45.4962,11887.2,false,290.7,68.29,0.0,,11750.04,6245,false,0
aa9de7,RPA3515 ,United States,1778033939,1778033939,-77.4451,38.9443,,true,1.29,284.06,,,,,false,0
3c671a,DLH2P   ,Germany,1778033881,1778033881,-101.3732,41.3681,11887.2,false,291.99,60.09,0.0,,11849.1,1350,false,0
7c4926,QFA1    ,Australia,1778033939,1778033939,30.0328,42.759,11582.4,false,234.72,311.45,0.0,,,5315,false,0
a70ae7,N553DM  ,United States,1778033939,1778033940,-83.0031,32.0642,1371.6,false,69.43,149.25,1.95,,1402.08,,false,0
a7d6a8,FFT4671 ,United States,1778033729,1778033729,-100.2168,40.6292,10363.2,false,186.93,252.21,0.0,,10347.96,5733,false,0
c02ebd,ACA800  ,Canada,1778033934,1778033937,-70.1714,46.2561,11887.2,false,277.28,72.84,-0.33,,11849.1,0510,false,0
c02eca,ACA127  ,Canada,1778033939,1778033939,-88.8763,48.0691,11582.4,false,236.97,296.29,0.0,,11308.08,,false,0
aa44d0,UAL510  ,United States,1778033939,1778033939,-58.7856,45.4656,10058.4,false,255.62,64.11,0.0,,10187.94,2770,false,0
c02ec1,ACA840  ,Canada,1778033939,1778033939,-7.9904,56.1053,11879.58,false,263.87,108.65,0.0,,11742.42,,false,0
a3f3e1,N354CF  ,United States,1778033939,1778033939,-111.7813,33.3442,624.84,false,62.08,235.12,-0.65,,571.5,,false,0
a533ca,UPS1333 ,United States,1778033939,1778033939,-84.2409,35.3345,9753.6,false,217.14,338.6,0.0,,10088.88,3756,false,0
710409,SAIFC2  ,Saudi Arabia,1778033939,1778033939,49.2537,24.0601,5181.6,false,124.19,111.89,0.0,,5471.16,,false,0
abea11,AAL1386 ,United States,1778033863,1778033864,-71.0179,42.3598,,true,0.0,8.44,,,,5642,false,0
a7e9de,NDU609  ,United States,1778033626,1778033626,-111.6441,33.293,487.68,false,33.83,315.62,-1.3,,441.96,,false,0
abc7e9,SWA3290 ,United States,1778033939,1778033939,-87.7414,41.7934,350.52,false,82.22,43.99,16.58,,274.32,,false,0
7c7f77,MRNE1   ,Australia,1778033939,1778033939,151.8177,-32.9572,266.7,false,58.2,8.13,-0.33,,342.9,,false,0
c08537,ACA246  ,Canada,1778033864,1778033864,-123.1839,49.1961,,true,0.06,185.62,,,,,false,0
a7d6b3,N604GB  ,United States,1778033939,1778033939,-87.7773,36.4411,14325.6,false,215.91,245.21,0.33,,14592.3,6164,false,0
a21c82,EJA235  ,United States,1778033939,1778033939,-94.3348,33.9538,8839.2,false,173.86,248.29,-10.4,,9182.1,5644,false,0
a809f8,JIA5317 ,United States,1778033939,1778033939,-87.4296,30.9346,10668.0,false,272.67,99.34,-0.33,,11224.26,3415,false,0
a2d3b3,SWA1989 ,United States,1778033939,1778033939,-92.6573,32.6174,10972.8,false,191.56,239.85,0.0,,11460.48,1516,false,0
a7d6b1,CXK179  ,United States,1778033881,1778033881,-80.7222,35.4177,525.78,false,57.81,11.81,-0.98,,510.54,,false,0
c821ba,ANZ016M ,New Zealand,1778033939,1778033939,176.2731,-38.5793,5699.76,false,106.76,318.32,2.6,,5935.98,,false,0
a5cc3c,UAL1002 ,United States,1778033939,1778033939,-87.4119,15.9615,10668.0,false,241.82,154.14,0.0,,11391.9,7354,false,0
c02ee7,ACA3    ,Canada,1778033939,1778033939,-156.3954,57.8811,11574.78,false,244.85,275.18,0.0,,11369.04,,false,0
c821c1,ANZ620  ,New Zealand,1778033795,1778033795,170.2963,-43.1544,11277.6,false,242.4,40.18,0.0,,11033.76,,false,0
abfd66,SWA426  ,United States,1778033939,1778033939,-114.1489,35.7525,4922.52,false,166.76,312.5,-1.63,,4968.24,,false,0
4690e5,AEE715  ,Greece,1778033939,1778033939,23.9116,37.8903,335.28,false,73.46,37.03,-3.58,,388.62,4316,false,0
ae14ad,MNTNA60 ,United States,1778033697,1778033697,-97.3355,27.7307,312.42,false,49.48,135.84,-2.6,,274.32,,false,0
a390ed,DAL2961 ,United States,1778033939,1778033939,-83.2533,41.9409,11285.22,false,280.31,125.06,-0.65,,11361.42,3657,false,0
a04515,N11614  ,United States,1778033928,1778033928,-88.1001,41.608,312.42,false,30.39,267.09,3.58,,251.46,1200,false,0
ae4a18,"",United States,,1778033685,,,,false,80.22,353.74,-0.98,,,,false,0
ae14c2,MNTNA23 ,United States,1778033939,1778033939,-96.3944,30.4809,1348.74,false,78.28,199.98,6.83,,1341.12,,false,0
ae4a13,RNGR715 ,United States,1778033919,1778033919,-97.1297,28.1172,1600.2,false,84.65,168.08,-0.33,,1615.44,,false,0
348049,SWT8MD  ,Spain,1778033938,1778033939,2.2236,48.2327,7292.34,false,217.94,208.02,7.15,,7261.86,1000,false,0
a90496,PWR6    ,United States,1778033756,1778033756,-109.9274,42.8621,12496.8,false,246.54,99.25,0.0,,12496.8,6072,false,0
7c6c97,JST734  ,Australia,1778033939,1778033939,145.1263,-38.1969,3101.34,false,154.76,328.32,-6.18,,3185.16,5066,false,0
ae14b8,MNTNA21 ,United States,1778033939,1778033939,-98.0246,27.7392,327.66,false,49.96,106.76,4.88,,251.46,,false,0
7c6c94,NWK2907 ,Australia,1778033939,1778033939,116.1728,-32.0958,2354.58,false,136.54,192.62,-6.18,,2545.08,4301,false,0
7c6c92,JST840  ,Australia,1778033939,1778033939,148.6606,-31.7813,10363.2,false,204.61,326.59,0.0,,10637.52,1507,false,0
acd4c0,SY26    ,United States,1778033900,1778033900,-87.6995,30.3061,274.32,false,31.59,196.07,0.33,,259.08,0140,false,0
e48006,GLO9627 ,Brazil,1778033671,1778033682,-46.5016,-23.4428,754.38,false,64.31,73.74,-3.25,,853.44,5246,false,0
7c10e3,DMD     ,Australia,1778033927,1778033927,115.8821,-32.0911,,true,0.0,284.06,,,,,false,0
ae14cd,MNTNA54 ,United States,1778033720,1778033720,-98.0402,27.7527,236.22,false,54.58,191.42,-4.23,,198.12,,false,0
408260,EXS42YS ,United Kingdom,1778033930,1778033936,-2.291,53.3691,,true,0.0,315.0,,,,7544,false,0
a05827,RPA4781 ,United States,1778033884,1778033913,-77.0419,38.8447,,true,0.0,81.56,,,,1136,false,0
4a2aac,DNA541  ,Romania,1778033939,1778033939,26.1599,44.5823,525.78,false,90.05,83.77,9.1,,571.5,,false,0
a70c09,N553RB  ,United States,1778033939,1778033939,-119.7949,38.8363,4282.44,false,144.85,34.88,-0.33,,4358.64,4560,false,0
abb4ea,SWA1787 ,United States,1778033803,1778033803,-100.3973,38.4281,11887.2,false,278.23,109.44,0.0,,11993.88,0760,false,0
3c6561,OCN133  ,Germany,1778033940,1778033940,9.0162,45.7321,11582.4,false,256.96,2.52,0.0,,11628.12,1000,false,0
3c6563,OCN81   ,Germany,1778033939,1778033939,-79.6883,28.742,7200.9,false,241.34,70.06,4.23,,7543.8,,false,0
7c7f8e,ZHC     ,Australia,1778033939,1778033939,115.9025,-32.1189,137.16,false,56.53,256.85,-0.33,,236.22,3000,false,0
a5cc15,UAL2072 ,United States,1778033732,1778033732,-122.3829,37.6208,,true,4.37,261.56,,,,1701,false,0
a5cc12,UAL2019 ,United States,1778033938,1778033939,-122.2197,37.9371,4983.48,false,172.39,358.63,12.35,,5097.78,3711,false,0
7c7f8c,ZHA     ,Australia,1778033939,1778033939,115.8811,-32.0984,-106.68,false,19.86,53.43,0.65,,0.0,3000,false,0
3c656c,DLH409  ,Germany,1778033939,1778033939,-9.6042,50.6104,11887.2,false,242.56,82.08,0.0,,11826.24,,false,0
a5df2e,N478DS  ,United States,1778033771,1778033772,-79.8574,33.3471,716.28,false,58.97,42.88,-2.6,,784.86,,false,0
3c6572,DLH595  ,Germany,1778033939,1778033939,8.7319,45.1591,11582.4,false,267.39,12.22,0.0,,11628.12,1000,false,0
3c6571,DLH405  ,Germany,1778033924,1778033924,-73.7645,40.6509,,true,0.0,112.5,,,,,false,0
782079,CAO1049 ,China,1778033746,1778033754,142.0492,38.0828,8839.2,false,283.69,84.59,0.33,,9144.0,,false,0
abb595,SWA1529 ,United States,1778033939,1778033939,-104.6929,39.852,,true,1.03,272.81,,,,3677,true,0
846a34,JJP522  ,Japan,1778033939,1778033939,139.7482,34.3306,9105.9,false,270.74,68.6,-11.05,,9547.86,2213,false,0
a05882,N121MF  ,United States,1778033772,1778033921,-121.9449,43.3688,4335.78,false,132.53,205.77,0.33,,4434.84,,false,0
a28528,N26103  ,United States,1778033937,1778033938,-80.5488,33.657,1981.2,false,43.92,275.38,-0.33,,2019.3,,false,0
adf563,N999PM  ,United States,1778033939,1778033939,-156.2098,19.3152,3566.16,false,182.12,0.32,-10.4,,3771.9,2117,false,0
ac858a,AVA204  ,United States,1778033939,1778033939,-78.0612,36.8889,11277.6,false,201.11,356.04,0.0,,11574.78,,false,0
c01c7c,CFKUL   ,Canada,1778033938,1778033938,-80.3891,43.4899,693.42,false,54.12,306.11,0.0,,609.6,5310,false,0
a94c7b,DAL1736 ,United States,1778033939,1778033939,-84.235,31.214,11277.6,false,265.39,170.63,-0.33,,11803.38,1133,false,0
a03235,AAL15   ,United States,1778033725,1778033725,-115.7002,41.681,10972.8,false,250.86,235.53,0.0,,11125.2,,false,0
3c64a5,DLH2559 ,Germany,1778032684,1778033939,42.4563,42.0078,9761.22,false,241.18,261.78,5.53,,9425.94,5360,false,0
3c64a4,DLH1319 ,Germany,1778033940,1778033940,8.3609,47.1377,11582.4,false,248.32,13.17,0.0,,11590.02,1000,false,0
3c64a7,DLH585  ,Germany,1778033822,1778033834,30.0545,31.1599,9456.42,false,206.14,287.58,5.2,,9745.98,7330,false,0
a94c4e,SKW5275 ,United States,1778033939,1778033939,-90.1137,45.1396,9761.22,false,191.41,320.23,0.33,,9555.48,7213,false,0
0a0049,DAH3023 ,Algeria,1778033939,1778033939,26.1865,40.8762,10972.8,false,220.84,262.91,0.0,,11109.96,2310,false,0
0a0047,"",Algeria,1778033788,1778033792,21.3813,34.9786,11277.6,false,262.05,100.41,0.0,,11582.4,,false,0
aa31ed,SKW6284 ,United States,1778033835,1778033835,-87.9201,41.9674,,true,11.83,267.19,,,,1151,false,0
a2c0ff,FDX710  ,United States,1778033939,1778033939,-122.3173,47.5268,487.68,false,78.71,180.0,-4.23,,487.68,5632,false,0
a10eba,N1675D  ,United States,1778033938,1778033939,-122.1321,47.9293,464.82,false,45.18,352.15,0.65,,457.2,,false,0
ad928e,AAL1832 ,United States,1778033690,1778033690,-97.0346,32.8983,,true,1.54,253.12,,,,1475,false,0
7c7f53,ZFP     ,Australia,1778033939,1778033939,150.3746,-33.7836,1295.4,false,62.86,118.87,-1.3,,1356.36,,false,0
7c7f54,ZFQ     ,Australia,1778033939,1778033939,144.369,-37.7458,891.54,false,49.18,254.22,1.3,,937.26,1200,false,0
a94c2a,PDT5949 ,United States,1778033939,1778033939,-76.4195,39.9454,1866.9,false,125.16,283.07,-1.95,,1874.52,4254,false,0
a8e3a8,FDX1271 ,United States,1778033939,1778033939,-84.2303,30.4932,9144.0,false,208.89,321.1,0.0,,9624.06,7277,false,0
a1a218,ENY3394 ,United States,1778033761,1778033761,-79.7869,36.1727,891.54,false,120.54,320.19,-2.6,,906.78,3766,false,0
71040c,"",Saudi Arabia,,1778033715,,,5486.4,false,204.63,248.47,0.0,,5806.44,6365,false,0
c01c52,ACA872  ,Canada,1778033939,1778033939,-65.8327,47.0836,11574.78,false,272.25,76.23,0.0,,11590.02,6763,false,0
a6ff72,SIS55   ,United States,1778033893,1778033893,-77.4455,38.9503,,true,5.14,270.0,,,,,false,0
a1b535,UAL673  ,United States,1778033936,1778033936,-122.3918,37.6186,,true,0.64,208.12,,,,1057,false,0
abfd00,SWA346  ,United States,1778033939,1778033939,-120.1799,38.4312,8229.6,false,206.43,101.65,0.33,,8420.1,6307,false,0
a83f8c,UPS108  ,United States,1778033938,1778033938,131.6492,33.7931,11582.4,false,203.4,255.05,0.0,,12016.74,6154,false,0
a7c3d0,LJY6    ,United States,1778033939,1778033939,-76.3841,40.4261,7315.2,false,199.33,267.19,0.0,,7421.88,2742,false,0
a27201,FDX1249 ,United States,1778033939,1778033939,-82.5802,35.3665,10363.2,false,208.99,259.93,-0.33,,10728.96,3606,false,0
a9af29,SKW4684 ,United States,1778033939,1778033939,-104.8724,39.4254,5707.38,false,196.46,176.1,10.4,,5737.86,3234,false,0
a0eeea,UAL62   ,United States,1778033926,1778033932,-81.6136,15.9244,10668.0,false,263.82,133.5,0.0,,11384.28,,false,0
0a0086,DAH301  ,Algeria,1778033631,1778033631,10.6617,36.1718,11582.4,false,213.46,277.9,0.0,,11871.96,,false,0
758487,PAL126  ,Philippines,1778033939,1778033939,-77.0902,42.8672,12496.8,false,287.89,120.74,0.0,,12512.04,0560,false,0
a69bb7,N525CD  ,United States,1778033939,1778033939,-89.9327,30.2574,3322.32,false,115.11,352.81,10.08,,3489.96,,false,0
a69bb1,N525BY  ,United States,1778033939,1778033939,-111.9911,39.3542,13716.0,false,201.66,0.29,-0.33,,13815.06,,false,0
7c6ab0,VCY     ,Australia,1778033939,1778033939,145.3181,-38.1493,746.76,false,45.12,28.61,-0.65,,777.24,1200,false,0
a2d573,ASA412  ,United States,1778033803,1778033803,-102.1323,48.5009,10363.2,false,231.53,270.89,0.0,,10088.88,4162,false,0
7c243b,HFX     ,Australia,1778033939,1778033939,115.752,-32.5771,304.8,false,66.19,191.66,-0.33,,419.1,1200,false,0
ab6552,JUS403  ,United States,1778033939,1778033939,-92.5048,38.7213,10965.18,false,174.22,219.85,0.0,,11148.06,7573,false,0
a21bea,RPA5810 ,United States,1778033939,1778033939,-75.8135,39.2525,7581.9,false,217.9,40.31,7.8,,7757.16,2440,false,0
7c6aa0,VCI     ,Australia,1778033939,1778033939,145.1003,-37.9676,91.44,false,28.41,5.19,2.6,,121.92,3000,false,0
e4929c,AZU2923 ,Brazil,1778033923,1778033923,-47.6431,-24.977,10972.8,false,202.92,212.68,0.0,,11551.92,4142,false,0
a69bcd,DAL1719 ,United States,1778033939,1778033939,-88.9685,42.472,11285.22,false,299.71,87.44,0.0,,11308.08,1612,false,0
782134,CES721  ,China,1778033707,1778033780,114.1735,21.9026,1524.0,false,144.29,279.03,0.33,,1600.2,,false,0
a2e87e,FDX151  ,United States,1778033933,1778033933,-79.6446,43.6918,,true,11.83,47.81,,,,6323,false,0
abb534,ASH6116 ,United States,1778033939,1778033939,-101.5007,33.7028,2865.12,false,138.04,296.09,-4.23,,2910.84,6252,false,0
7c6aa2,VCK     ,Australia,1778033781,1778033781,131.2767,-12.221,2903.22,false,87.72,76.78,0.0,,3108.96,,false,0
a70bd1,DAL545  ,United States,1778033939,1778033939,-95.4143,36.2969,10972.8,false,171.14,288.22,0.0,,11277.6,7150,false,0
a65576,N507RP  ,United States,1778033939,1778033939,-81.4952,28.3719,518.16,false,80.77,147.22,-3.58,,541.02,1200,false,0
a1fbd9,RPA5609 ,United States,1778033940,1778033940,-73.8796,40.7746,,true,11.32,208.12,,,,3552,false,0
782158,DKH1661 ,China,1778030971,1778033898,47.3086,63.708,11582.4,false,223.27,270.4,0.33,,11369.04,,false,0
a65509,N507ME  ,United States,1778033931,1778033931,-80.2354,40.1873,548.64,false,25.23,253.41,-1.3,,495.3,,false,0
3c64c6,"",Germany,1778033649,1778033649,-87.8977,41.9718,,true,7.46,241.88,,,,,false,0
7c6af4,LR7714  ,Australia,1778033939,1778033939,153.1697,-27.6889,3413.76,false,99.04,222.47,6.18,,3619.5,4773,false,0
a39289,JBU706  ,United States,1778033939,1778033939,-75.7047,39.5966,7566.66,false,242.13,42.5,-13.0,,7726.68,6014,false,0
ab5257,AAL292  ,United States,1778033928,1778033934,-67.1776,47.442,10515.6,false,283.05,51.57,6.5,,10485.12,3040,false,0
a5351f,N43455  ,United States,1778033937,1778033939,-122.983,44.4527,1981.2,false,62.26,359.05,-1.95,,1988.82,,false,0
ac8577,AAL1460 ,United States,1778033939,1778033939,-79.1567,36.4821,10660.38,false,251.15,60.28,0.0,,10972.8,3447,false,0
4080cc,SRG224A ,United Kingdom,1778033939,1778033939,-3.0203,53.4118,304.8,false,79.86,158.06,-0.65,,373.38,0023,false,0
abfbd0,UAL284  ,United States,1778033939,1778033940,-96.1011,30.0768,6560.82,false,173.47,280.08,13.33,,6873.24,,false,0
78215f,CSN6111 ,China,1778033739,1778033739,115.71,39.2193,7185.66,false,202.22,210.41,0.65,,7360.92,,false,0
ad0887,"",United States,1778033939,1778033939,-77.4396,38.9522,,true,3.6,180.0,,,,,false,0
a4158a,UPS242  ,United States,1778033939,1778033939,2.719,48.2292,10675.62,false,237.71,179.01,0.0,,10584.18,4135,false,0
ad3bc7,N95173  ,United States,1778033675,1778033676,-116.986,32.5874,434.34,false,49.9,90.0,0.0,,419.1,,false,0
abb54f,SWA2783 ,United States,1778033937,1778033937,-117.1894,32.7304,,true,0.0,334.69,,,,,false,0
7c6aef,LR9134  ,Australia,1778033939,1778033939,150.7281,-31.1913,3093.72,false,107.17,34.83,4.88,,3230.88,,false,0
4080bf,BAW8K   ,United Kingdom,1778033939,1778033939,-89.0858,41.5997,11887.2,false,288.87,40.81,-0.33,,11963.4,7145,false,0
7c6ae3,LR2510  ,Australia,1778033939,1778033939,151.5884,-31.5949,5486.4,false,140.98,196.32,-0.33,,5661.66,1165,false,0
3c64f3,DLH447  ,Germany,1778033939,1778033939,-104.6018,39.9489,2209.8,false,125.95,85.31,4.55,,2194.56,3537,false,0
a9f0b4,N74FF   ,United States,1778033934,1778033939,-120.4074,37.1764,891.54,false,58.97,128.27,0.0,,876.3,6037,false,0
a057b6,N121DB  ,United States,1778033939,1778033939,-96.5523,33.1467,731.52,false,70.42,205.07,-2.28,,617.22,,false,0
0d0a9a,AMX034  ,Mexico,1778033753,1778033871,-3.5614,40.4923,,true,5.66,188.44,,,,3747,false,0
a64208,N502GV  ,United States,1778033939,1778033939,-149.9911,61.1712,,true,11.32,90.0,,,,0313,false,0
4080b6,BAW49N  ,United Kingdom,1778033939,1778033939,-69.2635,43.4333,11582.4,false,271.68,58.24,-0.33,,11681.46,3024,false,0
ac857b,PDT6072 ,United States,1778033938,1778033938,-90.2162,41.2947,1478.28,false,114.35,297.03,-9.43,,1424.94,2572,false,0
4b15a2,SWR2V   ,Switzerland,1778033939,1778033939,-12.6087,50.7755,12192.0,false,261.25,99.41,0.0,,12108.18,,false,0
a45bdd,LXJ380  ,United States,1778033939,1778033939,-118.0284,33.9731,1828.8,false,124.81,263.37,-7.15,,1828.8,2667,false,0
4b15a3,"",Switzerland,1778033650,1778033650,116.1856,39.106,10393.68,false,219.03,252.93,0.0,,10645.14,,false,0
3c64ee,DLH491  ,Germany,1778033939,1778033939,-62.3092,69.9493,10972.8,false,265.35,85.22,-0.33,,10927.08,,false,0
abb3ec,EJA853  ,United States,1778033939,1778033939,-77.4344,39.0572,716.28,false,72.54,180.41,-3.9,,678.18,7026,false,0
a94bfc,UAL1427 ,United States,1778033939,1778033939,-118.9454,34.312,4373.88,false,185.63,142.43,-10.73,,4404.36,3731,false,0
a94bff,UAL2610 ,United States,1778033939,1778033939,-115.4142,35.9143,11887.2,false,234.6,51.32,0.0,,11986.26,7203,false,0
a8d224,EDV5515 ,United States,1778033939,1778033939,-81.0134,34.1212,8229.6,false,236.51,63.1,0.0,,8549.64,2060,false,0
0d0a4c,SLI2464 ,Mexico,1778033827,1778033834,-99.977,19.4532,7315.2,false,218.66,293.43,0.33,,7780.02,1011,false,0
e49220,TAM3661 ,Brazil,1778033939,1778033939,-46.3194,-23.2008,3101.34,false,156.78,315.13,13.33,,3307.08,,false,0
a1fd03,SWA2100 ,United States,1778033882,1778033883,-111.999,40.8052,1318.26,false,66.09,175.09,-1.3,,1280.16,7355,false,0
a07a15,N13NS   ,United States,1778033939,1778033939,-113.2289,40.7617,2933.7,false,71.54,88.35,0.0,,2933.7,,false,0
a057f6,N121FR  ,United States,1778033762,1778033767,-88.2277,43.0405,327.66,false,29.97,281.89,-3.58,,274.32,,false,0
a8d238,N668CW  ,United States,1778033808,1778033817,-167.8804,56.6239,2834.64,false,97.1,115.75,0.98,,2811.78,,false,0
a4ad11,N400EM  ,United States,1778033931,1778033931,-107.5272,35.375,5173.98,false,136.65,113.28,0.0,,5234.94,,false,0
861ede,JAL553  ,Japan,1778033939,1778033939,139.7739,35.5586,,true,6.17,329.06,,,,,false,0
a76298,N575SM  ,United States,1778033939,1778033939,-121.6441,48.3749,5981.7,false,118.91,88.02,7.48,,6164.58,,false,0
40815b,EZY63MD ,United Kingdom,1778033939,1778033940,2.7741,50.3103,11590.02,false,227.97,305.45,0.0,,11513.82,2770,false,0
0d0a71,ACW2511 ,Mexico,1778033939,1778033939,-115.7581,31.8856,12108.18,false,200.05,123.04,6.83,,12321.54,7452,false,0
738c06,ICL982  ,Israel,1778033939,1778033939,33.3748,32.9409,7368.54,false,227.41,127.65,-9.43,,7528.56,4302,false,0
a9aebc,ASA389  ,United States,1778033939,1778033939,-106.0727,41.5367,10972.8,false,210.16,239.23,0.0,,10934.7,3463,false,0
a1a1b6,RPA5658 ,United States,1778033939,1778033939,-79.5046,39.9769,7924.8,false,198.28,272.68,-0.33,,8054.34,3360,false,0
ae5c9a,KING99  ,United States,1778033939,1778033939,-149.8799,61.2469,236.22,false,70.67,94.17,-2.93,,175.26,5415,false,0
aa457b,CSB194  ,United States,1778033910,1778033919,-107.6942,40.5559,11887.2,false,257.47,96.77,0.0,,11902.44,6021,false,0
a65598,SKW6283 ,United States,1778033939,1778033939,-105.5973,31.8834,10363.2,false,185.57,286.43,-0.33,,10751.82,4002,false,0
a1b4bb,N209PD  ,United States,1778033937,1778033938,-121.0337,37.699,1485.9,false,57.26,121.41,0.0,,1493.52,1200,false,0
ae13fd,DEVIL33 ,United States,1778033939,1778033939,-100.4534,29.1341,6301.74,false,71.14,192.53,0.65,,6614.16,,false,0
0d0a08,VOI702  ,Mexico,1778033939,1778033939,-96.0269,28.2809,11277.6,false,248.8,20.83,0.0,,11902.44,,false,0
a45d1a,UPS915  ,United States,1778033940,1778033940,-114.6256,34.2503,10675.62,false,257.43,70.26,0.0,,10744.2,7253,false,0
a76235,JIA5169 ,United States,1778033939,1778033939,-75.8026,39.8828,3314.7,false,176.57,274.85,15.61,,3368.04,2651,false,0
e49295,AZU4424 ,Brazil,1778033911,1778033911,-44.6188,-20.8559,11780.52,false,264.09,35.49,0.98,,12382.5,4162,false,0
a20a42,OUA39   ,United States,1778033939,1778033939,-97.4561,35.283,1173.48,false,34.32,49.86,4.55,,1127.76,,false,0
a5cbf3,UAL1272 ,United States,1778033939,1778033939,-111.8339,32.636,10972.8,false,218.57,319.49,-0.33,,11170.92,,false,0
ab6519,EDV5222 ,United States,1778033939,1778033939,-77.9148,36.3441,4091.94,false,175.02,223.69,-8.13,,4191.0,1745,false,0
a33d33,WOLF21  ,United States,1778033939,1778033939,-98.9652,28.9654,8229.6,false,262.28,10.05,0.0,,8679.18,,false,0
c0712e,WJA192  ,Canada,1778033934,1778033935,-114.0151,51.1323,,true,0.32,19.69,,,,,false,0
abb507,SWA3693 ,United States,1778033936,1778033937,-106.4642,43.9607,10972.8,false,226.84,250.25,0.0,,10835.64,,false,0
ab0ed6,UAL499  ,United States,1778033939,1778033939,-76.5138,38.9612,10599.42,false,234.75,46.86,-7.48,,10828.02,1631,false,0
aa9eef,SKW5392 ,United States,1778033939,1778033939,-93.7877,37.9622,10972.8,false,144.35,238.41,0.33,,11201.4,3127,false,0
a11f9d,UAL2080 ,United States,1778033910,1778033911,-122.3905,37.6197,,true,2.31,106.88,,,,4030,false,0
ac2d09,DAL2865 ,United States,1778033938,1778033939,-84.4268,36.0088,10972.8,false,208.9,358.87,0.0,,11330.94,2523,false,0
ab87c8,FDX5279 ,United States,1778033937,1778033937,77.0532,28.8102,2133.6,false,124.43,229.53,0.65,,2148.84,3121,false,0
7820a8,CSN3642 ,China,1778033919,1778033919,113.6675,22.8182,914.4,false,101.54,65.77,-2.6,,1005.84,,false,0
a59f53,SWA1786 ,United States,1778033939,1778033939,-87.8307,41.7903,1531.62,false,138.27,243.72,17.56,,1455.42,,false,0
a6d9c3,AAL446  ,United States,1778033939,1778033940,-102.1616,34.6342,9761.22,false,186.58,293.74,0.33,,10027.92,,false,0
0d0e46,VOI1850 ,Mexico,1778033939,1778033939,-122.1524,47.365,3665.22,false,124.42,304.22,-0.33,,3756.66,,false,0
acd296,AAL1406 ,United States,1778033939,1778033939,-97.5181,30.4262,7315.2,false,214.22,192.2,0.0,,7680.96,,false,0
a58c29,AAL2767 ,United States,1778033939,1778033939,-104.7264,32.2895,11277.6,false,282.49,88.85,0.0,,11704.32,6716,false,0
a449f1,DAL2310 ,United States,1778033939,1778033939,-74.5662,40.1532,3063.24,false,156.62,47.93,-2.93,,3108.96,2523,false,0
a689e0,N520KS  ,United States,1778033939,1778033939,-119.4271,34.3229,1402.08,false,41.48,299.74,0.0,,1356.36,,false,0
4843f3,KLM888  ,Kingdom of the Netherlands,1778033939,1778033939,20.3284,46.9056,11582.4,false,225.81,302.06,0.0,,11719.56,1000,false,0
aaed0d,AA0013  ,United States,1778033932,1778033932,-97.0322,32.9061,,true,3.6,90.0,,,,,false,0
a173d2,FDX3884 ,United States,1778033939,1778033939,-120.6543,37.5512,10066.02,false,258.68,176.69,0.0,,10271.76,3511,false,0
a449e5,DAL2217 ,United States,1778033939,1778033939,-75.0419,38.8864,10058.4,false,242.69,28.9,0.0,,10271.76,3556,false,0
0d0e4b,AMX428  ,Mexico,1778033939,1778033939,-95.8463,20.4433,11887.2,false,241.03,51.76,0.0,,12641.58,,false,0
a676c4,SCX3040 ,United States,1778033870,1778033870,-117.8325,42.9523,11887.2,false,262.51,184.05,-0.33,,12100.56,6675,false,0
aaa4b3,SKW5622 ,United States,1778033790,1778033790,-101.0426,40.4349,11277.6,false,276.4,79.92,0.0,,11292.84,3236,false,0
7583f8,CEB5262 ,Philippines,1778033875,1778033875,117.5784,19.214,11582.4,false,222.1,312.56,0.33,,12336.78,,false,0
ac2d40,TCF884  ,United States,1778033939,1778033939,-80.2969,27.1236,1516.38,false,75.81,341.81,0.0,,1554.48,,false,0
c820ab,ANZ655M ,New Zealand,1778033935,1778033939,168.6672,-44.9021,4861.56,false,131.19,262.79,-7.15,,4975.86,,false,0
a8e132,UAL54   ,United States,1778033939,1778033939,-72.5639,41.6203,8252.46,false,263.78,72.87,6.83,,8389.62,7067,false,0
c080dd,ACA8    ,Canada,1778033882,1778033882,115.1958,21.8015,6484.62,false,249.3,96.99,7.15,,6423.66,,false,0
a06815,UPS581  ,United States,1778033939,1778033939,-96.6903,46.8702,2263.14,false,143.93,138.33,17.56,,2156.46,,false,0
a6b48f,JIA5507 ,United States,1778033931,1778033931,-76.1925,36.9023,-7.62,false,64.93,217.6,-1.3,,-7.62,2476,false,0
a71aff,N557SC  ,United States,1778033938,1778033938,-82.1736,34.9416,624.84,false,59.56,250.31,-2.6,,609.6,,false,0
a4cf12,SKQ25   ,United States,1778033705,1778033705,-88.7739,37.0625,,true,15.95,317.81,,,,6676,false,0
c080cd,WEN3259 ,Canada,1778033939,1778033939,-113.7046,53.3747,2773.68,false,132.61,210.54,-5.2,,2773.68,4246,false,0
7820f5,CHH7939 ,China,1778033939,1778033939,101.4039,14.3567,4884.42,false,187.34,247.73,-4.88,,5158.74,,false,0
a8913b,JBU1059 ,United States,1778033939,1778033939,-75.6553,37.0585,11582.4,false,244.26,204.51,0.0,,11849.1,6072,false,0
0d0e04,VOI421  ,Mexico,1778033939,1778033939,-99.0342,19.2026,4107.18,false,142.81,330.66,-4.55,,4373.88,6362,false,0
ab0d76,DAL2404 ,United States,1778033939,1778033939,-73.7699,40.9101,807.72,false,58.59,200.03,-0.98,,777.24,0153,false,0
a96def,N7065R  ,United States,1778033939,1778033939,-111.8076,33.2609,563.88,false,37.04,180.8,1.63,,510.54,,false,0
0d0e12,VOI7843 ,Mexico,1778033939,1778033939,-101.2054,24.8644,11590.02,false,213.69,200.14,0.0,,12283.44,3366,false,0
84106c,"",Japan,,1778033835,,,,false,261.73,93.15,2.28,,,,false,0
abc4be,SWA3727 ,United States,1778033939,1778033939,-74.984,39.9226,937.26,false,76.88,254.48,0.0,,922.02,5040,false,0
a59f22,UPS9743 ,United States,1778033939,1778033940,-82.767,30.6175,12192.0,false,197.09,344.4,0.0,,12733.02,0245,false,0
0d0e14,AMX798  ,Mexico,1778033939,1778033939,-89.1908,13.0922,11277.6,false,243.64,119.05,0.0,,12054.84,4244,false,0
a34c68,ENY9873 ,United States,1778033939,1778033939,-119.5076,46.2467,10363.2,false,219.23,278.91,0.0,,10576.56,,false,0
7583a7,PAL891  ,Philippines,1778033939,1778033939,121.3688,25.1921,1485.9,false,148.93,49.76,13.0,,1546.86,6246,false,0
a1b0c6,N208LS  ,United States,1778033939,1778033939,-87.397,30.4791,1828.8,false,75.89,282.53,0.0,,1882.14,,false,0
7583a2,CEB3555 ,Philippines,1778033937,1778033937,121.0168,14.5179,,true,0.0,135.0,,,,,false,0
7583a1,CEB4305 ,Philippines,1778033939,1778033939,122.0521,13.5493,11285.22,false,231.82,143.66,0.0,,12092.94,,false,0
ae5a04,CARGO11 ,United States,1778033794,1778033794,121.0186,15.7353,1699.26,false,64.92,340.56,-0.33,,1828.8,,false,0
7c6d7c,JST448  ,Australia,1778033939,1778033939,148.198,-34.0819,10058.4,false,234.53,38.05,0.0,,10271.76,1315,false,0
ac1a44,SWA2421 ,United States,1778033932,1778033933,-112.87,37.659,10972.8,false,245.02,296.3,0.0,,11079.48,2465,false,0
7c6d7b,JST793  ,Australia,1778033939,1778033939,144.7856,-36.6783,6377.94,false,190.5,219.19,-5.53,,6507.48,1017,false,0
7583ab,GAP2984 ,Philippines,1778033912,1778033912,121.0174,14.508,,true,9.26,39.38,,,,,false,0
151df7,SDM6462 ,Russian Federation,,1778033936,,,,false,27.28,182.16,0.0,,,,false,0
7c6d96,QFA436  ,Australia,1778033700,1778033706,151.1767,-33.931,,true,0.0,188.44,,,,4045,false,0
7c6d91,QFA932  ,Australia,1778033939,1778033939,152.0461,-28.431,10904.22,false,250.28,44.67,-13.33,,11369.04,,false,0
7c6d90,QFA642  ,Australia,1778033939,1778033940,150.801,-34.1144,2750.82,false,151.5,61.17,-8.45,,2872.74,7072,false,0
86d98e,ANA872  ,Japan,1778033939,1778033939,115.179,5.1074,11879.58,false,248.99,39.21,0.0,,12733.02,,false,0
7c6d98,QFA612  ,Australia,1778033939,1778033939,153.3144,-27.1364,1722.12,false,111.81,243.79,-5.85,,1851.66,6045,false,0
abc4d8,SWA648  ,United States,1778033939,1778033939,-73.9476,40.8561,1242.06,false,122.05,15.15,0.0,,1226.82,1510,false,0
a1d811,RPA5704 ,United States,1778033939,1778033939,-71.1478,41.5531,7924.8,false,224.93,216.16,-0.33,,8084.82,,false,0
a11eb7,AAL2410 ,United States,1778033939,1778033939,-109.2194,39.1347,9753.6,false,227.99,263.13,0.0,,9814.56,3533,false,0
a3f0f7,N353LL  ,United States,1778033926,1778033927,-90.1044,44.7057,739.14,false,69.27,242.1,0.65,,678.18,,false,0
440c5a,ABB861  ,Austria,1778033800,1778033802,133.1918,32.4599,9448.8,false,299.78,63.83,0.0,,9867.9,,false,0
a0b81d,"",United States,1778033929,1778033929,-117.9772,37.6348,10363.2,false,256.97,236.18,0.0,,10507.98,,false,0
a0b823,UAL2408 ,United States,1778033939,1778033939,-96.329,40.2014,10683.24,false,300.97,90.59,0.0,,10744.2,2760,false,0
8675d8,ANA1182 ,Japan,1778033939,1778033939,139.8636,40.2539,10972.8,false,214.61,194.44,0.0,,11193.78,3433,false,0
a17501,N193TH  ,United States,1778033936,1778033937,-117.1261,32.8096,182.88,false,29.83,302.32,-2.6,,175.26,,false,0
a0b826,UAL2667 ,United States,1778033939,1778033940,-91.964,40.7159,10980.42,false,177.3,273.49,0.0,,11087.1,2115,false,0
a9bf60,JUS727  ,United States,1778033664,1778033664,-94.7424,39.2492,586.74,false,61.05,12.16,-3.58,,609.6,1742,false,0
aaa590,UAL2254 ,United States,1778033939,1778033939,-101.7462,40.3369,10294.62,false,275.95,79.26,4.88,,10264.14,1102,false,0
e490c2,TAM3014 ,Brazil,1778033654,1778033654,-59.3565,-10.7292,10347.96,false,233.57,291.99,0.0,,11079.48,,false,0
758531,CEB3094 ,Philippines,1778033935,1778033935,122.7454,12.0915,10980.42,false,239.6,325.32,0.33,,11788.14,,false,0
a72f91,JIA5257 ,United States,1778033940,1778033940,-94.7046,32.9572,8961.12,false,265.99,83.78,5.2,,9349.74,2277,false,0
a7e6cf,SKW5886 ,United States,1778033938,1778033939,-93.4361,37.142,937.26,false,74.13,21.58,-2.93,,883.92,6203,false,0
a650d9,GJS4511 ,United States,1778033939,1778033939,-89.2927,43.2096,10363.2,false,169.2,294.62,0.0,,10279.38,6507,false,0
abc573,DAL1057 ,United States,1778033939,1778033939,-82.3752,27.3578,586.74,false,108.77,134.81,-0.33,,617.22,7742,false,0
c080a3,WJA314  ,Canada,1778033933,1778033934,-114.527,53.2775,3429.0,false,183.3,87.59,-11.7,,3444.24,,false,0
ad0562,SWA1106 ,United States,1778033939,1778033939,-115.0035,35.8401,5318.76,false,205.43,106.44,21.78,,5356.86,1364,false,0
a9bf4b,DAL321  ,United States,1778033939,1778033939,-110.19,38.4836,10302.24,false,253.27,234.34,-6.83,,10386.06,2735,false,0
a0681c,AAL2013 ,United States,1778033934,1778033937,-81.1574,35.2629,3596.64,false,164.81,331.68,3.9,,3680.46,,false,0
ac2bfd,ASH6360 ,United States,1778033939,1778033939,-99.0603,26.6261,10363.2,false,204.35,227.96,0.0,,10949.94,,false,0
a95c20,N702BL  ,United States,1778033939,1778033939,-87.3087,30.5243,868.68,false,66.14,84.64,-1.95,,876.3,,false,0
ad4bec,N956LA  ,United States,1778033939,1778033939,-118.1507,33.837,129.54,false,52.05,176.6,-1.3,,106.68,,false,0
a0b802,UAL777  ,United States,1778033939,1778033939,-97.8796,40.8364,10149.84,false,187.27,257.95,13.66,,10126.98,1356,false,0
adaeed,DAL1104 ,United States,1778033938,1778033939,-90.6591,32.7662,9144.0,false,197.68,262.52,0.0,,9570.72,3155,false,0
846b6c,JAL907  ,Japan,1778033894,1778033918,128.7518,27.5601,11879.58,false,208.46,232.62,-11.38,,12451.08,,false,0
c080d9,ACA299  ,Canada,1778033939,1778033939,-123.0877,49.2857,2225.04,false,125.21,280.89,-10.4,,2263.14,3445,false,0
a95c38,CKS865  ,United States,1778033938,1778033938,127.2711,37.3666,3749.04,false,213.94,40.12,10.4,,3863.34,7167,false,0
ab627c,SWA2014 ,United States,1778033939,1778033940,-113.9743,35.1204,10972.8,false,230.08,295.99,0.0,,11049.0,,false,0
abc591,FDX5601 ,United States,1778033939,1778033939,-122.1629,56.0295,11277.6,false,267.03,134.22,0.33,,11430.0,,false,0
7c6d39,VOZ712  ,Australia,1778033903,1778033903,138.5399,-34.9383,,true,1.29,320.62,,,,4224,false,0
a96f36,N707GS  ,United States,1778033939,1778033939,-123.1581,45.4532,998.22,false,44.42,346.61,-0.98,,982.98,,false,0
7c37dc,LBI     ,Australia,1778033939,1778033939,115.8588,-32.1119,45.72,false,27.68,41.99,-2.28,,152.4,3000,false,0
ab628c,SWA496  ,United States,1778033939,1778033939,-81.261,37.7017,12504.42,false,260.4,76.4,0.0,,12786.36,2765,false,0
a939e8,DAL731  ,United States,1778033939,1778033939,-95.5809,33.461,10972.8,false,181.3,272.76,0.0,,11399.52,1760,false,0
a0b867,UAL2179 ,United States,1778033939,1778033939,-105.4432,41.5941,10363.2,false,205.85,257.74,0.0,,10325.1,1465,false,0
abb271,SWA3117 ,United States,1778033939,1778033939,-94.3256,35.4901,10972.8,false,181.77,297.29,0.0,,11315.7,1536,false,0
a0b86c,UAL1752 ,United States,1778033939,1778033940,-92.9823,34.7697,10660.38,false,254.87,21.8,0.0,,11056.62,7371,false,0
e490ee,TAM3418 ,Brazil,1778033589,1778033938,-49.0201,-26.896,10972.8,false,196.76,213.48,0.0,,11529.06,,false,0
7c6d37,VOZ1393 ,Australia,1778033881,1778033881,138.5403,-34.938,,true,0.0,320.62,,,,,false,0
7c6d36,VOZ1878 ,Australia,1778033939,1778033939,117.0744,-30.1695,11582.4,false,205.89,225.0,0.0,,11879.58,3737,false,0
7c6d33,        ,Australia,1778033939,1778033939,151.1886,-33.9583,,true,15.95,348.75,,,,4103,false,0
7c6d32,VOZ321  ,Australia,1778033849,1778033849,153.1228,-27.391,,true,8.75,236.25,,,,1433,false,0
a35eb0,AAL364  ,United States,1778033939,1778033939,-102.6158,34.7415,10972.8,false,186.11,293.8,0.0,,11277.6,,false,0
7c6d31,VOZ1693 ,Australia,1778033919,1778033919,153.1223,-27.3878,,true,6.17,106.88,,,,,false,0
0d0cec,VIV7017 ,Mexico,1778033939,1778033939,-99.7926,18.0959,8686.8,false,232.32,357.08,8.13,,9281.16,4324,true,0
a96f14,N707FH  ,United States,1778033939,1778033939,101.8752,2.3562,7620.0,false,188.1,121.13,0.0,,8107.68,2154,false,0
151f0d,SDM6365 ,Russian Federation,,1778033800,,,,false,4.12,270.0,9.1,,,,false,0
a0b846,UAL329  ,United States,1778033939,1778033939,-92.1766,41.8605,9753.6,false,188.21,266.08,0.0,,9745.98,1331,false,0
a0b845,UAL2240 ,United States,1778033934,1778033939,-104.6832,39.862,,true,0.0,270.0,,,,6410,true,0
84bb06,ANA979  ,Japan,1778033689,1778033689,125.0232,37.3934,9784.08,false,217.16,268.64,0.0,,10096.5,3112,false,0
a806e0,SKW5802 ,United States,1778033939,1778033939,-104.7737,40.5164,6393.18,false,185.37,347.66,7.48,,6408.42,5174,false,0
ac828f,PDT5829 ,United States,1778033939,1778033939,-78.4325,35.5761,5539.74,false,202.14,69.9,-10.08,,5715.0,7015,false,0
7c6d24,VOZ741  ,Australia,1778033933,1778033939,144.8467,-37.67,68.58,true,0.45,261.56,,,,1361,false,0
a0b849,UAL2339 ,United States,1778033939,1778033939,-98.741,32.2031,10988.04,false,211.62,321.51,0.0,,11490.96,7252,false,0
a0b848,UAL498  ,United States,1778033929,1778033939,-104.68,39.8567,,true,0.0,270.0,,,,2633,true,0
a7e6c7,UPS9    ,United States,1778033939,1778033939,78.0981,13.4686,3406.14,false,138.96,301.22,-6.83,,3505.2,,false,0
a05559,SKW5852 ,United States,1778033939,1778033939,-92.1559,41.6384,10363.2,false,160.22,259.27,0.0,,10370.82,3106,false,0
a83c23,N63HS   ,United States,1778033939,1778033939,-98.5719,39.5003,13716.0,false,221.26,271.2,-0.33,,13830.3,7170,false,0
a4bc82,N404LL  ,United States,1778033939,1778033939,-114.9449,36.0119,883.92,false,72.81,317.29,-3.25,,830.58,,false,0
a6c826,EJA536  ,United States,1778033939,1778033939,-104.7834,40.0012,5471.16,false,200.93,107.74,11.05,,5471.16,1441,false,0
782236,CSN3086 ,China,1778033939,1778033939,135.6567,34.9858,9761.22,false,183.47,257.37,0.0,,10165.08,3146,false,0
e4919f,GLO2048 ,Brazil,1778033939,1778033939,-47.3891,-24.632,10363.2,false,213.53,246.28,0.0,,10911.84,3376,false,0
4246b3,AZG9933 ,United Kingdom,1778033939,1778033939,27.1138,41.0069,10363.2,false,241.25,259.43,0.0,,10485.12,1304,false,0
ae10eb,C2005   ,United States,1778033751,1778033757,-145.483,60.4936,,true,4.37,357.19,,,,,false,0
ae10ec,C2006   ,United States,1778033840,1778033927,-119.0637,33.3994,739.14,false,96.31,214.11,0.0,,716.28,,false,0
7c6be5,AJAX43  ,Australia,1778033797,1778033938,149.8778,-35.7892,2377.44,false,118.26,296.9,-0.33,,2476.5,,false,0
a35efa,AAL2398 ,United States,1778033939,1778033939,-95.4314,45.2139,10363.2,false,208.68,286.47,0.0,,10126.98,1374,false,0
151e90,SBI6320 ,Russian Federation,1778033937,1778033938,104.88,50.6343,11216.64,false,207.12,342.51,-10.73,,11056.62,,false,0
a79821,JBU1186 ,United States,1778033939,1778033939,-73.5637,40.823,4450.08,false,205.28,0.72,12.03,,4518.66,7143,false,0
0d0cb0,VIV7061 ,Mexico,1778033925,1778033930,-98.9368,19.7994,3147.06,false,115.23,48.98,5.85,,3329.94,,false,0
ac3ea3,SWA3452 ,United States,1778033939,1778033939,-111.073,34.1394,6576.06,false,167.43,226.99,-2.93,,6637.02,3105,false,0
0d0cb9,XBPZL   ,Mexico,1778033939,1778033939,-97.8751,17.5733,9753.6,false,195.69,290.63,0.0,,10401.3,,false,0
e4917f,LAN607  ,Brazil,1778033939,1778033939,-46.938,-23.3277,3977.64,false,173.75,71.35,-8.45,,4290.06,,false,0
a29551,ASA1370 ,United States,1778033939,1778033939,-109.234,39.4494,11277.6,false,240.83,131.8,0.0,,11346.18,6671,false,0
a05582,UPS1173 ,United States,1778033939,1778033939,-76.7365,40.1874,533.4,false,91.34,80.27,14.31,,464.82,,false,0
485789,KLM856  ,Kingdom of the Netherlands,1778033939,1778033939,5.416,52.3037,4434.84,false,159.85,278.89,-6.83,,4434.84,3224,false,0
7c6bc5,VKN     ,Australia,1778033940,1778033940,152.4238,-26.1771,693.42,false,66.91,1.76,0.65,,777.24,,false,0
a0b889,UAL2033 ,United States,1778033939,1778033939,-83.0712,41.7245,11277.6,false,293.28,97.66,0.0,,11376.66,3247,false,0
7c7eee,ZCW     ,Australia,1778033936,1778033936,115.7062,-33.3698,175.26,false,45.41,94.55,3.58,,274.32,,false,0
c8221a,ANZ607  ,New Zealand,1778033939,1778033939,173.2014,-42.6218,10942.32,false,211.49,227.07,-0.33,,11231.88,,false,0
7c254a,HNG     ,Australia,1778033937,1778033939,145.3769,-37.6794,114.3,false,39.21,51.93,0.98,,160.02,,false,0
7c6bbd,JST47   ,Australia,1778033855,1778033871,147.876,-28.7637,10972.8,false,239.73,10.63,0.0,,11376.66,1426,false,0
a59ef7,SKW346K ,United States,1778033939,1778033939,-104.6713,39.8661,,true,0.0,2.81,,,,,false,0
a23edc,LFA526  ,United States,1778033932,1778033933,-81.2333,28.77,7.62,false,31.39,90.94,-2.28,,7.62,,false,0
7c6bbc,JST23   ,Australia,1778033940,1778033940,152.8096,-25.4056,11582.4,false,220.67,338.1,-0.33,,12176.76,1171,false,0
ac3eba,SWA2155 ,United States,1778033939,1778033939,-88.3748,37.4978,11582.4,false,181.06,326.36,0.0,,11879.58,1567,false,0
a0b88f,UAL2436 ,United States,,1778033939,,,,false,2.06,331.88,,,,,false,0
a1889a,N19820  ,United States,1778033939,1778033939,-122.2263,47.3094,121.92,false,39.22,343.23,-3.25,,114.3,,false,0
484443,KLM588  ,Kingdom of the Netherlands,1778033939,1778033939,5.1084,43.341,12192.0,false,253.05,350.4,0.0,,12237.72,1000,false,0
484444,KLM769  ,Kingdom of the Netherlands,1778033938,1778033939,-64.5732,18.0471,11277.6,false,254.35,24.75,0.0,,11963.4,,false,0
a2e516,N286JJ  ,United States,1778033647,1778033647,-106.1251,35.5918,4808.22,false,143.01,130.62,19.83,,4792.98,,false,0
a0b88b,UAL259  ,United States,1778033939,1778033939,-88.0379,33.5296,11269.98,false,282.31,129.9,0.0,,11757.66,3257,false,0
0d0cd9,VOI1397 ,Mexico,1778033939,1778033939,-98.2229,19.0697,5593.08,false,177.61,223.12,11.05,,5951.22,,false,0
c82253,ZKWRA   ,New Zealand,1778033755,1778033755,175.6323,-40.9738,,true,3.86,39.38,,,,,false,0
ac2ba0,SWA367  ,United States,1778033650,1778033658,-102.5923,44.2439,10363.2,false,210.09,263.81,0.33,,10172.7,7120,false,0
75854a,ATX5217 ,Philippines,1778033939,1778033939,120.6205,15.3486,1691.64,false,95.83,19.12,7.15,,1775.46,,false,0
acf841,PDT5785 ,United States,1778033940,1778033940,-80.3912,35.0393,3985.26,false,185.53,103.96,10.73,,4107.18,2553,false,0
a2e57e,ENY3362 ,United States,1778033939,1778033939,-87.6114,42.1623,3642.36,false,179.3,96.92,3.58,,3573.78,,false,0
151e69,NWS757  ,Russian Federation,1778033866,1778033893,56.0951,54.6979,10668.0,false,33.18,299.74,0.0,,9707.88,,false,0
ab8880,AAL1950 ,United States,1778033939,1778033940,-80.4312,25.8407,3383.28,false,170.61,258.52,5.85,,3535.68,,false,0
ac952e,N91JV   ,United States,1778033939,1778033939,-118.2259,34.1276,579.12,false,52.27,83.78,0.0,,563.88,,false,0
a1629d,FDX147  ,United States,1778033939,1778033939,-82.5264,40.1764,10980.42,false,205.53,224.9,0.0,,11132.82,6345,false,0
c82268,ANZ546  ,New Zealand,1778033939,1778033939,174.7371,-37.3445,2339.34,false,139.29,325.08,-6.5,,2560.32,,false,0
ad1857,ASA1319 ,United States,1778033939,1778033939,-120.5335,45.5195,7543.8,false,208.9,270.99,-11.38,,7757.16,,false,0
151e50,PBD860  ,Russian Federation,1778033939,1778033939,32.3212,37.1231,8968.74,false,234.2,75.63,6.83,,9052.56,,false,0
ac2bb9,ASH6286 ,United States,1778033939,1778033939,-76.1449,36.9516,342.9,false,56.81,218.01,-4.88,,335.28,7275,false,0
aaa555,RPA3625 ,United States,1778033939,1778033939,-71.1435,46.6812,2636.52,false,165.28,12.22,-6.18,,2552.7,5400,false,0
a1b272,N20820  ,United States,1778033939,1778033939,-80.7432,28.1995,731.52,false,68.61,184.3,-0.33,,746.76,1200,false,0
a54501,N439ER  ,United States,1778033939,1778033939,-89.3507,43.1445,510.54,false,37.83,247.62,4.23,,434.34,,false,0
484416,KLM843  ,Kingdom of the Netherlands,1778033939,1778033939,100.5977,14.2699,3604.26,false,157.21,104.4,-5.2,,3802.38,0151,false,0
ad185f,DAL2609 ,United States,1778033939,1778033939,-75.2695,40.9264,3611.88,false,172.21,110.28,-7.48,,3657.6,7407,false,0
ad185a,AAL3294 ,United States,1778033939,1778033939,-97.2152,33.0024,2613.66,false,135.21,263.23,13.98,,2651.76,,false,0
a60ea3,N49KC   ,United States,1778033939,1778033939,-96.1297,44.052,4572.0,false,146.26,67.67,-0.33,,4427.22,,false,0
ac8217,DAL2943 ,United States,1778033939,1778033939,-115.1213,36.0773,,true,3.09,143.44,,,,,false,0
ac2bc6,SWA533  ,United States,1778033939,1778033939,-115.6855,36.1188,5334.0,false,156.79,110.75,-6.5,,5402.58,,false,0
a1c57e,RPA5593 ,United States,1778033939,1778033939,-71.9603,40.9232,7924.8,false,211.46,226.87,-0.33,,8100.06,,false,0
ad1861,AVA262  ,United States,1778033939,1778033939,-87.0305,41.9386,3025.14,false,153.25,288.19,-4.88,,2948.94,2270,false,0
c0817c,WJA155  ,Canada,1778033931,1778033939,-114.0179,51.1284,,true,10.8,0.0,,,,4224,false,0
71f284,UN33    ,Republic of Korea,1778033939,1778033939,127.1716,35.1781,2156.46,false,140.97,303.69,-12.35,,2278.38,,false,0
a9ac2a,NDU722  ,United States,1778033939,1778033939,-111.8652,32.9018,1402.08,false,44.42,241.65,0.98,,1371.6,,false,0
738bed,"",Israel,1778033644,1778033644,-122.2935,47.5156,,true,0.0,244.69,,,,,false,0
758558,PAL525  ,Philippines,1778033939,1778033939,103.6305,2.9677,10347.96,false,234.94,247.2,0.33,,11071.86,,false,0
a59ec1,EJM461  ,United States,1778033938,1778033939,-76.1541,36.5559,13106.4,false,245.75,202.92,-0.33,,13350.24,5124,false,0
ad4ba3,N956HC  ,United States,1778033635,1778033635,-102.3565,43.7834,4724.4,false,132.07,297.36,-8.13,,4724.4,3155,false,0
151e5c,PBD6836 ,Russian Federation,1778029750,1778033936,20.0558,55.7916,11887.2,false,27.34,70.2,0.0,,10927.08,6625,false,0
4246a3,AZG134  ,United Kingdom,1778033939,1778033939,90.3895,23.8556,,true,5.66,233.44,,,,,false,0
7c1254,DWM     ,Australia,1778033939,1778033939,152.9939,-27.5458,251.46,false,58.74,287.32,-1.95,,327.66,,false,0
a2e560,N286MH  ,United States,1778033938,1778033939,-115.1031,35.9886,1196.34,false,75.67,358.05,-5.2,,1150.62,4771,false,0
a34bdc,EDV5111 ,United States,1778033939,1778033939,-74.5184,38.9529,5334.0,false,186.8,227.57,-7.15,,5440.68,2764,false,0
c0816d,AIE803  ,Canada,1778033759,1778033762,-73.7197,45.4956,182.88,false,49.52,222.47,-2.93,,114.3,4536,false,0
a7d3fe,SKW5314 ,United States,1778033939,1778033939,-93.1392,41.4486,10972.8,false,176.09,259.9,0.0,,10980.42,6573,false,0
a89234,UAL129  ,United States,1778033894,1778033894,-94.0521,29.6522,6355.08,false,259.31,102.02,5.2,,6652.26,,false,0
ab73f5,SKW139W ,United States,1778033939,1778033939,-78.2886,43.0666,9448.8,false,266.17,67.5,-0.33,,9509.76,4176,false,0
151da4,AFL1245 ,Russian Federation,1778033935,1778033936,49.9668,53.0993,11582.4,false,27.95,276.34,0.0,,10622.28,,false,0
a0b7b8,UAL1101 ,United States,1778033939,1778033939,-95.0315,42.562,10050.78,false,280.38,89.68,-0.33,,9982.2,,false,0
c82295,"",New Zealand,1778033741,1778033742,175.0418,-39.7224,2948.94,false,65.39,190.43,0.65,,3108.96,,false,0
a0b7b7,UAL1958 ,United States,1778033939,1778033939,-98.3475,33.1061,9441.18,false,252.22,142.13,0.0,,9837.42,,false,0
7584a8,CEB929  ,Philippines,1778033939,1778033939,101.4204,13.3983,6477.0,false,194.32,258.39,-7.48,,6865.62,,false,0
a53287,FFT1578 ,United States,1778033939,1778033939,-74.947,39.797,1844.04,false,115.89,16.5,0.98,,1851.66,1425,false,0
abc3c6,SWA1869 ,United States,1778033932,1778033932,-93.6628,39.6401,5326.38,false,180.89,266.58,-15.61,,5394.96,0110,false,0
ac3f92,LYM4155 ,United States,1778033913,1778033919,-102.1022,40.0818,6400.8,false,158.46,81.98,0.0,,6431.28,5113,false,0
ab0c7e,N81052  ,United States,1778033939,1778033939,-151.7221,59.4699,922.02,false,70.39,52.13,-0.65,,838.2,,false,0
ac2c79,SWA1784 ,United States,1778033939,1778033939,-80.6002,39.1048,11582.4,false,188.73,273.91,0.0,,11818.62,7437,false,0
3c6518,DLH401  ,Germany,1778033939,1778033939,0.1186,51.4595,11887.2,false,249.82,102.0,0.0,,11803.38,1176,false,0
a96ecb,CKS616  ,United States,1778033939,1778033939,6.1969,50.4124,4564.38,false,193.06,106.41,-10.08,,4549.14,2262,false,0
a7858e,JBU2839 ,United States,1778033939,1778033939,-73.7786,40.5166,1927.86,false,152.01,106.72,16.26,,1943.1,,false,0
ab60e3,DAL176  ,United States,1778033939,1778033939,-66.3706,45.7561,10058.4,false,260.72,53.42,0.0,,10134.6,3126,false,0
440af4,TAY7SR  ,Austria,1778033939,1778033939,6.1847,48.2899,11277.6,false,229.59,110.87,0.33,,11224.26,1000,false,0
151dba,AFL1755 ,Russian Federation,1778033852,1778033938,56.7663,64.0903,10972.8,false,380.96,339.36,0.0,,10759.44,,false,0
7c6c9f,NWK1639 ,Australia,1778033939,1778033939,116.7669,-30.3056,9144.0,false,190.55,205.25,0.0,,9479.28,5061,false,0
151db5,AFL272  ,Russian Federation,1778033939,1778033939,89.6355,21.9181,10668.0,false,271.52,123.72,0.0,,11277.6,2114,false,0
4b5d47,VIKTOR35,Switzerland,1778033939,1778033939,8.5709,47.4574,,true,3.6,275.62,,,,,false,0
abb0c6,WMU85   ,United States,1778033939,1778033939,-86.103,43.2333,853.44,false,66.09,238.04,-0.33,,777.24,,false,0
842388,JAL504  ,Japan,1778033939,1778033939,139.9582,35.5707,678.18,false,89.51,269.67,-4.88,,792.48,3311,false,0
a09d22,FDX1625 ,United States,1778033939,1778033939,-103.9448,32.9393,11894.82,false,299.87,57.75,-0.33,,12298.68,0701,false,0
a10d56,SKW4707 ,United States,1778033929,1778033929,-104.6658,39.8613,,true,3.86,98.44,,,,,false,0
ac2c9c,SWA1211 ,United States,1778033939,1778033939,-71.4541,42.9663,281.94,false,72.42,157.44,-4.55,,220.98,0564,false,0
ad4c96,SKW5474 ,United States,1778033939,1778033939,-84.1433,43.6499,1181.1,false,129.24,53.91,-6.83,,1097.28,2625,false,0
a5a878,AAL1451 ,United States,1778033883,1778033883,-108.6455,35.0238,10363.2,false,180.65,262.31,0.33,,10546.08,,false,0
7c6ba9,VJV     ,Australia,1778033939,1778033939,139.1875,-34.3323,1303.02,false,53.36,340.87,0.98,,1371.6,,false,0
aa421b,MTN7520 ,United States,1778033939,1778033939,-83.2652,29.701,2727.96,false,116.04,122.14,0.0,,2834.64,,false,0
782205,CSN388  ,China,1778033937,1778033938,105.961,-5.1894,7269.48,false,204.57,330.47,6.18,,7757.16,2305,false,0
a4bbde,DAL227  ,United States,1778033939,1778033939,-73.2804,40.3569,3886.2,false,177.32,137.47,7.48,,3954.78,,false,0
7c2521,HMB     ,Australia,1778033939,1778033939,144.5095,-38.0769,548.64,false,68.91,83.14,3.9,,586.74,7172,false,0
86d906,ANA59   ,Japan,1778033939,1778033939,141.6843,42.8303,281.94,false,66.5,172.0,-2.6,,312.42,4650,false,0
ae6c5b,R03317  ,United States,1778033939,1778033939,-106.8201,32.0409,3078.48,false,41.81,251.34,0.33,,3154.68,,false,0
ace3f4,N93GP   ,United States,1778033939,1778033939,-75.7422,39.6679,228.6,false,20.74,172.87,0.0,,182.88,,false,0
a92863,N69AF   ,United States,1778033939,1778033939,-76.3164,39.2614,7764.78,false,243.39,45.94,-11.05,,7909.56,1153,false,0
ae10b6,HUSKY93 ,United States,1778033939,1778033939,-122.2675,46.8804,1051.56,false,109.54,196.65,-0.33,,1066.8,,false,0
a317ba,ENY4188 ,United States,1778033932,1778033932,-93.197,38.3225,10668.0,false,261.82,26.62,-0.33,,10858.5,,false,0
86d930,JAL21   ,Japan,1778033939,1778033939,125.1484,37.3956,10995.66,false,228.97,268.84,-0.33,,11346.18,3103,false,0
782211,CCA1415 ,China,1778033933,1778033937,114.4139,39.4241,9784.08,false,196.05,228.4,0.0,,10027.92,,false,0
aa9bb8,AAL174  ,United States,1778033819,1778033829,-65.8873,41.2704,11582.4,false,251.62,78.92,0.0,,11719.56,1557,false,0
a6b551,N531NA  ,United States,1778033938,1778033939,-81.1653,29.1369,457.2,false,45.32,63.73,0.0,,464.82,1200,false,0
a66576,DAL718  ,United States,1778033939,1778033939,-83.9521,27.8562,10538.46,false,261.17,92.94,-4.88,,11140.44,2512,false,0
a6b554,RFS719  ,United States,1778033939,1778033939,-122.2602,47.9245,411.48,false,35.73,276.61,-1.63,,411.48,,false,0
a067ec,SKW5334 ,United States,1778033939,1778033939,-97.3912,34.9763,2659.38,false,145.16,327.89,-6.5,,2674.62,,false,0
a0b7d8,UAL655  ,United States,1778033938,1778033938,-104.681,39.8607,,true,0.0,270.0,,,,,false,0
a0b7bd,UAL1729 ,United States,1778033939,1778033939,-105.0298,39.2655,7239.0,false,191.8,190.98,10.08,,7277.1,3745,false,0
a79898,DAL2296 ,United States,1778033939,1778033939,-82.6476,28.4139,11887.2,false,265.15,165.51,0.0,,12512.04,4116,false,0
a0b7bb,UAL475  ,United States,1778033936,1778033936,-104.6766,39.8599,,true,0.0,180.0,,,,,false,0
78220a,CSN6107 ,China,1778033934,1778033934,115.9382,39.628,5090.16,false,181.79,213.11,0.33,,5196.84,,false,0
7c3845,LEF     ,Australia,1778033939,1778033940,147.0919,-34.3529,13716.0,false,247.22,218.32,-0.33,,14005.56,1030,false,0
0d0d6d,VOI3323 ,Mexico,1778033846,1778033847,-116.8543,32.5052,662.94,false,70.89,294.89,-3.9,,693.42,,false,0
ae6c86,G21207  ,United States,1778033740,1778033740,-76.5551,40.421,510.54,false,62.29,67.67,-3.58,,480.06,,false,0
0d0d86,VIV9523 ,Mexico,1778033937,1778033937,-99.483,19.6953,7680.96,false,204.66,344.85,-19.18,,8244.84,1374,false,0
acd0ca,AAL1694 ,United States,1778033939,1778033939,-81.5696,26.39,6743.7,false,229.02,137.46,-10.73,,7124.7,2515,false,0
7c3830,"",Australia,1778033931,1778033931,150.7747,-34.5686,601.98,false,55.89,248.39,3.9,,,,false,0
a08a1a,AAL1703 ,United States,1778033939,1778033939,-83.781,33.6205,10675.62,false,279.86,76.07,0.33,,11094.72,2232,false,0
86d928,ANA851  ,Japan,1778033940,1778033940,139.7243,34.8448,4975.86,false,217.62,37.41,-3.9,,5227.32,3223,false,0
a78557,LXJ584  ,United States,1778033781,1778033782,-112.8098,36.78,13716.0,false,251.72,70.42,0.0,,13868.4,1034,false,0
a0ed34,SUB8922 ,United States,1778033939,1778033939,-84.037,41.0283,6111.24,false,109.77,205.24,0.0,,6134.1,4164,false,0
acd0cf,DAL2364 ,United States,1778033935,1778033935,-84.4289,33.6389,,true,0.0,281.25,,,,,false,0
a96eb3,JJ07    ,United States,1778033663,1778033663,-87.6725,30.283,769.62,false,56.11,211.5,-7.48,,853.44,4120,false,0
86d90e,JAL891  ,Japan,1778033939,1778033939,130.4203,33.4369,10965.18,false,196.24,248.95,0.0,,11376.66,6105,false,0
a797b4,DAL781  ,United States,1778033939,1778033939,-77.1083,42.4647,11582.4,false,186.18,290.04,0.0,,11650.98,1134,false,0
a08a85,EDV5136 ,United States,1778033939,1778033939,-77.3693,44.3357,10675.62,false,270.23,69.5,0.0,,10660.38,7457,false,0
a46d47,UAL2725 ,United States,1778033939,1778033939,-81.5466,34.1468,11887.2,false,205.83,349.2,0.0,,12313.92,1415,false,0
ab88dd,N842SF  ,United States,1778033939,1778033939,-113.1458,33.4219,1805.94,false,71.79,154.54,0.0,,1790.7,,false,0
aa55b5,SKW4970 ,United States,1778033939,1778033939,-100.5603,32.2762,7018.02,false,173.71,256.99,-5.2,,7277.1,7453,false,0
7821bb,CHH7018 ,China,1778033848,1778033848,112.4884,21.8342,7193.28,false,227.71,246.85,0.0,,7650.48,,false,0
7821d0,CES279  ,China,1778033852,1778033852,130.7927,34.1534,10058.4,false,291.48,53.25,0.0,,10416.54,,false,0
acc084,N9200B  ,United States,1778033939,1778033939,-94.8922,38.8154,480.06,false,41.68,181.41,4.23,,449.58,,false,0
aaee3b,AAL1473 ,United States,1778033939,1778033939,-92.5186,32.718,11582.4,false,183.02,258.82,0.0,,12092.94,1704,false,0
a174f3,AMF2923 ,United States,1778033938,1778033938,-112.0189,33.4248,,true,8.23,180.0,,,,,false,0
a8e279,DAL919  ,United States,1778033939,1778033939,-103.4184,35.763,10972.8,false,185.7,290.09,0.33,,11193.78,2070,false,0
a10d82,AAL3137 ,United States,1778033939,1778033939,-81.1861,28.5298,2392.68,false,141.0,181.46,-7.15,,2476.5,1717,false,0
a0b7fe,UAL800  ,United States,1778033688,1778033694,-104.6771,39.8593,,true,0.0,180.0,,,,3555,true,0
a0b7fd,UAL1707 ,United States,1778033939,1778033939,-112.396,35.3048,11277.6,false,256.83,67.13,0.0,,11399.52,7763,false,0
a0b7fb,UAL2613 ,United States,1778033917,1778033917,-101.0588,40.4429,10058.4,false,271.71,78.2,0.0,,10043.16,0613,false,0
a46d26,UAL1393 ,United States,1778033939,1778033939,-92.1527,44.9241,10363.2,false,196.41,287.06,0.0,,10149.84,6244,false,0
0d0d40,VOI249  ,Mexico,1778033938,1778033938,-100.1126,25.7783,,true,0.0,210.94,,,,,false,0
7c12b8,DZE     ,Australia,1778033939,1778033939,115.9187,-32.1026,182.88,false,50.2,114.2,-2.28,,289.56,3000,false,0
abc5ac,N858GF  ,United States,1778033939,1778033939,-122.9567,38.7323,1463.04,false,91.94,170.01,-3.9,,1455.42,3571,false,0
0d0d48,VIV1169 ,Mexico,1778033939,1778033939,-99.0621,19.4439,,true,9.77,292.5,,,,1316,false,0
aaa5d4,UAL431  ,United States,1778033938,1778033938,-104.6809,39.8567,,true,0.0,270.0,,,,,false,0
a46d19,N3844Q  ,United States,1778033939,1778033939,-81.6541,28.8999,152.4,false,40.97,7.21,-2.93,,175.26,,false,0
ace5b6,AAL1072 ,United States,1778033939,1778033939,-85.1957,40.9993,11582.4,false,204.3,343.62,0.0,,11711.94,7174,false,0
ab62ad,SWA3789 ,United States,1778033939,1778033939,-112.103,33.3466,2788.92,false,131.25,84.6,-1.63,,2804.16,5044,false,0
7821ee,CSS364  ,China,1778033938,1778033939,133.425,34.2725,8542.02,false,189.71,250.68,0.0,,8892.54,3120,false,0
7821fd,CES272  ,China,1778033939,1778033939,140.4206,35.7017,1066.8,false,88.32,149.55,10.73,,1188.72,6126,false,0
a411d3,UPS1193 ,United States,1778033939,1778033939,-85.8096,38.3699,960.12,false,81.62,164.65,0.33,,883.92,1641,false,0
a0b90a,N146AR  ,United States,1778033936,1778033936,-119.1273,37.723,12192.0,false,181.58,279.62,0.0,,12359.64,7673,false,0
a0692d,N1254D  ,United States,1778033939,1778033939,-96.859,33.6413,1562.1,false,68.75,5.58,-0.33,,1516.38,,false,0
a34d98,JBU2271 ,United States,1778033939,1778033939,-93.7159,29.5702,10972.8,false,200.26,276.19,0.0,,11574.78,2173,false,0
a7d585,N60351  ,United States,1778033938,1778033939,-88.5875,44.0402,1424.94,false,35.33,343.94,0.33,,1341.12,1200,false,0
aa3086,NCR684  ,United States,1778033917,1778033917,-169.5527,58.2123,10668.0,false,264.64,68.92,0.0,,10523.22,,false,0
a2d1ad,OXF6784 ,United States,1778033810,1778033812,-111.421,32.96,716.28,false,49.43,92.39,-1.95,,670.56,,false,0
a91583,N6848   ,United States,1778033939,1778033939,-117.1982,47.6528,1219.2,false,44.82,131.74,0.33,,1181.1,1200,false,0
aaa5ff,SWA1155 ,United States,1778033938,1778033939,-86.4958,39.5819,1127.76,false,91.52,81.6,-5.2,,1059.18,6433,false,0
408016,DHK842  ,United Kingdom,1778033939,1778033939,-1.3192,52.8295,,true,9.77,267.19,,,,4412,false,0
a1b1bc,SWA4013 ,United States,1778033939,1778033939,-109.5616,35.5189,10668.0,false,269.25,94.16,0.0,,10782.3,5137,false,0
ab62f8,SWA3578 ,United States,1778033939,1778033939,-102.436,32.5491,10972.8,false,196.61,303.69,0.0,,11391.9,4034,false,0
0d0d02,XAMMN   ,Mexico,1778033939,1778033939,-81.9951,36.708,8534.4,false,198.93,229.72,0.0,,8846.82,0537,true,0
a46d4f,UAL1128 ,United States,1778033631,1778033631,-80.3169,25.786,30.48,false,73.63,87.6,-3.25,,38.1,4205,true,0
7584d7,GAP2958 ,Philippines,1778033872,1778033872,121.0141,14.5091,,true,1.29,331.88,,,,,false,0
ace5bc,AAL2430 ,United States,1778033939,1778033939,-122.5178,37.6654,1341.12,false,138.14,248.59,16.58,,1333.5,,false,0
ace5bb,DAL3111 ,United States,1778033939,1778033939,-89.2999,31.7951,8534.4,false,213.2,232.55,0.0,,8961.12,5712,false,0
a9025b,NOAA68  ,United States,1778033939,1778033939,-82.1475,29.1516,3329.94,false,123.28,173.29,0.0,,3459.48,1024,false,0
c01a4b,CAV218  ,Canada,1778033922,1778033922,-92.5974,62.2931,3657.6,false,117.74,203.43,0.0,,3444.24,,false,0
a7d4e5,N6031F  ,United States,1778033939,1778033939,-111.9112,33.2249,1379.22,false,54.41,319.99,-2.6,,1333.5,,false,0
151e0f,PBD560  ,Russian Federation,1778033676,1778033936,56.0834,54.7214,10988.04,false,29.97,50.57,4.55,,10027.92,,false,0
75862c,CEB5069 ,Philippines,1778033897,1778033897,140.3977,35.7679,,true,5.66,199.69,,,,,false,0
a09cad,AAL2502 ,United States,1778033939,1778033939,-75.1275,39.8942,480.06,false,70.12,255.56,-4.23,,449.58,5667,false,0
ae265c,C6502   ,United States,1778033938,1778033938,-77.0558,38.8421,160.02,false,29.7,104.04,-1.95,,114.3,5145,false,0
a6a1af,N52606  ,United States,1778033853,1778033854,-82.4371,27.0902,342.9,false,53.79,192.71,-2.93,,426.72,0342,false,0
0d0bff,AMX835  ,Mexico,1778033939,1778033939,-98.735,18.7904,5547.36,false,209.36,280.62,-10.4,,5928.36,6443,false,0
a11fe7,UCA4343 ,United States,1778033939,1778033939,-94.4606,31.6435,7810.5,false,204.67,9.84,3.9,,8161.02,,false,0
c01a52,JZA768  ,Canada,1778033939,1778033939,-120.2225,40.377,10668.0,false,262.67,166.75,0.33,,10919.46,,false,0
ad4cf2,SWA294  ,United States,1778033938,1778033938,-102.8455,34.505,12496.8,false,219.83,157.58,0.33,,12816.84,2644,false,0
758649,CGR333  ,Philippines,1778033681,1778033688,121.1172,13.9423,464.82,false,51.37,29.39,-4.88,,502.92,,false,0
758625,CGR436  ,Philippines,1778033939,1778033939,121.1934,13.7707,1379.22,false,66.57,16.61,-0.65,,1485.9,,false,0
151e2c,SYL9915 ,Russian Federation,1778033937,1778033937,90.3056,55.3215,10668.0,false,255.14,83.75,0.0,,10713.72,,false,0
a891e5,QXE2188 ,United States,,1778033938,,,,false,0.0,28.12,,,,,false,0
a5ca89,SWA2963 ,United States,1778033939,1778033939,-93.4777,33.5038,12496.8,false,250.68,23.46,0.0,,12961.62,,false,0
a05628,UAL124  ,United States,1778033939,1778033939,-4.9966,49.7871,11277.6,false,258.78,103.57,-0.33,,11224.26,1172,false,0
a11fc1,UAL144  ,United States,1778033939,1778033939,-70.6355,39.389,10058.4,false,233.7,94.29,0.0,,10233.66,1553,false,0
a11fc6,UCA4320 ,United States,1778033678,1778033687,-91.2294,32.1539,4899.66,false,218.58,73.31,-7.48,,5097.78,,false,0
a11fc7,"",United States,1778033912,1778033912,-77.4449,38.9464,,true,1.29,205.31,,,,,false,0
75861f,WC377   ,Philippines,1778033939,1778033939,121.1107,14.0845,899.16,false,37.98,81.43,-3.9,,929.64,,false,0
75861e,WC417   ,Philippines,1778033939,1778033939,120.9749,13.7322,1211.58,false,43.36,85.24,-0.98,,1264.92,,false,0
a46d8f,UAL642  ,United States,1778033939,1778033939,-75.2892,39.9414,4724.4,false,208.55,43.1,-14.31,,4815.84,2670,false,0
c01a72,CJT950  ,Canada,1778033939,1778033939,-94.6177,30.4562,11277.6,false,264.18,29.26,0.0,,11849.1,,false,0
ae266f,C6521   ,United States,1778033626,1778033628,-87.876,30.4726,60.96,false,24.11,191.07,-0.33,,45.72,,false,0
151e32,DRU589  ,Russian Federation,1778033939,1778033939,86.3535,56.7716,11582.4,false,219.95,238.88,0.0,,11574.78,,false,0
440d90,TAY5TR  ,Austria,1778033939,1778033939,3.6219,49.1468,5791.2,false,189.92,75.25,0.0,,5783.58,1000,false,0
440d91,TAY5DN  ,Austria,1778033939,1778033939,7.1315,50.7504,10668.0,false,219.95,47.65,0.0,,10599.42,1000,false,0
758628,CGR449  ,Philippines,1778033940,1778033940,120.8189,13.8869,1562.1,false,72.65,139.88,-0.33,,1668.78,,false,0
a6b4ac,IFL531  ,United States,1778033938,1778033939,-89.8846,37.3766,11277.6,false,261.11,33.75,-0.33,,11597.64,2412,false,0
a0b97c,FDX1618 ,United States,1778033939,1778033939,-93.2333,44.8825,,true,0.0,30.94,,,,,false,0
a5ca26,N472SP  ,United States,1778033929,1778033937,-83.2615,29.6644,1356.36,false,56.95,337.14,0.0,,1394.46,,false,0
0d0bac,AMX949  ,Mexico,1778033939,1778033939,-100.221,19.0099,9304.02,false,211.03,126.67,-8.13,,9936.48,4454,false,0
acd381,N9253C  ,United States,1778033939,1778033939,-87.9029,42.1776,678.18,false,64.9,12.82,2.93,,617.22,,false,0
a05688,WIS380  ,United States,1778033939,1778033939,-87.6828,43.7917,2773.68,false,107.37,108.43,0.33,,2667.0,,false,0
aa55ee,AAL2655 ,United States,1778033939,1778033939,-83.9652,35.7325,11277.6,false,248.57,151.84,0.0,,11628.12,1363,false,0
0d0bba,AMX027  ,Mexico,1778033939,1778033939,-4.7036,40.7228,7284.72,false,254.66,119.93,-12.35,,7368.54,3723,false,0
440d35,AOJ76R  ,Austria,1778033939,1778033939,-84.7168,41.9341,13716.0,false,278.02,82.66,0.0,,13792.2,2075,false,0
0d0bbe,VOI3275 ,Mexico,1778033938,1778033938,-114.7277,31.4726,11582.4,false,209.14,310.31,0.33,,11811.0,,false,0
ae2695,"",United States,1778033757,1778033757,-97.4676,27.7858,190.5,false,57.64,268.47,0.33,,114.3,,false,0
c01a05,WEN3541 ,Canada,1778033939,1778033939,-113.9898,51.0118,1630.68,false,95.16,354.1,1.63,,1653.54,7324,false,0
c01a03,CFJWC   ,Canada,1778033921,1778033921,-123.6881,53.8104,2004.06,false,49.99,351.12,0.33,,2019.3,,false,0
440d4d,TAY6LQ  ,Austria,1778033939,1778033939,4.3712,48.6771,9410.7,false,227.38,112.62,5.2,,9342.12,1000,false,0
ab0e21,N811LV  ,United States,1778033939,1778033939,-76.2567,40.3635,624.84,false,49.58,247.43,0.33,,579.12,7724,false,0
495266,RZO224  ,Portugal,1778033939,1778033939,-67.2386,42.6048,10073.64,false,245.1,80.58,0.0,,10218.42,,false,0
a6a1b4,SCX3048 ,United States,1778033939,1778033939,-89.4176,36.5869,11582.4,false,173.37,270.17,0.0,,11932.92,3601,false,0
495269,RZO322  ,Portugal,1778033939,1778033939,-77.0319,43.1602,9380.22,false,262.93,98.1,6.18,,9448.8,6353,false,0
a784d5,ASA7004 ,United States,1778033939,1778033939,-133.3276,56.0137,8526.78,false,190.77,303.56,0.0,,8580.12,,false,0
a5ca58,UPS1299 ,United States,1778033939,1778033939,-77.1115,40.0542,10972.8,false,211.24,246.31,0.0,,11125.2,3545,false,0
ab88d8,N842SA  ,United States,1778033939,1778033939,-92.6435,41.3508,1234.44,false,55.34,249.88,0.0,,1181.1,,false,0
7821b8,CSN6483 ,China,1778033939,1778033939,114.5812,39.4142,11612.88,false,186.39,242.37,0.0,,11902.44,,false,0
a1d93b,SWA2921 ,United States,1778033939,1778033939,-77.1475,40.7993,12184.38,false,182.82,280.87,0.0,,12313.92,3366,false,0
aa55bd,ENY3960 ,United States,1778033940,1778033940,-87.4643,41.9655,2103.12,false,136.33,270.22,-7.15,,2026.92,6261,false,0
a0433b,RPA4371 ,United States,1778033939,1778033939,-79.9979,40.1927,7924.8,false,192.16,273.07,0.0,,8069.58,0602,false,0
a39017,DAL2269 ,United States,1778033939,1778033939,-80.1731,36.0976,9738.36,false,248.91,53.91,3.25,,10027.92,1113,false,0
a67969,N516TG  ,United States,1778033936,1778033936,-90.3862,30.832,1066.8,false,47.31,133.24,0.0,,1097.28,,false,0
ab761e,AMX952  ,United States,1778033939,1778033939,-99.8071,25.7869,4701.54,false,183.59,309.09,-5.2,,4968.24,,false,0
4007ef,BAW2202 ,United Kingdom,1778033939,1778033939,-81.8918,24.2431,10668.0,false,255.01,67.21,0.0,,11285.22,,false,0
4007ee,BAW2231 ,United Kingdom,1778033586,1778033645,48.5367,40.1677,10668.0,false,265.06,101.99,0.0,,10782.3,4706,false,0
a54650,UAL2464 ,United States,1778033939,1778033939,-88.387,42.1774,10668.0,false,291.38,82.08,0.0,,10706.1,3277,false,0
e4908e,AZU8704 ,Brazil,1778033939,1778033939,-48.1934,-20.9308,9288.78,false,243.59,331.22,5.85,,9860.28,,false,0
4007f3,BAW264  ,United Kingdom,1778033939,1778033939,-93.2838,41.2843,11277.6,false,302.57,62.56,0.0,,11308.08,,false,0
a1d99b,JBU2124 ,United States,1778033939,1778033939,-80.0358,41.983,10050.78,false,269.0,72.99,-0.33,,10134.6,2064,false,0
a96fb1,OME71   ,United States,1778033939,1778033939,-118.3328,31.1655,6697.98,false,182.38,3.07,0.0,,6835.14,,false,0
4007f2,BAW2LJ  ,United Kingdom,1778033939,1778033939,-74.7274,40.1285,10820.4,false,257.26,43.62,10.4,,10995.66,5674,false,0
4007f0,BAW2066 ,United Kingdom,1778033939,1778033939,5.0319,41.6383,11582.4,false,252.77,354.39,0.0,,11673.84,,false,0
a3e011,EDV4969 ,United States,1778033939,1778033939,-86.7003,33.6495,10668.0,false,280.89,90.0,0.0,,11117.58,0217,false,0
a7e93b,FFT3311 ,United States,1778033939,1778033940,-91.085,33.8823,10370.82,false,184.15,300.0,0.0,,10797.54,2624,false,0
a4bcca,N404PH  ,United States,1778033939,1778033939,-97.6825,30.0041,533.4,false,54.02,89.45,-0.65,,449.58,,false,0
781049,EPA6223 ,China,1778033897,1778033897,113.7416,22.8904,4274.82,false,195.0,0.91,10.4,,4328.16,,false,0
a5465d,UPS1131 ,United States,1778033939,1778033939,-78.4173,43.1085,1249.68,false,110.82,257.12,0.0,,1165.86,3472,false,0
aa6943,CKS523  ,United States,1778033939,1778033939,-110.9124,53.0655,10058.4,false,277.8,123.75,0.65,,10035.54,5761,false,0
aaecb8,N80277  ,United States,1778033937,1778033937,-82.3323,35.0221,1219.2,false,38.07,269.23,0.0,,1219.2,,false,0
a2f95c,ASA683  ,United States,1778033939,1778033939,-122.4593,47.3275,2758.44,false,123.06,5.76,-3.25,,2819.4,7255,false,0
a1c64e,SKW4665 ,United States,1778033939,1778033939,-102.3272,44.2206,10058.4,false,240.88,26.78,-0.33,,9875.52,1442,false,0
151d95,AFL424  ,Russian Federation,1778033939,1778033939,39.7645,40.9814,10363.2,false,226.41,242.68,0.0,,10332.72,2354,false,0
ab1ffe,DAL708  ,United States,1778033939,1778033939,-86.5153,41.9653,9456.42,false,268.29,87.47,-4.88,,9494.52,2065,false,0
7c398d,LNJ     ,Australia,1778033933,1778033939,148.9218,-34.9342,1242.06,false,27.9,5.29,-2.6,,1325.88,,false,0
ab6339,SWA3047 ,United States,1778033935,1778033935,-104.6721,39.8624,,true,3.6,0.0,,,,2274,false,0
abc649,AAL1246 ,United States,1778033939,1778033939,-80.1328,39.1488,11277.6,false,213.29,10.98,0.0,,11498.58,3760,false,0
ad5fe7,ASA688  ,United States,1778033939,1778033939,-122.305,47.4585,,true,0.0,0.0,,,,,false,0
a94a6e,WMU69   ,United States,1778033780,1778033780,-85.2513,42.3369,579.12,false,51.4,41.35,-0.98,,563.88,,false,0
a3904c,FFT1746 ,United States,1778033939,1778033939,-66.2271,18.4353,876.3,false,100.12,97.38,0.0,,906.78,,false,0
aaa668,SWA2583 ,United States,1778033918,1778033935,-104.6706,39.8635,,true,0.0,180.0,,,,3235,false,0
a28392,JSX177  ,United States,1778033918,1778033920,-118.3698,34.1979,236.22,false,62.77,90.94,-4.55,,213.36,3364,false,0
ab766a,DAL933  ,United States,1778033938,1778033938,-101.9289,36.5442,10363.2,false,180.93,283.48,0.0,,10561.32,7122,false,0
adafb5,JBU2615 ,United States,1778033939,1778033939,-84.6395,45.4617,10378.44,false,188.67,295.87,0.0,,10195.56,3342,false,0
aa6914,AAL240  ,United States,1778033939,1778033939,-74.7105,45.6489,10668.0,false,289.1,77.67,0.0,,10614.66,2261,false,0
ab7686,ERU838  ,United States,1778033938,1778033939,-81.0722,29.091,556.26,false,60.78,303.96,-2.6,,563.88,,false,0
a8090b,N617DA  ,United States,1778033937,1778033937,-116.5804,48.1462,2011.68,false,73.23,204.04,0.65,,2026.92,,false,0
781089,CBG8969 ,China,1778033920,1778033922,113.9785,23.0494,4739.64,false,168.81,9.12,10.4,,5006.34,,false,0
151d4d,UTA6315 ,Russian Federation,1778033939,1778033939,37.1916,55.5508,3893.82,false,169.9,324.24,8.78,,,,false,0
ab634a,N8328T  ,United States,1778033902,1778033902,-83.262,30.7428,457.2,false,44.9,161.98,4.88,,472.44,,false,0
a2d359,SKW4035 ,United States,1778033939,1778033939,-92.2272,41.0729,11277.6,false,216.35,175.09,-0.33,,11353.8,3631,false,0
a4000f,DAL2584 ,United States,1778033939,1778033939,-81.7384,35.1508,11277.6,false,249.81,53.04,0.0,,11666.22,1712,false,0
a42680,EDV5168 ,United States,1778033939,1778033939,-86.4729,33.1019,9753.6,false,201.78,252.95,0.33,,10180.32,2533,false,0
781097,CSN6517 ,China,1778033862,1778033862,123.9517,39.3752,10698.48,false,242.38,184.02,0.0,,10972.8,,false,0
ad9003,AAL2654 ,United States,1778033936,1778033936,-105.1821,35.2353,10972.8,false,170.59,266.54,0.0,,11216.64,5615,false,0
781093,CXA802  ,China,1778033937,1778033937,147.8478,-30.7072,10972.8,false,224.04,327.19,-0.33,,11315.7,1342,false,0
ab635d,SWA1056 ,United States,1778033754,1778033756,-105.8048,35.4172,11887.2,false,292.04,66.1,0.0,,12115.8,,false,0
ac8357,N905SH  ,United States,1778033939,1778033939,-96.917,43.4058,1028.7,false,86.55,61.61,-0.33,,998.22,,false,0
ad5fea,AAL2694 ,United States,1778033939,1778033939,-88.0896,29.0793,11887.2,false,268.76,117.6,0.0,,12504.42,0534,false,0
a46ce1,UAL2350 ,United States,1778033939,1778033939,-88.9313,41.458,11277.6,false,300.35,78.94,0.0,,11346.18,3717,false,0
aaecff,N80298  ,United States,1778033939,1778033939,-80.455,26.2341,579.12,false,44.35,37.93,0.98,,632.46,,false,0
acf975,AAL1154 ,United States,1778033939,1778033939,-82.5442,27.9072,312.42,false,69.5,2.12,-3.25,,327.66,1152,false,0
abb1c2,SWA1305 ,United States,1778033939,1778033939,-113.4181,32.8545,11887.2,false,270.13,80.57,0.33,,12070.08,2033,false,0
a34e01,JBU2007 ,United States,1778033938,1778033938,-86.6794,36.131,,true,8.75,19.69,,,,1432,false,0
7c7fb9,ZIJ     ,Australia,1778033939,1778033939,115.8915,-32.3305,739.14,false,64.17,167.97,0.98,,853.44,1200,false,0
4b5c19,GUSTI1  ,Switzerland,1778033939,1778033939,8.5487,47.4532,,true,14.92,331.88,,,,,false,0
a7d673,DAL445  ,United States,1778033939,1778033939,-97.5405,46.4305,10972.8,false,217.14,245.8,-0.33,,10736.58,,false,0
440bca,BCS2219 ,Austria,1778033939,1778033939,0.5862,51.4283,6400.8,false,201.12,125.32,13.66,,6377.94,2212,false,0
440bcb,BCS832  ,Austria,1778033939,1778033939,11.5323,51.4279,1836.42,false,131.94,114.17,-6.18,,1821.18,1000,false,0
440bcc,BCS2696 ,Austria,1778033939,1778033940,-0.6619,51.7768,1470.66,false,90.87,352.19,-8.45,,1493.52,4420,false,0
7585d9,CGR448  ,Philippines,1778033905,1778033905,121.4335,13.7509,1524.0,false,78.05,145.47,-2.93,,1630.68,,false,0
84bac2,"",Japan,1778033877,1778033889,140.4962,38.692,6705.6,false,204.38,165.72,0.0,,6949.44,,false,0
7585d7,WC389   ,Philippines,1778033938,1778033939,121.1345,13.9501,556.26,false,45.7,211.18,-1.63,,571.5,,false,0
7585d6,WC401   ,Philippines,1778033939,1778033939,121.3331,13.9029,952.5,false,29.74,52.73,0.0,,1005.84,,false,0
a7d665,SKW3759 ,United States,1778033909,1778033909,-118.3985,33.9525,53.34,false,67.52,262.12,-3.58,,38.1,3204,false,0
abfa65,DAL1032 ,United States,1778033939,1778033939,-89.1352,38.3996,11277.6,false,258.88,140.81,-0.33,,11529.06,4137,false,0
a8f646,FFT4075 ,United States,1778033836,1778033902,-89.0617,32.7099,9745.98,false,202.09,252.67,0.0,,10203.18,3165,false,0
0a00cd,DAH2701 ,Algeria,1778033940,1778033940,-3.2531,40.2063,12199.62,false,262.06,126.78,0.0,,12268.2,1443,false,0
a3e08d,UPS1189 ,United States,1778033939,1778033939,-75.3692,39.854,1402.08,false,121.88,281.69,16.26,,1379.22,,false,0
c08260,WJA644  ,Canada,1778033939,1778033939,-79.4955,43.745,807.72,false,89.49,225.47,-4.55,,731.52,3123,false,0
0d0c8f,AMX819  ,Mexico,1778033939,1778033939,-93.8174,18.8922,9753.6,false,241.39,276.73,0.0,,10408.92,,false,0
aa568e,UAL1534 ,United States,1778033939,1778033939,-88.4892,38.8911,11887.2,false,295.18,93.0,-0.33,,12100.56,2774,false,0
ac1a72,SWA2677 ,United States,1778033939,1778033939,-116.1285,36.0491,7848.6,false,215.71,314.9,10.08,,7917.18,1056,false,0
aa5694,UAL719  ,United States,1778033939,1778033939,-104.6876,39.852,,true,3.86,267.19,,,,,false,0
aa5691,UAL2236 ,United States,1778033939,1778033939,-98.4321,30.7744,11574.78,false,192.14,290.86,-0.33,,12115.8,,false,0
aa5690,UAL1710 ,United States,1778033939,1778033939,-91.9547,42.6366,10363.2,false,189.53,284.3,0.0,,10287.0,1301,false,0
ae6d4b,BR625   ,United States,1778033646,1778033805,-87.2197,30.5159,129.54,false,36.56,13.84,-0.98,,129.54,,false,0
a09e47,SKW4732 ,United States,1778033936,1778033937,-104.6801,39.8648,,true,4.89,270.0,,,,,false,0
a188ba,FDY129  ,United States,1778033926,1778033926,-77.4573,38.9384,,true,5.4,182.81,,,,,false,0
7c7feb,ZJX     ,Australia,1778033939,1778033939,144.5699,-37.8062,381.0,false,60.59,113.52,-0.98,,419.1,1200,false,0
ad3a5f,SWA4079 ,United States,1778033910,1778033919,-117.1917,32.7307,,true,0.06,16.88,,,,3375,false,0
ac1a95,SWA3060 ,United States,1778033662,1778033662,-118.3736,40.057,12496.8,false,204.57,62.28,0.33,,12672.06,6306,false,0
a295c9,FDX1227 ,United States,1778033937,1778033937,-97.672,30.2169,,true,0.0,11.25,,,,,false,0
151d9d,AFL1562 ,Russian Federation,1778033939,1778033939,82.9729,57.3665,10668.0,false,250.33,103.07,0.0,,10622.28,,false,0
a5468e,SWA3166 ,United States,1778033939,1778033939,-87.8843,41.6798,1051.56,false,88.87,42.18,-4.55,,1005.84,,false,0
a438c3,DAL2334 ,United States,1778033938,1778033938,-83.0478,37.0543,7604.76,false,230.6,25.08,0.33,,7818.12,4171,false,0
7c7fdc,ZJI     ,Australia,1778033939,1778033939,144.3999,-37.7429,464.82,false,39.45,202.22,3.25,,510.54,1200,false,0
ab891a,JUS332  ,United States,1778033939,1778033940,-101.6469,27.5164,10675.62,false,258.68,97.08,0.33,,11231.88,,false,0
a305aa,EDV5170 ,United States,1778033939,1778033939,-77.7632,42.6657,8534.4,false,207.49,291.99,0.33,,8587.74,5125,false,0
a91616,DAL826  ,United States,1778033939,1778033940,-115.5996,35.4528,10005.06,false,258.54,227.58,-8.13,,10027.92,1773,false,0
ab7606,N8379Z  ,United States,1778033939,1778033939,-156.0431,19.7306,30.48,false,0.0,0.0,0.0,,38.1,,false,0
7c7fd4,ZJA     ,Australia,1778033939,1778033939,143.8253,-38.1958,861.06,false,47.34,222.36,-0.33,,891.54,1200,false,0
782333,CES724  ,China,1778033683,1778033683,115.182,21.8922,8153.4,false,239.84,88.28,7.15,,8663.94,,false,0
7c6ca6,NWK2962 ,Australia,1778033939,1778033939,115.6341,-31.1527,7307.58,false,225.56,9.85,6.83,,7620.0,3264,false,0
7c6ca4,NWK1703 ,Australia,1778033939,1778033939,115.94,-32.0262,304.8,false,65.75,14.04,-3.9,,441.96,4326,false,0
7c6ca0,NWK1617 ,Australia,1778033939,1778033939,116.5398,-30.7915,9151.62,false,173.75,198.65,0.0,,9486.9,4334,false,0
440bc1,BCS1956 ,Austria,1778033783,1778033788,4.4649,50.9047,,true,0.0,5.62,,,,1000,false,0
a6a33f,DAL778  ,United States,1778033939,1778033940,-95.062,41.8642,10355.58,false,182.95,259.8,0.0,,10317.48,2611,false,0
abfa8e,FDX5045 ,United States,1778033939,1778033939,-90.6644,35.431,3131.82,false,192.6,120.68,-3.58,,3185.16,3254,false,0
acf906,JBU1189 ,United States,1778033939,1778033939,-115.4694,34.4408,9144.0,false,217.99,198.43,0.0,,9182.1,2603,false,0
a042ae,MXY9016 ,United States,1778033939,1778033939,-87.5953,31.2855,10972.8,false,209.92,229.87,-0.33,,11529.06,7600,false,0
440bc4,BCS409  ,Austria,1778033939,1778033939,8.9355,45.4025,2019.3,false,115.13,169.44,-8.13,,2057.4,1000,false,0
440bc5,BCS4PK  ,Austria,1778033936,1778033937,12.2234,51.41,,true,5.4,2.81,,,,,false,0
440bc6,BCS165  ,Austria,1778033939,1778033939,11.7744,51.3845,1546.86,false,130.33,80.69,-6.18,,1516.38,5037,false,0
aa6988,FDX1058 ,United States,1778033939,1778033939,-97.0713,32.7224,982.98,false,95.66,71.18,-0.65,,937.26,,false,0
a4008e,AAL2920 ,United States,1778033918,1778033918,-97.0452,32.9033,,true,0.06,59.06,,,,2076,false,0
4ca9cb,EIN1XG  ,Ireland,1778033830,1778033831,-62.7907,45.9046,10058.4,false,255.69,53.59,0.33,,10172.7,3357,false,0
a438b0,DAL1644 ,United States,1778033939,1778033939,-84.0957,42.3611,5798.82,false,171.67,292.18,2.28,,5768.34,7435,false,0
ad3a7f,AAL1407 ,United States,1778033939,1778033939,-111.7831,33.3802,1379.22,false,104.05,302.28,-8.45,,1371.6,3671,false,0
c08217,CGXGW   ,Canada,1778033939,1778033939,-82.3253,44.0326,13098.78,false,213.8,297.98,0.0,,13083.54,7136,false,0
440bc0,BCS2211 ,Austria,1778033939,1778033939,5.5417,50.8288,11887.2,false,242.14,101.02,0.0,,11849.1,2220,false,0
abd90c,SWA1583 ,United States,1778033939,1778033939,-86.8132,38.0049,11887.2,false,213.58,358.34,0.0,,12161.52,1622,false,0
a1d8d5,AIP357  ,United States,1778033704,1778033704,-86.6156,33.6463,944.88,false,54.12,233.89,-0.98,,944.88,,false,0
ab1fbb,AAL1280 ,United States,1778033939,1778033939,-79.4959,38.7869,7932.42,false,200.16,256.93,0.0,,8107.68,5240,true,0
a042d5,DAL789  ,United States,1778033939,1778033939,-74.0936,40.1865,10058.4,false,244.49,36.1,0.33,,10241.28,0772,false,0
c08887,WJA126  ,Canada,1778033939,1778033939,-120.8214,49.2268,8877.3,false,242.54,83.06,5.85,,9098.28,,false,0
a69f90,DAL200  ,United States,1778033921,1778033921,-84.4204,33.6399,,true,0.0,90.0,,,,,false,0
c00bd4,TLK833  ,Canada,1778033939,1778033939,-75.5145,39.9587,13106.4,false,239.34,196.1,0.0,,13251.18,0630,false,0
abda0e,CXK1042 ,United States,1778033857,1778033859,-111.2891,32.4935,815.34,false,48.98,216.03,-3.9,,769.62,,false,0
a6a6f6,DAL2056 ,United States,1778033939,1778033939,-86.7092,32.4223,10660.38,false,285.8,120.03,0.0,,11170.92,3160,false,0
a2b0cd,UAL1828 ,United States,1778033939,1778033939,-94.3951,41.6807,10972.8,false,182.68,265.48,0.0,,10942.32,6201,false,0
a260ed,SWA2452 ,United States,1778033934,1778033939,-121.925,37.3647,,true,0.0,47.81,,,,,false,0
aaba41,RPA3537 ,United States,1778033939,1778033939,-74.3732,40.8758,3703.32,false,187.0,335.97,11.7,,3756.66,3332,false,0
abb7f7,UAL1517 ,United States,1778033939,1778033939,-89.6686,40.4816,10142.22,false,273.09,41.1,-13.33,,10241.28,,false,0
af37b7,R43551  ,United States,1778033938,1778033939,-106.6545,32.0307,2743.2,false,62.61,96.13,0.0,,2819.4,,false,0
e4988b,GLO1488 ,Brazil,1778033937,1778033939,-45.114,-21.5718,10058.4,false,261.68,29.44,0.0,,10629.9,4150,false,0
e4988d,GLO1544 ,Brazil,1778033939,1778033939,-47.5046,-21.7911,10347.96,false,240.36,322.57,3.58,,10934.7,4176,false,0
440a8c,TAY1842 ,Austria,1778033939,1778033939,9.8741,49.6262,10363.2,false,241.01,287.0,0.0,,10317.48,3251,false,0
e49890,GLO1520 ,Brazil,1778033939,1778033939,-47.4212,-20.3264,10972.8,false,270.64,352.02,0.0,,11620.5,4174,false,0
a68c67,N5208J  ,United States,1778033940,1778033940,-80.2924,26.0888,274.32,false,51.65,185.14,0.0,,274.32,,false,0
ac74e4,"",United States,1778033906,1778033906,-113.241,36.7826,7315.2,false,224.69,250.61,0.0,,7360.92,,false,0
a44c70,DAL2613 ,United States,1778033939,1778033939,-118.6456,34.4397,11582.4,false,231.54,340.4,0.0,,11704.32,2032,false,0
a883bd,JBU97   ,United States,1778033939,1778033939,-84.4982,41.3984,10972.8,false,173.56,284.24,0.33,,11071.86,3345,false,0
c00bf1,WEN3519 ,Canada,1778033864,1778033864,-101.3547,50.8642,7315.2,false,153.74,293.05,0.0,,7124.7,5132,false,0
abed75,N868KE  ,United States,1778033939,1778033939,41.0267,40.9606,13106.4,false,247.15,272.39,0.33,,13235.94,2736,false,0
ac61bc,SWA4031 ,United States,1778033939,1778033939,-82.5495,27.8212,845.82,false,91.09,8.77,-6.5,,891.54,7717,false,0
a45f8e,FFT1750 ,United States,1778033939,1778033939,-82.5097,34.1594,11277.6,false,271.7,147.21,0.0,,11719.56,6770,false,0
477d62,BROOM26 ,Hungary,1778033939,1778033939,19.2244,47.4451,,true,3.86,250.31,,,,,false,0
ae04ad,PAT102  ,United States,1778033939,1778033939,-119.8539,52.0909,12496.8,false,231.2,137.43,0.0,,12664.44,,false,0
a45f94,LXJ381  ,United States,1778033697,1778033697,-111.9155,33.62,,true,3.86,236.25,,,,3525,false,0
84bd16,SFJ77   ,Japan,1778033935,1778033935,139.7875,35.5446,,true,3.6,87.19,,,,,false,0
a7d9fb,N605BR  ,United States,1778033939,1778033939,-110.1579,50.8807,12496.8,false,200.53,93.68,0.0,,12428.22,,false,0
a3d0fe,MVK41   ,United States,1778033938,1778033938,-93.2206,44.0752,1051.56,false,48.49,287.28,0.33,,975.36,0174,false,0
ac61db,SWA4608 ,United States,1778033939,1778033939,-107.3756,35.3048,11277.6,false,295.48,62.19,-0.33,,11483.34,,false,0
a6a6b7,ASA9411 ,United States,1778033932,1778033932,-122.305,47.4518,,true,6.43,11.25,,,,1742,false,0
ad2d6a,N9481Q  ,United States,1778033939,1778033939,-107.416,32.2786,3070.86,false,67.94,268.26,-0.33,,3108.96,,false,0
aa7d36,N775SM  ,United States,1778033939,1778033939,-100.426,25.6001,6118.86,false,181.88,65.61,-8.78,,6492.24,,false,0
ad1a4e,SWA709  ,United States,1778033939,1778033939,-90.711,42.7054,9243.06,false,259.65,86.93,-13.98,,9197.34,2664,false,0
c07506,CGSIF   ,Canada,1778033888,1778033888,-113.8583,50.533,1097.28,false,32.72,106.44,-3.9,,1158.24,,false,0
c82834,ANZ188  ,New Zealand,1778033939,1778033939,156.1729,-29.0656,10591.8,false,275.08,119.59,3.9,,11049.0,,false,0
c82835,ANZ113M ,New Zealand,1778033939,1778033939,175.4058,-38.8344,6088.38,false,144.88,168.53,0.0,,6324.6,,false,0
c82836,ANZ176M ,New Zealand,1778033932,1778033932,174.2056,-41.5918,5181.6,false,136.89,35.36,0.0,,5364.48,,false,0
a9e161,N736AM  ,United States,1778033870,1778033873,-74.3226,43.0025,403.86,false,43.27,118.39,-1.3,,342.9,,false,0
a789f6,AUB128  ,United States,1778033939,1778033939,-85.5043,32.4657,937.26,false,33.47,92.64,0.0,,952.5,,false,0
c82848,ZKRGC   ,New Zealand,1778033888,1778033888,172.5165,-43.2746,228.6,false,43.51,65.56,-2.93,,373.38,,false,0
c08852,POE317  ,Canada,1778033939,1778033939,-110.3015,50.0661,10972.8,false,220.28,268.26,-0.33,,10888.98,,false,0
a08ed4,N135LX  ,United States,1778033884,1778033886,-77.3718,37.5144,304.8,false,50.82,111.37,-1.3,,289.56,,false,0
a2b0ed,UAL8188 ,United States,1778033939,1778033939,-84.8716,35.0079,11582.4,false,193.63,235.72,0.0,,11971.02,3017,false,0
aaba9a,UAL926  ,United States,1778033916,1778033916,-122.3871,37.6218,,true,5.14,118.12,,,,,false,0
7608eb,PIA741  ,Pakistan,1778033879,1778033879,69.731,31.5466,10972.8,false,232.2,230.84,0.0,,11384.28,,false,0
a28812,SKW4031 ,United States,1778033939,1778033939,-120.1881,41.3316,10363.2,false,205.82,348.47,-0.33,,10576.56,1314,false,0
aa360a,WMU75   ,United States,1778033667,1778033668,-85.4033,44.1003,1402.08,false,69.0,357.44,-4.88,,1303.02,,false,0
758768,CEB892  ,Philippines,1778033640,1778033640,121.0135,14.5169,,true,6.94,315.0,,,,,false,0
c060fc,CGKSX   ,Canada,1778033939,1778033939,-123.0285,45.5233,632.46,false,70.26,156.25,-0.98,,624.84,,false,0
acb285,AAL703  ,United States,1778033939,1778033939,-80.0318,39.9002,10668.0,false,219.46,12.18,0.0,,10843.26,3300,false,0
acb27c,UPS1171 ,United States,1778033939,1778033939,-78.2308,39.7377,9753.6,false,218.83,244.52,0.33,,9936.48,7014,false,0
a07bef,RPA4435 ,United States,1778033939,1778033939,-77.4056,38.973,1912.62,false,149.25,88.42,-10.4,,1920.24,6576,false,0
70c149,OMS401  ,Oman,1778033939,1778033939,91.2497,22.3327,3741.42,false,185.44,100.87,-9.1,,3878.58,4763,false,0
758774,CEB635  ,Philippines,1778033939,1778033939,120.9034,14.1418,4358.64,false,189.0,210.05,3.9,,4655.82,,false,0
add257,FFL316  ,United States,1778033939,1778033939,-85.848,36.1968,13716.0,false,249.16,65.87,0.0,,14043.66,5760,false,0
758773,CEB313  ,Philippines,1778033892,1778033892,121.2402,25.0791,,true,1.29,227.81,,,,,false,0
758771,CEB486  ,Philippines,1778033939,1778033939,121.1217,13.9381,3558.54,false,160.52,323.86,-4.88,,3810.0,,false,0
7c5c00,SGI     ,Australia,1778033932,1778033937,115.8742,-32.0984,,true,0.0,334.69,,,,,false,0
a2886c,SWA4613 ,United States,1778033939,1778033939,-107.4756,37.7551,11285.22,false,262.11,42.77,-0.65,,11369.04,,false,0
a33ead,N308SU  ,United States,1778033939,1778033939,-122.8698,45.3333,1478.28,false,42.82,61.28,-5.2,,1485.9,,false,0
a21ed4,ASA306  ,United States,1778033698,1778033698,-102.2555,48.502,10972.8,false,227.39,270.52,0.0,,10713.72,3402,false,0
a3e542,WSN9    ,United States,1778033930,1778033931,-116.4297,36.3149,7315.2,false,144.79,328.51,0.0,,7383.78,6706,false,0
ac0d14,ERU876  ,United States,1778033939,1778033939,-81.0296,29.1389,731.52,false,54.69,258.06,-0.98,,746.76,,false,0
abb7a3,EJA854  ,United States,1778033939,1778033939,-94.7535,39.2832,13106.4,false,190.38,260.51,-0.33,,13243.56,6015,false,0
a33eb5,AAL1862 ,United States,1778033939,1778033939,-111.692,34.9063,10972.8,false,209.96,259.27,0.0,,11079.48,,false,0
abed10,FDX5236 ,United States,1778033939,1778033939,-150.0969,61.3459,975.36,false,94.71,165.21,0.0,,906.78,6754,false,0
c82893,ZKDOY   ,New Zealand,1778033939,1778033939,175.6144,-40.9618,373.38,false,39.56,282.77,0.0,,480.06,,false,0
a0cbff,UPS591  ,United States,1778033938,1778033939,-102.2983,44.2088,10660.38,false,259.51,110.66,0.0,,10492.74,,false,0
7c5c59,SIZ     ,Australia,1778033823,1778033823,145.455,-38.2143,228.6,false,32.54,341.57,-1.63,,274.32,1200,false,0
a32bcb,EDV5326 ,United States,1778033939,1778033939,-75.3885,37.9961,6515.1,false,188.72,210.83,-9.43,,6659.88,1637,false,0
758729,RLB990  ,Philippines,1778033938,1778033938,122.8741,13.7709,4876.8,false,137.36,295.99,0.0,,5219.7,,false,0
a32bba,AAL82   ,United States,1778033939,1778033939,-62.838,47.6365,10058.4,false,262.98,49.2,0.0,,10142.22,5174,false,0
aacd50,UAL1463 ,United States,1778033926,1778033935,-77.4512,38.9443,,true,0.0,295.31,,,,,false,0
aa6a76,EJA770  ,United States,1778033939,1778033939,-102.1032,39.3119,11887.2,false,289.98,76.46,0.0,,11940.54,5320,false,0
a8e6e2,PDT5877 ,United States,1778033939,1778033939,-74.9333,39.7483,3672.84,false,202.41,74.97,-0.33,,3733.8,1572,false,0
7c39f5,QLK221D ,Australia,1778033817,1778033817,151.1828,-33.9312,,true,1.03,348.75,,,,7234,false,0
c073ff,CGRYC   ,Canada,1778033939,1778033939,-117.8142,48.4347,10584.18,false,187.91,326.61,-3.9,,10805.16,2144,false,0
70c125,OMA818  ,Oman,1778033939,1778033939,99.9541,13.9325,6217.92,false,222.44,277.17,6.5,,6583.68,,false,0
7c39f7,QLK4D   ,Australia,1778033939,1778033939,151.1773,-33.9384,,true,10.8,146.25,,,,,false,0
7822bb,CSN5846 ,China,1778033939,1778033939,113.7456,22.8996,1165.86,false,96.26,238.77,-2.6,,1219.2,,false,0
7c39f6,QLK322D ,Australia,1778033939,1778033939,152.3779,-25.2726,4541.52,false,162.3,335.47,-9.1,,4823.46,2566,false,0
70c122,OMA844  ,Oman,1778033939,1778033939,99.876,13.9809,10355.58,false,256.55,274.72,0.0,,11049.0,,false,0
a20bf5,N2308E  ,United States,1778033864,1778033864,-122.5778,47.2841,182.88,false,33.19,161.0,-3.25,,182.88,,false,0
a1ebd6,N22271  ,United States,1778033938,1778033938,-88.051,43.1105,609.6,false,48.43,167.74,3.9,,533.4,,false,0
aaba1b,TCN790  ,United States,1778033939,1778033939,-99.1577,34.2374,14325.6,false,205.21,304.69,0.0,,14668.5,5602,false,0
758707,CEB962  ,Philippines,1778033939,1778033939,120.7296,14.3478,1562.1,false,100.44,60.55,-2.6,,1684.02,,false,0
a81bc4,UPS62   ,United States,1778033911,1778033911,132.693,32.6144,11582.4,false,199.67,240.86,0.0,,12077.7,,false,0
a6322f,N499GT  ,United States,1778033938,1778033939,-83.4137,31.1738,792.48,false,49.73,204.44,-0.33,,815.34,,false,0
781155,CSN313  ,China,1778033863,1778033863,126.3032,37.2296,2857.5,false,144.38,273.88,-7.48,,2964.18,2156,false,0
ac6227,SWA3878 ,United States,1778033939,1778033939,-92.458,36.5164,11887.2,false,300.47,75.32,0.0,,12230.1,,false,0
a4057a,N3584S  ,United States,1778033732,1778033733,-119.2029,35.5122,137.16,false,29.14,132.14,-2.28,,114.3,,false,0
7c146f,QFA645  ,Australia,1778033939,1778033939,139.5328,-34.7831,9144.0,false,227.81,258.54,0.0,,9326.88,3275,false,0
a7b520,EJA596  ,United States,1778033939,1778033939,-96.7556,32.8594,662.94,false,95.44,311.94,-0.33,,586.74,,false,0
abfefd,AAL1387 ,United States,1778033939,1778033939,-89.613,41.9977,10233.66,false,178.67,265.04,13.0,,10226.04,1320,false,0
ac0bde,SWA1872 ,United States,1778033939,1778033939,-92.2863,39.6293,9753.6,false,182.63,299.16,0.0,,9875.52,,false,0
781165,CQH8891 ,China,1778033935,1778033939,112.8839,21.9965,10393.68,false,226.06,241.45,0.33,,11056.62,,false,0
aa7bd6,CKS243  ,United States,1778033939,1778033939,138.2361,35.7575,10058.4,false,307.19,64.51,-0.33,,10454.64,3543,false,0
7c1465,QFA35   ,Australia,1778033939,1778033939,144.8416,-37.6707,,true,0.0,81.56,,,,1417,false,0
a7fbbb,SKW5363 ,United States,1778033939,1778033939,-118.7475,34.7428,7513.32,false,187.28,332.87,16.26,,7589.52,7313,false,0
ac6243,SWA2928 ,United States,1778033939,1778033939,-88.0212,39.9792,12192.0,false,170.15,264.1,0.0,,12367.26,7117,false,0
7c1467,QFA520  ,Australia,1778033702,1778033702,153.1249,-27.3829,,true,4.63,298.12,,,,1443,false,0
a81bcc,SKW5815 ,United States,1778033939,1778033939,-89.5306,34.7979,10668.0,false,291.29,117.33,0.0,,11071.86,1463,false,0
c060b1,PTR2317 ,Canada,1778033939,1778033939,-69.7568,45.5725,7010.4,false,203.25,88.84,0.0,,7078.98,,false,0
a2c56d,ENY3937 ,United States,1778033939,1778033939,-97.7765,35.1707,9753.6,false,226.97,330.24,-0.33,,10043.16,,false,0
a44be5,UPS1321 ,United States,1778033939,1778033939,-85.4397,37.9169,3093.72,false,179.79,310.94,-0.33,,3086.1,0746,false,0
c01f86,MAX250  ,Canada,1778033939,1778033939,-71.3412,46.8276,411.48,false,58.93,225.0,-4.23,,289.56,,false,0
77044d,ALK192  ,Sri Lanka,1778033938,1778033939,79.6612,13.3616,10980.42,false,231.69,172.99,0.33,,11628.12,,false,0
7c6df5,"",Australia,,1778033787,,,,false,172.4,268.46,-9.43,,,,false,0
abebe0,SWA3214 ,United States,1778033939,1778033939,-82.7355,27.8807,7406.64,false,238.19,90.0,-11.05,,7818.12,2527,false,0
a8986c,FFT2697 ,United States,1778033939,1778033939,-90.6202,40.8091,10378.44,false,179.69,259.11,0.0,,10462.26,7464,false,0
a2759b,N258EA  ,United States,1778033939,1778033939,-112.3675,33.2576,1714.5,false,42.55,194.71,1.3,,1722.12,,false,0
a4f26b,LXJ418  ,United States,1778033939,1778033939,-114.6525,36.3084,11887.2,false,234.65,61.02,0.0,,12001.5,2016,false,0
a6a88c,VOI441  ,United States,1778033939,1778033939,-97.3285,17.7312,7871.46,false,196.1,315.96,8.45,,8397.24,,false,0
a4188e,MVK73   ,United States,1778033939,1778033939,-92.6457,43.9517,952.5,false,61.5,107.53,-2.93,,883.92,4120,false,0
7c6dec,QFA777  ,Australia,1778033939,1778033939,141.5019,-37.4099,10972.8,false,206.56,276.43,0.0,,11049.0,3757,false,0
ac0bfb,SWA1421 ,United States,1778033939,1778033939,-112.0112,33.5358,9144.0,false,253.46,341.42,-0.33,,9235.44,,false,0
a7650b,DAL709  ,United States,1778033939,1778033939,-107.8493,38.865,9418.32,false,239.31,247.9,-4.88,,9517.38,4166,false,0
acd88e,DAL1584 ,United States,1778033939,1778033939,-109.8394,32.5597,10972.8,false,192.07,290.38,0.0,,11231.88,2543,false,0
a57edf,N453SP  ,United States,1778033939,1778033939,-150.0164,61.4935,678.18,false,50.04,194.89,0.33,,601.98,1200,false,0
a154ae,EJA185  ,United States,1778033937,1778033938,-77.4557,38.9503,,true,5.4,267.19,,,,,false,0
c01f28,FLE624  ,Canada,1778033939,1778033939,-96.0697,49.4779,11277.6,false,243.31,104.45,0.0,,10980.42,1714,false,0
a3f88e,DAL1287 ,United States,1778033939,1778033939,-114.0205,33.2079,10683.24,false,268.27,99.72,0.0,,10774.68,7202,false,0
48683e,PHYHU   ,Kingdom of the Netherlands,1778033798,1778033798,4.773,52.3099,,true,0.0,182.81,,,,,false,0
a6eed5,GJS4391 ,United States,1778033756,1778033764,-84.2587,39.8884,434.34,false,66.8,54.72,-2.93,,358.14,3155,false,0
a76546,LXJ576  ,United States,1778033939,1778033939,-96.4371,33.1959,2125.98,false,137.57,232.44,-8.13,,2125.98,,false,0
758792,CEB793  ,Philippines,1778033939,1778033939,121.6815,13.9917,6416.04,false,203.72,134.39,8.78,,6896.1,,false,0
a4f239,DAL56   ,United States,1778033939,1778033939,-93.8386,47.4021,10820.4,false,265.52,72.41,6.83,,10515.6,,false,0
a3828a,SKW4163 ,United States,1778033918,1778033918,-86.6782,36.134,,true,10.29,16.88,,,,2564,false,0
7586df,RPC2269 ,Philippines,1778033939,1778033939,121.0767,14.3373,274.32,false,53.29,300.77,-0.65,,297.18,,false,0
88084c,AIQ252  ,Thailand,1778033939,1778033939,96.7317,16.0016,8313.42,false,234.81,122.02,5.53,,8839.2,,false,0
a154e6,SKW3292 ,United States,1778033939,1778033939,-114.363,32.7635,10972.8,false,268.85,87.26,1.3,,11102.34,6725,false,0
880859,AIQ3511 ,Thailand,1778033913,1778033913,102.5495,15.9561,10363.2,false,206.6,221.67,0.0,,11033.76,,false,0
a06a5a,DAL2218 ,United States,1778033939,1778033939,-118.9318,35.0652,11163.3,false,208.08,342.15,4.88,,11292.84,7356,false,0
acb0d7,N917BT  ,United States,1778033939,1778033939,-73.6829,42.9881,7924.8,false,135.86,268.48,0.0,,7993.38,,false,0
c06179,POE225  ,Canada,1778033939,1778033940,-89.1789,48.4006,762.0,false,65.48,280.87,-3.25,,670.56,,false,0
c06175,POE285  ,Canada,1778033938,1778033938,-101.0838,51.6366,11582.4,false,236.49,281.16,-0.33,,11315.7,,false,0
a657ac,N508AD  ,United States,1778033939,1778033940,-122.6097,45.7449,891.54,false,37.84,262.97,-1.63,,883.92,,false,0
a417c9,DAL2246 ,United States,1778033939,1778033939,-110.7943,38.4762,9753.6,false,244.25,228.76,0.0,,9845.04,2444,false,0
a657b9,ASA45   ,United States,1778033936,1778033937,-149.9841,61.1747,91.44,true,0.0,84.38,,,,,false,0
a68d02,DAL740  ,United States,1778033939,1778033939,-121.1105,47.9712,5882.64,false,165.37,280.58,-5.2,,6050.28,2653,false,0
880843,AIQ4104 ,Thailand,1778033933,1778033933,99.937,15.5313,10363.2,false,235.57,341.01,0.0,,11071.86,,false,0
880841,"",Thailand,1778033633,1778033644,101.3372,19.2694,10675.62,false,232.63,12.78,-0.65,,11391.9,,false,0
a777b8,UPS224  ,United States,1778033939,1778033939,-85.7759,38.269,731.52,false,75.99,165.49,-4.23,,655.32,0727,false,0
c827f0,ANZ142  ,New Zealand,1778033938,1778033939,172.5352,-36.1978,8839.2,false,235.15,119.2,0.0,,9204.96,,false,0
c827f1,ANZ774M ,New Zealand,1778033938,1778033939,174.3159,-41.4828,5791.2,false,136.82,40.58,0.33,,5989.32,,false,0
ac8819,N9062E  ,United States,1778033939,1778033940,-122.0697,47.2161,457.2,false,48.11,228.47,-0.65,,441.96,,false,0
7586cf,CEB617  ,Philippines,1778033939,1778033939,122.48,12.9788,10043.16,false,246.23,143.75,5.2,,10782.3,,false,0
7586ce,CEB5054 ,Philippines,1778033938,1778033939,138.082,32.7968,11620.5,false,280.48,42.03,-2.6,,12153.9,2734,false,0
a3e4d2,N350AE  ,United States,1778033697,1778033697,-117.8654,33.6812,15.24,false,51.78,207.84,-2.28,,7.62,,false,0
c06193,POE485  ,Canada,1778033939,1778033939,-100.0195,50.6071,12192.0,false,232.07,282.16,0.0,,11948.16,2275,false,0
7586d7,CEB149  ,Philippines,1778033938,1778033939,114.2492,22.0762,4198.62,false,195.35,122.85,4.55,,4427.22,,false,0
ab6851,DAL707  ,United States,1778033939,1778033939,-94.6229,41.1988,10972.8,false,179.81,260.78,0.0,,10949.94,5327,true,0
a06a54,DAL1491 ,United States,1778033939,1778033939,-84.3809,33.6318,480.06,false,64.31,270.46,-3.25,,472.44,2453,false,0
a18a1e,N199FG  ,United States,1778033939,1778033939,-93.6661,41.2315,11574.78,false,177.3,261.66,-0.33,,11590.02,5757,false,0
781100,CES552  ,China,1778033939,1778033939,81.9179,57.053,10058.4,false,267.95,120.45,0.0,,10043.16,,false,0
a31a57,UAL153  ,United States,1778033938,1778033938,113.9037,22.3266,,true,5.66,227.81,,,,,false,0
7c6de9,QFA735  ,Australia,1778033939,1778033939,139.1053,-34.7838,2560.32,false,137.39,268.71,-6.83,,2674.62,4272,false,0
7586a7,008     ,Philippines,1778033939,1778033939,120.2773,14.5513,3291.84,false,125.85,16.14,-16.26,,3474.72,,false,0
7c6ddf,QFA593  ,Australia,1778033939,1778033939,151.2957,-31.6474,10972.8,false,226.41,201.32,0.0,,11300.46,,false,0
7c6ddd,QFA121  ,Australia,1778033661,1778033661,168.3884,-45.1545,2095.5,false,115.82,61.04,-5.85,,2316.48,,false,0
7c6ddc,QFA616  ,Australia,1778033934,1778033934,144.8493,-37.6675,,true,0.0,81.56,,,,,false,0
7c6dd5,QFA614  ,Australia,1778033939,1778033939,149.8295,-32.2801,11887.2,false,239.39,35.47,0.0,,12176.76,7072,false,0
a6dbf3,DAL863  ,United States,1778033939,1778033939,-98.1818,44.5402,10965.18,false,208.55,259.05,0.0,,10774.68,4352,false,0
7586b7,WC430   ,Philippines,1778033847,1778033848,121.1383,13.8199,617.22,false,31.38,90.0,-1.3,,647.7,,false,0
a7525a,N571CH  ,United States,1778033879,1778033879,-80.1423,26.3467,205.74,false,64.4,44.03,-3.58,,220.98,7502,false,0
846bd8,ANA793  ,Japan,1778033939,1778033939,139.5913,35.4724,3733.8,false,142.6,279.97,13.66,,3909.06,3357,false,0
a7a25f,DAL1885 ,United States,1778033939,1778033939,-86.8005,34.3632,10363.2,false,205.03,332.34,0.0,,10751.82,1074,false,0
c06167,POE375  ,Canada,1778033939,1778033940,-112.6215,51.1893,10972.8,false,236.19,259.2,0.0,,10980.42,1070,false,0
781123,CSN3078 ,China,1778033843,1778033844,113.9157,22.8132,3672.84,false,137.85,21.68,-5.2,,3870.96,,false,0
a0ba4e,EDV5489 ,United States,1778033939,1778033939,-78.093,44.111,10668.0,false,273.98,68.06,0.65,,10675.62,3635,false,0
a1ed77,N223PM  ,United States,1778033939,1778033939,-79.9527,37.3173,617.22,false,37.94,130.6,1.3,,594.36,,false,0
a44d3f,DAL2698 ,United States,1778033939,1778033939,-120.5262,45.4241,11887.2,false,253.93,143.15,-0.33,,12138.66,,false,0
78111f,CSN3820 ,China,1778033783,1778033785,113.4179,23.3466,2560.32,false,144.73,193.99,-6.83,,2682.24,,false,0
ae182b,G26883  ,United States,1778033924,1778033927,-76.2918,39.3979,91.44,false,17.01,176.53,-1.95,,60.96,6757,false,0
a3f7b8,DAL2932 ,United States,1778033939,1778033940,-85.3759,40.5937,10668.0,false,278.22,127.34,0.0,,10797.54,2613,false,0
7609b0,ABQ413  ,Pakistan,1778033707,1778033707,72.6865,30.0494,10652.76,false,246.59,55.28,-6.5,,11239.5,,false,0
7c6dba,QFA621  ,Australia,1778033939,1778033939,148.3442,-33.0463,11582.4,false,220.54,226.7,0.0,,11841.48,1142,false,0
c06156,WJA831  ,Canada,1778033939,1778033939,-99.528,52.2915,12192.0,false,237.43,267.27,0.0,,11940.54,,false,0
84bbbd,APJ281  ,Japan,1778033939,1778033939,127.303,26.3215,2362.2,false,120.26,168.4,-2.93,,2522.22,,false,0
84ceef,JJP153  ,Japan,1778033939,1778033939,140.8486,41.0293,10660.38,false,242.23,20.51,0.33,,10873.74,2216,false,0
7c6db6,QFA737  ,Australia,1778033939,1778033939,151.1907,-34.2288,2880.36,false,145.92,241.81,15.93,,2979.42,4060,false,0
7c6db5,QFA527  ,Australia,1778033939,1778033939,153.1128,-27.4121,198.12,false,86.28,207.33,10.08,,274.32,1131,false,0
7c6db0,QFA441  ,Australia,1778033939,1778033939,150.7636,-34.5742,6537.96,false,211.3,231.62,10.73,,6728.46,7171,false,0
a7a257,JIA5616 ,United States,1778033938,1778033939,-97.0265,32.8217,571.5,false,75.63,0.39,-2.93,,502.92,3007,false,0
ac6204,SWA1319 ,United States,1778033939,1778033939,-85.1904,37.8997,3086.1,false,155.04,344.21,-2.28,,3093.72,2155,false,0
ac0bb9,SWA2102 ,United States,1778033939,1778033939,-102.2231,39.7088,9593.58,false,257.57,92.98,5.53,,9601.2,2714,false,0
acd837,N927AM  ,United States,1778033939,1778033939,-85.3706,31.2187,213.36,false,46.27,8.31,-1.3,,220.98,,false,0
4baa43,THY3AB  ,Turkey,1778033939,1778033939,24.2526,42.4254,10050.78,false,245.0,161.26,0.0,,10203.18,6274,false,0
4baa41,THY7CE  ,Turkey,1778033939,1778033939,30.3908,37.2593,5402.58,false,207.35,134.6,-10.73,,5494.02,6013,false,0
c07676,WJA235  ,Canada,1778033939,1778033939,-98.6089,50.0678,7627.62,false,216.31,277.38,9.75,,7330.44,1137,false,0
7810bc,CCA710  ,China,1778033883,1778033883,125.1168,37.3949,8412.48,false,212.01,268.61,0.0,,8686.8,,false,0
a08fc3,N135WL  ,United States,1778033883,1778033883,-79.9006,37.2236,693.42,false,54.35,107.06,3.25,,655.32,,false,0
a5aa47,UPS1273 ,United States,1778033939,1778033939,-77.549,37.9124,9448.8,false,243.88,32.68,0.0,,9677.4,0567,false,0
ab42e6,N8246E  ,United States,1778033907,1778033909,-117.6287,33.9759,213.36,false,32.93,269.1,-3.25,,190.5,,false,0
7810d7,CQH7286 ,China,1778033939,1778033939,102.5451,14.403,8183.88,false,236.13,61.93,6.5,,8724.9,,false,0
abdb35,AAL1425 ,United States,1778033939,1778033939,-80.0824,37.8468,11887.2,false,268.26,85.71,0.0,,12169.14,2007,false,0
4baa48,THY1TC  ,Turkey,1778033939,1778033939,30.6822,36.9905,3352.8,false,156.32,184.34,-5.2,,3406.14,4501,false,0
4baa49,THY1LK  ,Turkey,1778033939,1778033939,21.9834,47.5486,10066.02,false,236.94,147.86,0.0,,10195.56,6023,false,0
4baa46,THY9DM  ,Turkey,1778033939,1778033939,30.7702,36.736,944.88,false,93.68,6.31,-3.25,,982.98,6037,false,0
aa22e6,EJA752  ,United States,1778033939,1778033939,-75.3416,42.2771,7254.24,false,215.4,108.95,-10.08,,7330.44,5757,false,0
ac62cc,SWA2566 ,United States,1778033939,1778033939,-90.6413,39.5837,11277.6,false,297.11,84.63,0.0,,11445.24,1076,false,0
4baa4d,THY5KC  ,Turkey,1778033938,1778033939,29.3539,38.2969,10035.54,false,246.59,151.19,-3.25,,10157.46,6272,false,0
a897e4,PDT6064 ,United States,1778033939,1778033939,-80.9703,34.6409,3040.38,false,189.61,185.29,0.33,,3139.44,3325,false,0
758806,CEB5109 ,Philippines,1778033938,1778033939,127.0261,26.6206,10363.2,false,204.62,212.89,0.33,,10965.18,,false,0
a4f1e5,AAL1268 ,United States,1778033756,1778033835,-118.3812,33.9375,19720.56,true,73.06,263.13,-4.23,,,2301,false,0
a7a1b1,LXJ591  ,United States,1778033675,1778033675,-82.4506,40.8642,784.86,false,82.99,227.01,-2.28,,838.2,1372,false,0
aa7e7b,UAL360  ,United States,1778033939,1778033939,-105.1417,40.809,7909.56,false,185.27,308.46,9.43,,7894.32,3524,false,0
aa7e7a,UAL1603 ,United States,1778033939,1778033939,-121.8161,37.4671,2491.74,false,134.77,219.89,-6.18,,2522.22,6701,false,0
c0502e,"",Canada,1778033939,1778033939,-108.5495,35.1494,11277.6,false,232.97,150.21,0.0,,,,false,0
c0635b,PTR2948 ,Canada,1778033939,1778033939,-78.1693,43.7501,4991.1,false,140.48,253.62,-7.15,,4960.62,3406,false,0
a44d85,DAL1671 ,United States,1778033776,1778033779,-111.9815,40.7854,,true,0.0,354.38,,,,1531,false,0
a7c7fb,N600HN  ,United States,1778033678,1778033678,-80.0008,39.6326,,true,0.06,182.81,,,,,false,0
c06357,PTR2499 ,Canada,1778033939,1778033939,-64.2698,44.9451,4274.82,false,189.43,87.98,-9.43,,4389.12,1032,false,0
7cad4a,VOZ841  ,Australia,1778033932,1778033937,144.8473,-37.6706,,true,0.0,171.56,,,,4343,false,0
c0501e,ROU2029 ,Canada,1778033939,1778033939,-115.2052,50.9744,7284.72,false,205.39,255.2,9.1,,7360.92,,false,0
7c4a53,JST858  ,Australia,1778033939,1778033939,135.3306,-35.1686,10363.2,false,216.07,266.04,0.0,,10538.46,4667,false,0
a31a73,UAL61   ,United States,1778033853,1778033853,155.2836,-33.7767,10668.0,false,259.46,50.47,0.33,,10934.7,1270,false,0
7c4a50,JST567  ,Australia,1778033939,1778033939,152.9899,-27.7851,4396.74,false,182.49,213.73,15.61,,4625.34,1202,false,0
ac62f3,SWA4439 ,United States,1778033939,1778033939,-70.9646,42.4484,510.54,false,70.46,199.63,-2.93,,464.82,1132,false,0
7c4a56,JST499  ,Australia,1778033939,1778033939,147.9972,-29.9842,9753.6,false,213.34,241.95,0.0,,10104.12,,false,0
aa7e74,UAL2142 ,United States,1778033939,1778033939,-103.2242,39.5909,10972.8,false,200.05,275.61,0.0,,11003.28,,false,0
aa6b43,RPA3445 ,United States,1778033936,1778033936,-77.4562,38.9371,,true,2.31,154.69,,,,,false,0
7c4a55,JST633  ,Australia,1778033939,1778033939,152.1408,-28.902,9144.0,false,231.86,214.15,8.78,,9555.48,1147,false,0
a2d92a,ASA99   ,United States,1778033938,1778033939,-140.7657,58.8782,10363.2,false,219.51,301.19,0.0,,10180.32,,false,0
a07cd8,SKW5397 ,United States,1778033938,1778033938,-87.9206,41.9674,,true,9.26,270.0,,,,7323,false,0
a3d1b1,UPS2462 ,United States,1778033939,1778033939,-120.6109,35.8266,10363.2,false,267.02,278.75,0.0,,10515.6,7216,false,0
a3e4e0,AUB1350 ,United States,1778033939,1778033939,-85.3652,32.6229,853.44,false,63.62,72.59,0.0,,853.44,,false,0
a07ccb,N130SK  ,United States,1778033939,1778033939,-118.1114,33.8707,167.64,false,41.39,57.69,0.65,,129.54,,false,0
a0232a,RPA4663 ,United States,1778033935,1778033935,-77.043,38.8565,,true,0.0,140.62,,,,,false,0
70c0fd,OMA102  ,Oman,1778033932,1778033939,51.257,22.2205,11887.2,false,263.55,103.09,-0.33,,12565.38,5234,false,0
a26308,N253EA  ,United States,1778033939,1778033939,-112.3716,33.2971,1714.5,false,39.21,199.15,0.0,,1714.5,,false,0
add2b6,AAL1585 ,United States,1778033939,1778033939,-89.5377,36.1359,11887.2,false,292.76,89.09,0.0,,12260.58,,false,0
add2b5,DAL2959 ,United States,1778033939,1778033939,-90.1017,35.0534,9144.0,false,190.7,291.03,0.0,,9486.9,1177,false,0
acc5fb,DAL412  ,United States,1778033939,1778033939,-96.6008,42.1211,10363.2,false,186.4,262.23,0.33,,10279.38,7472,false,0
a19cc7,JBU528  ,United States,1778033939,1778033939,-76.1843,36.0312,10073.64,false,223.07,19.4,0.0,,10363.2,,false,0
a67a16,N5160E  ,United States,1778033939,1778033939,-120.9975,44.1859,1927.86,false,43.68,302.01,0.33,,1950.72,,false,0
4baa63,THY218  ,Turkey,1778033939,1778033939,25.9362,42.8155,10066.02,false,250.77,153.43,0.0,,10203.18,6274,false,0
4baa61,THY7NK  ,Turkey,1778033940,1778033940,24.6602,44.5207,10668.0,false,242.85,151.53,0.0,,10789.92,6254,false,0
aa7e3a,SWA4636 ,United States,1778033933,1778033935,-92.2911,31.2414,9144.0,false,198.81,247.48,0.0,,9585.96,7135,false,0
3a3480,ACI143  ,France,1778033930,1778033930,151.1663,-33.9389,,true,0.0,253.12,,,,,false,0
a27614,JSX323  ,United States,1778033939,1778033939,-115.1614,36.0816,,true,5.4,270.0,,,,5630,false,0
c82726,ANZ802M ,New Zealand,1778033923,1778033932,173.6857,-42.1365,5791.2,false,133.48,35.59,-0.33,,5981.7,,false,0
c82727,ANZ812M ,New Zealand,1778033939,1778033939,175.0339,-38.9953,5783.58,false,129.76,5.69,-0.33,,6019.8,,false,0
400773,BAW172  ,United Kingdom,1778033939,1778033939,-68.2081,43.9016,10668.0,false,253.39,58.96,0.0,,10774.68,1142,false,0
4baa6a,THY3ET  ,Turkey,1778033939,1778033940,28.1708,39.9565,10675.62,false,246.94,150.55,0.0,,10797.54,6036,false,0
440b90,TAY1ST  ,Austria,1778033939,1778033940,3.6561,51.2825,7315.2,false,227.95,289.38,0.0,,7338.06,4406,false,0
a5cfa5,"",United States,1778033938,1778033939,-104.673,39.8574,,true,1.29,303.75,,,,,false,0
3df79e,NHC47   ,Germany,1778033939,1778033939,8.09,53.7792,350.52,false,59.32,136.76,-0.33,,358.14,7745,false,0
7c4a00,FD607   ,Australia,1778033938,1778033938,115.8799,-32.094,,true,0.0,126.56,,,,,false,0
a2d95e,CSB188  ,United States,1778033939,1778033939,-72.3259,41.992,9144.0,false,218.15,259.54,0.0,,9258.3,3502,false,0
a80a8f,UPS64   ,United States,1778033933,1778033938,128.8379,36.3444,9745.98,false,238.14,301.66,0.0,,10043.16,3237,false,0
ab68d0,SKW4129 ,United States,1778033939,1778033939,-84.5276,42.4427,11277.6,false,285.75,116.06,-0.98,,11346.18,2416,false,0
a3962d,DAL2305 ,United States,1778033939,1778033939,-80.7841,37.1426,11582.4,false,201.95,238.86,0.33,,11887.2,3525,false,0
a1435d,SWA3164 ,United States,1778033939,1778033939,-87.9164,29.4636,10652.76,false,200.21,282.46,-4.88,,11254.74,1740,false,0
a53975,AAL917  ,United States,1778033939,1778033939,-79.9796,-7.0505,10058.4,false,252.97,148.22,0.0,,10759.44,,false,0
a80a97,SKW5837 ,United States,1778033881,1778033881,-104.665,39.8601,,true,5.66,160.31,,,,,false,0
ac508b,DAL2402 ,United States,1778033939,1778033939,-75.4586,40.0684,2461.26,false,156.7,93.58,0.0,,2484.12,7425,false,0
c82759,ANZ120  ,New Zealand,1778033939,1778033939,174.4482,-37.0861,937.26,false,126.03,84.85,-6.18,,1097.28,,false,0
440b4c,"",Austria,,1778033937,,,,false,90.83,350.22,-7.8,,,,false,0
a1a63d,SKW6005 ,United States,1778033738,1778033738,-71.4562,41.7541,220.98,false,72.07,141.08,-3.58,,198.12,5633,false,0
a1fff2,ENY3415 ,United States,1778033939,1778033939,-110.5777,33.7507,8999.22,false,281.76,66.43,7.8,,9090.66,,false,0
a93d9f,DAL630  ,United States,1778033939,1778033939,-115.9139,32.7902,11582.4,false,219.71,301.79,0.0,,11727.18,4205,false,0
a6594f,SKW6289 ,United States,1778033939,1778033939,-112.0243,33.4305,609.6,false,71.02,268.34,14.96,,579.12,,false,0
a21fda,N236LX  ,United States,1778033939,1778033939,-98.4032,39.4488,12192.0,false,178.99,254.33,-0.33,,12283.44,1135,false,0
71e276,HLC276  ,Republic of Korea,1778033692,1778033728,126.693,37.1046,251.46,false,51.54,333.95,-0.33,,289.56,1276,false,0
a41941,UPS260  ,United States,1778033939,1778033939,8.9457,49.0923,11285.22,false,239.82,151.84,0.0,,11262.36,2545,false,0
c82761,CFL06   ,New Zealand,1778033809,1778033811,174.7445,-41.3601,190.5,false,58.47,241.63,-1.3,,297.18,,false,0
a1433a,SWA3620 ,United States,1778033939,1778033939,-101.7565,35.9653,12199.62,false,161.88,279.88,0.0,,12473.94,,false,0
4ca907,MSA976P ,Ireland,1778033939,1778033939,12.0834,41.1087,10972.8,false,229.4,342.38,0.0,,11155.68,,false,0
c01fb9,MAL7082 ,Canada,1778033939,1778033939,-75.5547,45.2726,9144.0,false,194.93,250.42,8.45,,9121.14,,false,0
86eb2e,ANA841  ,Japan,1778033918,1778033922,139.7919,35.547,,true,0.9,267.19,,,,,false,0
7cad47,VOZ556  ,Australia,1778033940,1778033940,115.9675,-31.9439,,true,2.83,194.06,,,,3255,false,0
7cad40,VOZ091  ,Australia,1778033909,1778033910,135.7838,-33.3715,10363.2,false,214.07,309.74,0.0,,10561.32,1473,false,0
7cad44,VOZ324  ,Australia,1778033939,1778033939,147.8141,-33.7382,10363.2,false,221.98,220.11,0.0,,10599.42,1034,false,0
7cad42,VOZ609  ,Australia,1778033939,1778033939,152.0282,-24.9292,10972.8,false,202.85,324.5,0.0,,11551.92,2543,false,0
7c01a8,AL2     ,Australia,1778033939,1778033939,149.6328,-33.4077,4267.2,false,120.81,102.79,-0.33,,4427.22,4252,false,0
a8d4ef,UAL1756 ,United States,1778033939,1778033939,-77.4321,39.187,944.88,false,95.17,180.0,0.0,,914.4,1472,false,0
a3f930,UPS5074 ,United States,1778033940,1778033940,-145.3893,61.1126,9753.6,false,224.98,275.91,0.0,,9464.04,,false,0
a1ecfd,RPA5594 ,United States,1778033939,1778033939,-71.2681,42.2194,5532.12,false,169.77,269.65,9.75,,5638.8,,false,0
888096,VJC801  ,Viet Nam,1778033914,1778033939,103.5532,12.1754,10370.82,false,218.1,284.2,-0.33,,11071.86,,false,0
7c5d4c,SPQ     ,Australia,1778033939,1778033939,153.011,-27.5943,312.42,false,48.44,292.48,1.3,,396.24,,false,0
a7b4f2,DAL1037 ,United States,1778033939,1778033939,-81.9853,38.4022,11887.2,false,208.66,354.91,0.0,,12108.18,6231,false,0
aa6b9f,UAL102  ,United States,1778033939,1778033939,-59.4394,45.2394,11277.6,false,258.82,63.43,-0.65,,11414.76,2466,false,0
7c4a31,OXV     ,Australia,1778033938,1778033939,145.1013,-37.9936,60.96,false,36.66,355.17,-2.93,,99.06,3000,false,0
c8276b,ANZ360M ,New Zealand,1778033939,1778033939,173.0863,-42.9424,3939.54,false,108.55,36.33,4.55,,4084.32,,false,0
7c4a32,OXW     ,Australia,1778033939,1778033939,144.8036,-37.1788,982.98,false,82.67,141.06,0.0,,1013.46,,false,0
acd8ac,FDX1362 ,United States,1778033939,1778033939,-83.4689,39.8617,7917.18,false,221.92,314.25,-6.18,,8061.96,2467,false,0
ac62a9,SWA4517 ,United States,1778033937,1778033937,-92.031,37.2335,12192.0,false,184.09,217.73,0.0,,12489.18,,false,0
7c4a0f,FD618   ,Australia,1778033939,1778033939,115.8747,-32.0999,-106.68,false,37.26,54.55,-0.65,,0.0,7212,false,0
7c4a0d,FD619   ,Australia,1778033939,1778033939,121.0666,-30.8759,4625.34,false,96.57,255.82,6.5,,4831.08,,false,0
aace5c,AAL94   ,United States,1778033939,1778033939,-10.1988,41.9417,11887.2,false,258.35,107.86,0.0,,11940.54,3332,false,0
7c4a22,OXG     ,Australia,1778033938,1778033938,145.3442,-38.2935,990.6,false,78.36,103.67,-1.3,,1021.08,1200,false,0
ad2e57,N9488G  ,United States,1778033939,1778033939,-117.2883,33.1141,426.72,false,37.04,189.59,4.23,,411.48,,false,0
c8012e,ZKBVJ   ,New Zealand,1778033936,1778033936,172.1473,-43.3023,335.28,false,45.3,181.95,2.93,,396.24,,false,0
a168ad,FDX1261 ,United States,1778033939,1778033939,-83.5325,29.7411,10980.42,false,207.2,321.45,0.0,,11559.54,1416,false,0
4ca86e,"",Ireland,1778033721,1778033721,-87.8985,41.9733,,true,0.45,146.25,,,,,false,0
abb995,SWA301  ,United States,1778033939,1778033939,-111.5225,33.7431,3345.18,false,115.36,215.75,-6.83,,3375.66,,false,0
ac6335,N898BR  ,United States,1778033939,1778033939,-108.0196,32.5535,3825.24,false,92.06,118.0,8.45,,3901.44,,false,0
a82ffb,N6268D  ,United States,1778033870,1778033872,-122.9694,46.8969,548.64,false,45.34,245.18,-1.63,,548.64,,false,0
a75359,JIA5081 ,United States,1778033939,1778033939,-75.3504,39.6668,3124.2,false,174.04,118.61,3.58,,3169.92,7130,false,0
7c5bfc,SGE     ,Australia,1778033939,1778033939,144.8604,-37.8871,426.72,false,69.76,61.36,-2.28,,457.2,1200,false,0
ac899c,BPX282  ,United States,1778033939,1778033939,-84.2021,33.9942,1668.78,false,62.87,93.28,0.0,,1684.02,,false,0
770592,ALK501  ,Sri Lanka,1778033936,1778033938,49.8275,22.4051,10363.2,false,235.22,280.2,0.0,,10988.04,4700,false,0
acd99a,EJA927  ,United States,1778033939,1778033939,-81.2476,29.9807,7200.9,false,220.59,146.12,7.8,,7513.32,2646,false,0
a44cfd,DAL687  ,United States,1778033939,1778033939,-98.5544,41.3972,10972.8,false,204.59,309.69,-0.33,,10927.08,6004,false,0
ad2ce1,SWA698  ,United States,1778033939,1778033939,-85.7015,38.7451,10279.38,false,210.86,351.16,-5.2,,10485.12,5640,false,0
ac5041,SWA1889 ,United States,1778033711,1778033711,-80.1733,26.077,30.48,false,69.45,90.0,-3.25,,30.48,5553,false,0
a40694,DAL1107 ,United States,1778033939,1778033939,-82.4234,27.7084,11269.98,false,255.61,162.55,0.0,,11871.96,2072,false,0
a8d62c,N669FG  ,United States,1778033939,1778033939,-74.7246,39.8974,1089.66,false,35.56,176.68,0.0,,1066.8,,false,0
a7668a,AAL2056 ,United States,1778033939,1778033939,-109.9265,36.485,10363.2,false,214.27,254.83,0.0,,10447.02,,false,0
4258f1,"",United Kingdom,1778033907,1778033907,-2.2788,53.3554,,true,8.23,137.81,,,,,false,0
a288e4,UAL2479 ,United States,1778033937,1778033937,-104.6832,39.8537,,true,0.0,270.0,,,,4471,true,0
acb361,N9172Y  ,United States,1778033863,1778033863,-118.49,34.2181,259.08,false,34.05,175.67,-2.6,,236.22,,false,0
a07e5e,N1306C  ,United States,1778033939,1778033939,-121.1033,38.9061,1005.84,false,39.88,173.33,3.58,,1005.84,,false,0
78129d,CHH7987 ,China,1778033939,1778033939,121.4769,25.4101,3474.72,false,129.96,229.82,-3.9,,3657.6,,false,0
a418b2,DAL1027 ,United States,1778033939,1778033939,-84.0589,35.0915,7620.0,false,239.72,13.02,0.0,,7894.32,2573,false,0
a20e38,SWA2092 ,United States,1778033939,1778033939,-97.1189,33.6407,6705.6,false,226.99,352.05,0.33,,6934.2,,false,0
ac769b,AAL1897 ,United States,1778033939,1778033939,-96.1863,33.4293,7513.32,false,174.87,242.68,-3.25,,7795.26,3577,false,0
a022c6,DAL848  ,United States,1778033939,1778033939,-110.1651,40.1711,11277.6,false,246.52,126.94,-0.33,,11361.42,6616,false,0
aa3646,RPA3502 ,United States,1778033939,1778033939,-74.2692,40.5382,1866.9,false,133.76,179.34,0.0,,1882.14,3023,false,0
aa2311,SKW4907 ,United States,1778033939,1778033939,-112.1842,33.3749,2331.72,false,139.75,198.9,10.73,,2346.96,,false,0
71e282,HLC282  ,Republic of Korea,1778033906,1778033907,126.7278,37.1082,129.54,false,46.86,351.16,-0.98,,190.5,1272,false,0
c00d44,VN02    ,Canada,1778033641,1778033642,-96.4749,52.5387,6400.8,false,118.41,14.34,0.0,,6156.96,5110,false,0
e482c5,TAM3507 ,Brazil,1778033939,1778033939,-46.6928,-23.4019,1744.98,false,132.53,203.08,-0.33,,1889.76,5242,false,0
c00d51,FLE2626 ,Canada,1778033939,1778033939,-87.4749,35.7306,11582.4,false,205.47,214.29,0.0,,11978.64,5615,false,0
e495df,AZU4212 ,Brazil,1778033895,1778033895,-46.4917,-23.4401,708.66,false,75.54,73.79,-3.58,,807.72,4122,false,0
a5bcda,UPS1327 ,United States,1778033939,1778033939,-83.7372,34.4199,9144.0,false,216.19,338.5,0.0,,9441.18,2627,false,0
a68cdf,N521CH  ,United States,1778033616,1778033904,-84.5228,33.7762,,true,0.0,219.38,,,,2354,false,0
7587fa,CEB040  ,Philippines,1778033939,1778033939,147.495,-30.2124,10972.8,false,216.96,333.98,0.0,,11308.08,1353,false,0
a8c397,FDX1338 ,United States,1778033939,1778033939,-80.1195,36.205,9144.0,false,220.05,258.4,0.0,,9456.42,2456,false,0
a262ae,N253AL  ,United States,1778033940,1778033940,-129.8393,54.0033,7620.0,false,240.63,140.9,0.33,,7741.92,,false,0
a262ad,ASA494  ,United States,1778033939,1778033939,-115.3654,43.9612,10972.8,false,207.28,305.5,0.0,,11125.2,2551,false,0
a3f8f9,N355SJ  ,United States,1778033939,1778033939,-93.8369,32.2044,510.54,false,33.84,70.46,0.0,,441.96,,false,0
aadfa3,N80BF   ,United States,1778033939,1778033939,-80.8974,25.9062,1066.8,false,36.03,136.74,-0.98,,1120.14,,false,0
aa7e16,SWA3962 ,United States,1778033939,1778033939,-120.223,37.25,9037.32,false,207.17,328.4,-11.05,,9204.96,2005,false,0
a68e22,N521RF  ,United States,1778033939,1778033939,-97.2275,31.2084,1303.02,false,57.8,249.15,0.0,,1264.92,,false,0
a0ce68,FDX1230 ,United States,1778033939,1778033939,-111.0562,39.7542,9906.0,false,248.19,121.35,10.08,,9997.44,6020,false,0
abb930,SWA333  ,United States,1778033939,1778033939,-98.7301,41.0456,11277.6,false,285.43,74.64,0.0,,11247.12,1433,false,0
aadfae,N80BS   ,United States,1778033939,1778033939,-93.2165,45.2032,807.72,false,87.17,141.71,-5.53,,746.76,,false,0
c1e589,STF 100 ,Canada,1778033938,1778033939,-123.1926,49.1997,,true,0.06,337.5,,,,,false,0
7c1506,EFS     ,Australia,1778033939,1778033939,149.6945,-33.4316,2385.06,false,84.74,299.05,0.0,,2484.12,4055,false,0
a44e24,DAL1199 ,United States,1778033939,1778033939,-85.1192,38.6857,10843.26,false,209.38,346.65,-2.6,,11064.24,2020,false,0
ac893a,AAL1176 ,United States,1778033939,1778033939,-81.6233,27.726,6233.16,false,218.38,169.96,-8.45,,6537.96,7175,false,0
a44e18,DAL2422 ,United States,1778033939,1778033939,-83.7539,36.3244,10988.04,false,229.01,22.59,3.25,,11323.32,5706,false,0
a9d031,EJA731  ,United States,1778033939,1778033939,-119.637,35.7066,8534.4,false,225.0,320.19,-0.33,,8663.94,2062,false,0
a262a8,CSJ253  ,United States,1778033939,1778033939,-86.2049,34.9632,6096.0,false,124.19,233.08,0.0,,6263.64,4627,false,0
a3e5ea,MVK51   ,United States,1778033842,1778033842,-93.6878,43.8798,1539.24,false,68.57,152.28,0.98,,1440.18,,false,0
872fc9,JA924H  ,Japan,1778033939,1778033940,135.7162,35.3293,7924.8,false,142.97,245.56,0.0,,8221.98,,false,0
a2b2da,ENY3723 ,United States,1778033939,1778033939,-101.7558,31.4396,9144.0,false,188.63,239.52,0.0,,9563.1,2356,false,0
038226,VRE178  ,Côte d'Ivoire,1778033939,1778033939,-7.1667,34.3104,11582.4,false,267.57,26.37,0.0,,11803.38,6454,false,0
aadfe3,N80DV   ,United States,1778033939,1778033939,-85.2083,27.579,13716.0,false,275.82,112.6,0.0,,14325.6,6251,false,0
7c152c,EGU     ,Australia,1778033939,1778033939,115.9964,-32.1226,198.12,false,54.85,110.3,-0.98,,281.94,1200,false,0
ad3fcf,N953AC  ,United States,1778033939,1778033939,-80.5794,25.7168,464.82,false,48.66,160.22,0.33,,472.44,,false,0
0d09d0,AMX026  ,Mexico,1778033939,1778033939,-65.5854,46.8677,12184.38,false,217.17,225.29,0.0,,12192.0,0707,false,0
76d253,TGW447  ,Singapore,1778033691,1778033691,112.8513,4.4436,10972.8,false,243.83,245.71,0.0,,11742.42,,false,0
a32e86,DAL1241 ,United States,1778033939,1778033939,-76.2591,38.7338,7627.62,false,232.1,44.28,0.0,,7802.88,2037,false,0
7c1549,EHN     ,Australia,1778033939,1778033939,152.7811,-27.2578,1775.46,false,92.43,340.15,-0.65,,1905.0,3205,false,0
ad3fd6,ASA314  ,United States,1778033939,1778033939,-122.3166,47.6157,1005.84,false,97.76,180.9,-5.53,,1013.46,2473,false,0
a62092,N494SP  ,United States,1778033939,1778033939,-122.1156,37.4611,,true,6.17,143.44,,,,,false,0
ad9642,ASA1498 ,United States,1778033659,1778033679,-141.3032,59.0218,10668.0,false,246.06,118.33,0.0,,10492.74,7277,false,0
0d09ce,VIV9226 ,Mexico,1778033939,1778033939,-98.4717,19.7009,8389.62,false,239.09,352.71,-7.48,,8991.6,1350,false,0
a7538f,EJA571  ,United States,1778033742,1778033742,-86.6721,36.1205,,true,0.9,30.94,,,,,false,0
a9f64b,ENY3569 ,United States,1778033939,1778033939,-97.1907,32.479,4945.38,false,182.66,178.87,-0.33,,5143.5,,false,0
7587b5,SRQ6129 ,Philippines,1778033939,1778033939,121.9542,14.1844,4572.0,false,126.56,126.4,0.0,,4876.8,,false,0
86796c,"",Japan,,1778033936,,,,false,0.0,59.06,,,,,false,0
0d09de,XAFOF   ,Mexico,1778033886,1778033893,-99.4027,17.2722,3733.8,false,167.1,197.38,-7.48,,3947.16,1355,false,0
abfe42,N872FA  ,United States,1778033937,1778033939,-88.1137,41.5909,579.12,false,55.11,87.32,-3.58,,487.68,,false,0
ad3e36,AAL2320 ,United States,1778033891,1778033891,-97.043,32.901,,true,0.64,165.94,,,,,false,0
a414ea,NDU362  ,United States,1778033774,1778033774,-111.6443,33.2933,487.68,false,29.83,315.0,-0.65,,441.96,,false,0
3d4fe3,EIS03   ,Germany,1778033827,1778033835,13.2291,53.9982,975.36,false,92.84,97.32,0.33,,990.6,,false,0
a69d3a,N525TR  ,United States,1778033939,1778033939,-111.912,33.6227,,true,9.26,42.19,,,,,false,0
abb5bf,SWA4545 ,United States,1778033939,1778033939,-80.6929,33.3894,12496.8,false,219.74,27.46,0.0,,12931.14,3760,false,0
a5cd55,GTI8811 ,United States,1778033678,1778033679,-157.9418,21.3284,,true,3.86,0.0,,,,,false,0
abb5c9,SKW5408 ,United States,1778033939,1778033939,-122.5493,46.9666,4419.6,false,154.13,16.68,-6.83,,4556.76,1361,false,0
aa8e67,N78CH   ,United States,1778033939,1778033939,-95.4666,36.16,11887.2,false,306.68,88.75,-0.33,,12222.48,2427,false,0
abb5c3,SKW4757 ,United States,1778033938,1778033938,-101.5572,40.3639,9631.68,false,244.47,79.33,4.23,,9608.82,6433,false,0
a0a903,UAL712  ,United States,1778033940,1778033940,-81.0215,42.6593,11582.4,false,177.14,272.5,0.0,,11582.4,6047,false,0
c02fe7,ROU2080 ,Canada,1778033939,1778033939,-119.5556,51.1792,10668.0,false,228.93,53.13,0.0,,10881.36,,false,0
ab52be,ERU829  ,United States,1778033939,1778033939,-81.1656,28.8188,731.52,false,53.11,38.31,-0.33,,754.38,,false,0
a2c1b6,ENY4110 ,United States,1778033708,1778033710,-82.5591,35.4744,838.2,false,72.08,160.4,-3.9,,822.96,3175,false,0
a56a56,SWA4348 ,United States,1778033939,1778033939,-119.7874,37.1634,11887.2,false,248.73,173.11,0.0,,12062.46,3233,false,0
c811de,SDA123  ,New Zealand,1778033908,1778033913,174.6338,-41.264,1737.36,false,73.66,245.22,1.3,,1866.9,,false,0
ab52d8,N829FS  ,United States,1778033939,1778033939,-96.7508,40.8519,,true,8.23,5.62,,,,,false,0
ac85ce,DAL2154 ,United States,1778033939,1778033939,-109.4195,32.5355,11887.2,false,281.79,101.37,-0.33,,12184.38,6770,false,0
a271e4,N257EA  ,United States,1778033939,1778033940,-112.535,33.0584,2019.3,false,38.62,228.24,0.0,,2034.54,,false,0
88818d,HVN409  ,Viet Nam,1778033938,1778033939,126.6307,34.4515,11262.36,false,266.46,184.98,-10.73,,11628.12,7106,false,0
a33d68,DAL1703 ,United States,1778033939,1778033939,-74.4038,40.2753,3025.14,false,136.79,44.09,-4.55,,3063.24,3416,false,0
c02fed,ACA125  ,Canada,1778033939,1778033939,-96.5522,50.0905,10972.8,false,234.88,281.75,0.0,,10652.76,,false,0
478e69,DOC     ,Norway,1778033939,1778033939,11.7653,60.1343,624.84,false,64.43,242.41,-0.33,,640.08,,false,0
e4962e,AZU4320 ,Brazil,1778033939,1778033939,-46.2402,-22.4219,6309.36,false,200.02,203.33,-4.88,,6751.32,,false,0
aba2b7,EJA849  ,United States,1778033936,1778033936,-121.9362,37.3632,,true,0.0,230.62,,,,1706,false,0
a05910,SKW5356 ,United States,1778033939,1778033939,-90.2378,35.9276,10668.0,false,284.32,113.46,0.0,,11033.76,5447,false,0
8413d7,SJO752  ,Japan,1778033939,1778033939,137.3153,35.348,3284.22,false,165.11,204.09,0.0,,3413.76,4635,false,0
aa7b10,SWA287  ,United States,1778033940,1778033940,-117.0533,32.6739,6705.6,false,206.7,74.41,13.98,,6728.46,,false,0
abb5e7,SKW5558 ,United States,1778033939,1778033939,-112.8039,33.456,6598.92,false,168.35,282.89,8.78,,6659.88,,false,0
a641c9,N502EG  ,United States,1778033939,1778033939,-88.4835,38.756,12192.0,false,150.81,251.5,0.0,,12428.22,5464,false,0
a03304,N1115U  ,United States,1778033939,1778033939,-122.5812,47.4816,701.04,false,48.33,281.67,1.63,,701.04,,false,0
ac0b74,SWA235  ,United States,1778033939,1778033939,-104.2726,31.6628,11887.2,false,274.38,100.15,0.33,,12367.26,0753,false,0
888139,HVN11   ,Viet Nam,1778033939,1778033939,27.6275,44.05,12192.0,false,244.72,305.76,0.0,,12283.44,5334,false,0
a44a6d,DAL2172 ,United States,1778033830,1778033832,-83.3309,42.224,274.32,false,64.01,208.83,-4.23,,213.36,6374,false,0
49d5ee,        ,Czech Republic,1778033927,1778033938,14.2659,50.1044,,true,0.0,33.75,,,,,false,0
e49699,AZU4477 ,Brazil,1778033939,1778033939,-38.358,-5.964,11582.4,false,217.66,299.29,0.33,,12329.16,,false,0
888129,HVN423  ,Viet Nam,1778033914,1778033921,122.8535,26.6034,12184.38,false,234.25,215.44,0.0,,12755.88,,false,0
ab9b99,N847TX  ,United States,1778033939,1778033940,-85.8283,38.8999,9380.22,false,201.66,324.97,-5.2,,9555.48,2634,false,0
ade2b8,AAL2843 ,United States,1778033939,1778033939,-87.3318,40.4651,10622.28,false,247.85,160.1,7.8,,10728.96,6223,false,0
a57d52,ASA1328 ,United States,1778033939,1778033939,-109.9819,32.4996,11590.02,false,183.14,282.16,-0.33,,11871.96,6315,false,0
c02fd8,ROU2129 ,Canada,1778033939,1778033939,-104.2272,42.0127,10972.8,false,209.59,306.62,0.0,,10888.98,,false,0
ac72f7,TAI558  ,United States,1778033870,1778033870,-99.0006,21.1845,10980.42,false,235.85,301.71,-0.33,,11711.94,,false,0
c01ca9,WEN3562 ,Canada,1778033939,1778033939,-122.6123,49.4944,4472.94,false,136.78,45.0,6.5,,4594.86,,false,0
ac0b96,SWA3315 ,United States,1778033934,1778033934,-104.6748,39.8635,,true,0.0,196.88,,,,,false,0
888152,HVN19   ,Viet Nam,1778033939,1778033939,25.5924,44.8094,12192.0,false,239.45,298.77,0.0,,12245.34,5347,false,0
ac0b7f,UAL2227 ,United States,1778033939,1778033939,-104.6832,39.8554,,true,0.0,270.0,,,,,false,0
a10fb4,N168DC  ,United States,1778033939,1778033939,-83.4855,31.5125,1242.06,false,50.34,348.8,2.6,,1272.54,,false,0
a29908,ASA1425 ,United States,1778033939,1778033939,-119.1251,40.4005,11582.4,false,199.53,25.18,0.0,,11780.52,7224,false,0
a68a04,N520MC  ,United States,1778033570,1778033665,-86.213,33.1869,2590.8,false,142.34,350.64,-9.1,,2583.18,,false,0
a94d94,EJA699  ,United States,1778033939,1778033939,-103.2612,39.0331,9128.76,false,192.61,306.75,-2.93,,9159.24,3575,false,0
a0a96c,UCA4309 ,United States,1778033936,1778033938,-97.3004,26.3061,2247.9,false,140.98,228.11,-7.48,,2316.48,,false,0
a22fe9,N24ZD   ,United States,1778033939,1778033939,113.8879,22.4966,4373.88,false,162.21,9.49,-5.53,,4625.34,,false,0
a81a73,N621FB  ,United States,1778033939,1778033939,-112.0679,33.6383,647.7,false,30.6,73.39,-0.33,,609.6,,false,0
86ec40,ANA1205 ,Japan,1778033939,1778033939,127.93,26.4917,3604.26,false,147.31,201.73,-5.53,,3810.0,,false,0
7cf08c,WORKS34 ,Australia,1778033661,1778033661,144.8466,-37.6652,,true,3.09,180.0,,,,,false,0
7cf091,        ,Australia,1778033691,1778033691,144.8468,-37.6649,,true,3.34,73.12,,,,,false,0
a6b90b,"",United States,1778033934,1778033937,-114.6114,35.0022,1386.84,false,48.87,126.87,-1.3,,1348.74,,false,0
a8e4e9,UAL940  ,United States,1778033898,1778033898,-61.5788,44.46,10668.0,false,241.18,62.01,0.0,,10782.3,,false,0
a10fe8,FDX1210 ,United States,1778033940,1778033940,-82.6157,28.2406,3230.88,false,150.24,332.91,6.83,,3368.04,3713,false,0
a5361b,N435EF  ,United States,1778033936,1778033936,-115.1975,36.2088,,true,0.0,174.38,,,,,false,0
ad937c,STT823  ,United States,1778033939,1778033939,-157.9859,21.1974,640.08,false,107.4,4.95,-4.55,,701.04,,false,0
a03332,UCA4901 ,United States,1778033939,1778033939,-77.6136,38.798,2781.3,false,127.46,206.36,15.28,,2811.78,5663,false,0
a6692d,DAL500  ,United States,1778033940,1778033940,-107.9022,32.0003,10835.64,false,191.41,283.36,4.55,,11178.54,2274,false,0
a4bfc1,FFT2779 ,United States,1778033938,1778033938,-84.4242,33.6438,,true,0.0,0.0,,,,,false,0
7811a3,CCA889  ,China,1778033939,1778033939,116.0744,40.2684,5196.84,false,166.86,240.04,13.33,,5181.6,,false,0
e49608,AZU4225 ,Brazil,1778033939,1778033939,-47.1192,-24.3776,10972.8,false,197.22,199.66,0.0,,11529.06,4147,false,0
7cae61,JTE508  ,Australia,1778033939,1778033939,152.525,-25.7976,7315.2,false,159.13,327.54,0.0,,7726.68,4717,false,0
7cae62,JTE965  ,Australia,1778033939,1778033939,115.9094,-32.1619,1112.52,false,102.79,338.57,-5.2,,1242.06,4335,false,0
a6ed61,UAL1124 ,United States,1778033939,1778033939,-80.7683,26.1127,2057.4,false,149.8,98.49,-2.6,,2156.46,3454,false,0
76d1c7,TGW829  ,Singapore,1778033895,1778033897,121.8705,23.8664,10965.18,false,242.19,196.66,0.0,,11582.4,,false,0
a2e96b,EJA287  ,United States,1778033939,1778033939,-94.3706,35.2227,5486.4,false,187.49,347.64,-13.33,,5638.8,,false,0
aaa8d0,N786WM  ,United States,1778033939,1778033939,-154.4342,59.3288,8534.4,false,115.07,230.26,0.0,,8267.7,5120,false,0
a7d7f3,SKW5628 ,United States,1778033939,1778033939,-119.8069,35.2816,10058.4,false,230.23,162.58,-0.33,,10187.94,3767,false,0
a03399,UCA4916 ,United States,1778033929,1778033929,-77.4555,38.9348,,true,2.31,210.94,,,,,false,0
ac98ac,SWA756  ,United States,1778033939,1778033939,-115.2172,36.0748,1638.3,false,106.04,258.53,18.53,,1592.58,,false,0
a26025,ENY4067 ,United States,1778033939,1778033939,-88.0868,41.5572,4648.2,false,160.0,204.5,11.7,,4610.1,3115,false,0
ac1e0d,HER880  ,United States,1778033939,1778033939,-103.4307,31.479,13731.24,false,188.37,278.64,-1.63,,14157.96,3771,false,0
a0205c,SKW4638 ,United States,1778033939,1778033939,-94.8988,41.2066,9753.6,false,169.2,259.13,0.0,,9738.36,1444,false,0
ac98c1,EDV4900 ,United States,1778033939,1778033939,-84.4288,41.3841,7924.8,false,181.5,273.9,-0.33,,7978.14,1743,false,0
ab9b13,AAL366  ,United States,1778033939,1778033939,-96.3861,29.7945,11582.4,false,191.52,274.78,0.0,,12169.14,7120,false,0
c00a68,CFDYL   ,Canada,1778033939,1778033939,-123.2673,48.4092,304.8,false,85.96,47.91,-0.33,,304.8,,false,0
a6ed7f,UAL1156 ,United States,1778033939,1778033939,-94.1263,41.0345,9753.6,false,185.58,254.73,0.0,,9761.22,3560,false,0
a41632,UAL2069 ,United States,1778033939,1778033939,-89.5084,35.6599,11887.2,false,249.33,31.33,0.0,,12283.44,2575,false,0
a04695,DAL2603 ,United States,1778033939,1778033939,-80.7866,41.5898,8229.6,false,260.4,100.93,0.0,,8321.04,7471,false,0
a03367,N1118N  ,United States,1778033939,1778033939,-111.7941,33.2617,579.12,false,41.95,33.5,0.0,,525.78,,false,0
7811d7,DKH1307 ,China,1778033717,1778033717,113.9318,22.3172,,true,4.12,154.69,,,,,false,0
7811d8,"",China,1778033925,1778033925,113.6451,22.0032,822.96,false,101.19,341.93,-5.2,,861.06,,false,0
7cae42,MB52G   ,Australia,1778033939,1778033939,116.3486,-31.4621,4975.86,false,140.6,218.46,-4.23,,5212.08,4335,false,0
7cae41,8PF     ,Australia,1778033939,1778033939,152.1527,-26.106,9052.56,false,175.82,139.27,-9.75,,9525.0,,false,0
8413fa,JL3550  ,Japan,1778033939,1778033939,132.7484,35.0029,4297.68,false,92.99,208.41,4.88,,4434.84,2047,false,0
abfe12,SKW6225 ,United States,1778033939,1778033939,-100.4529,34.4615,8054.34,false,210.0,306.53,-10.08,,8305.8,,false,0
a29980,FDX1600 ,United States,1778033939,1778033939,-74.1837,40.6663,464.82,false,77.41,188.02,15.61,,411.48,,false,0
7811e2,CSC8702 ,China,1778033937,1778033937,113.6861,22.6151,3230.88,false,152.32,9.53,10.08,,3383.28,,false,0
a34fcc,REH32   ,United States,1778033939,1778033939,-121.6019,37.8151,320.04,false,67.8,311.31,-6.83,,312.42,,false,0
7c5e4f,SWX     ,Australia,1778033718,1778033718,153.4402,-28.0214,121.92,false,59.21,330.32,-4.23,,297.18,,false,0
a6ed6f,"",United States,1778033830,1778033830,-84.5586,35.5195,2468.88,false,58.79,304.66,0.0,,2484.12,,false,0
aacb19,FDX1310 ,United States,1778033939,1778033939,-81.171,38.7024,10363.2,false,209.17,233.3,0.0,,10584.18,3350,false,0
845c8c,IBX69   ,Japan,1778033938,1778033939,132.4673,34.2669,4869.18,false,186.43,256.92,0.0,,5044.44,1717,false,0
a27326,SKW3798 ,United States,1778033767,1778033773,-111.9785,40.7857,,true,0.0,343.12,,,,,false,0
a8e4b9,N672SC  ,United States,1778033666,1778033673,-108.2948,46.4501,13106.4,false,221.47,289.82,-0.33,,13053.06,,false,0
8520c0,"",Japan,1778033938,1778033939,139.3678,34.8387,1150.62,false,94.03,198.83,-3.25,,,1200,false,0
aa7b54,SWA4675 ,United States,1778033939,1778033939,-88.6921,35.4403,10530.84,false,285.26,68.52,-13.66,,10904.22,2740,false,0
abb5a3,ASH6308 ,United States,1778033938,1778033939,-94.2519,36.1626,1120.14,false,92.19,338.73,-4.88,,1059.18,,false,0
aaa96f,SWA423  ,United States,1778033939,1778033939,-110.5129,32.7327,10972.8,false,181.54,277.33,-0.33,,11178.54,2310,false,0
4ca74e,EIN106  ,Ireland,1778033935,1778033935,-66.9175,44.4679,11582.4,false,260.61,48.6,0.0,,11658.6,1563,false,0
e494b3,AZU4302 ,Brazil,1778033822,1778033824,-46.58,-14.7637,11323.32,false,202.34,237.04,-4.55,,12031.98,,false,0
4bcdf2,SXS2ZN  ,Turkey,1778033935,1778033939,22.1713,43.476,10668.0,false,249.4,137.42,0.0,,10858.5,3531,false,0
4bcdf0,SXS2RJ  ,Turkey,1778033940,1778033940,14.1036,50.0773,11277.6,false,218.18,139.4,0.0,,11315.7,7616,false,0
a9afa0,TDY007  ,United States,1778033939,1778033939,-122.5674,47.4933,2065.02,false,101.69,346.24,-6.5,,2118.36,,false,0
a4034e,HPJ358  ,United States,1778033939,1778033939,-79.795,32.9567,12192.0,false,231.15,208.73,0.33,,12656.82,7235,false,0
a27380,SWA2358 ,United States,1778033938,1778033939,-98.6621,30.6853,12192.0,false,187.32,293.47,0.0,,12733.02,3126,false,0
a08e04,N135CP  ,United States,1778033939,1778033939,-82.8844,35.4934,1333.5,false,58.1,249.8,0.0,,1333.5,,false,0
a3d039,DAL1683 ,United States,1778033939,1778033939,-85.055,31.1501,11879.58,false,273.83,132.41,-0.33,,12428.22,2460,false,0
4bcdf9,SXS5TM  ,Turkey,1778033939,1778033940,13.1863,50.3042,11887.2,false,227.75,134.08,0.0,,11887.2,7641,false,0
a89628,WMU65   ,United States,1778033939,1778033939,-84.6951,42.2617,2232.66,false,71.14,169.58,4.55,,2141.22,,false,0
c8135f,ZKEYC   ,New Zealand,1778033939,1778033939,172.3901,-43.4912,304.8,false,49.85,136.25,0.0,,373.38,,false,0
c084a3,ACA430  ,Canada,1778033939,1778033939,-79.6352,43.6941,,true,2.06,303.75,,,,2264,false,0
4bcdef,SXS2CY  ,Turkey,1778033939,1778033939,23.2685,45.2519,10972.8,false,215.33,304.49,0.0,,11117.58,5307,false,0
aaeffe,N8034Z  ,United States,1778033939,1778033939,-119.7599,35.4845,3291.84,false,70.66,132.05,0.0,,3314.7,,false,0
ab400f,DAL3023 ,United States,1778033939,1778033939,-92.5599,35.9772,9144.0,false,233.04,353.41,0.0,,9418.32,2521,false,0
aba30b,UAL1942 ,United States,1778033939,1778033939,-98.848,31.2156,6865.62,false,216.2,133.07,-9.1,,7185.66,3202,false,0
4bcdd2,SXS8SR  ,Turkey,1778033937,1778033939,30.7562,37.6071,8275.32,false,204.2,348.52,12.35,,8374.38,,false,0
ace974,GLG7392 ,United States,1778033939,1778033939,-77.5755,33.639,11277.6,false,207.97,9.25,0.0,,11666.22,,false,0
a2869c,MXY247  ,United States,1778033819,1778033819,-81.4362,40.9129,,true,0.0,2.81,,,,1650,false,0
a2869f,N262CB  ,United States,1778033939,1778033939,-117.4362,33.9495,,true,0.06,258.75,,,,,false,0
a0339f,UCA4919 ,United States,1778033939,1778033939,-97.4614,26.6185,2461.26,false,139.57,221.56,-9.43,,2560.32,,false,0
a5236c,N430DC  ,United States,1778033939,1778033939,-80.6005,39.1276,12496.8,false,226.46,47.39,0.0,,12717.78,5672,false,0
aa8cb2,RPA3483 ,United States,1778033937,1778033937,-77.6624,43.1267,,true,0.0,303.75,,,,1605,false,0
4bcdd5,SXS9WA  ,Turkey,1778033939,1778033939,25.5858,39.4423,11277.6,false,247.25,132.39,0.33,,11445.24,7645,false,0
a2c336,UAL1897 ,United States,1778033939,1778033939,-90.904,42.5517,10363.2,false,190.3,286.33,0.0,,10317.48,3246,false,0
a2c338,UAL685  ,United States,1778033939,1778033939,-88.4831,36.2791,10668.0,false,222.57,28.28,0.0,,10995.66,6076,false,0
4bcde3,SXS4SB  ,Turkey,1778033939,1778033939,24.7466,43.0362,10972.8,false,215.64,298.03,0.0,,11102.34,5337,false,0
0d8500,YV671T  ,Venezuela,1778033921,1778033921,-62.7672,8.2852,121.92,false,39.35,64.44,-1.3,,114.3,,false,0
c00a0d,ACA172  ,Canada,1778033938,1778033938,-79.624,43.682,,true,6.43,317.81,,,,1361,false,0
a6ffee,XFL550  ,United States,1778033939,1778033939,-76.1505,39.2381,4594.86,false,131.21,324.25,0.0,,4686.3,5631,false,0
c00a0b,ACA513  ,Canada,1778033850,1778033931,-110.2662,40.6271,11582.4,false,225.93,223.99,0.0,,11643.36,,false,0
a38019,JBU206  ,United States,1778033939,1778033939,-70.1141,43.4034,7010.4,false,229.04,31.41,0.0,,7109.46,7402,false,0
4bcdce,SXS3FP  ,Turkey,1778033939,1778033940,26.4212,38.8525,11887.2,false,253.59,122.66,0.33,,12031.98,7712,false,0
a0a8c4,N1410E  ,United States,1778033939,1778033939,-81.7814,28.8359,1790.7,false,54.37,330.52,0.0,,1844.04,6312,false,0
abfcda,SWA368  ,United States,1778033939,1778033939,-111.8973,32.8557,11887.2,false,272.5,99.12,0.0,,12100.56,2060,false,0
ade313,N994SD  ,United States,1778033707,1778033707,-117.0242,33.7301,464.82,false,7.0,143.97,0.0,,426.72,,false,0
78008f,"",China,1778033870,1778033873,114.2859,23.8273,4511.04,false,172.65,47.9,0.0,,4770.12,,false,0
a2608a,N252SP  ,United States,1778033653,1778033653,-118.49,34.2183,243.84,false,30.94,176.19,-2.6,,259.08,,false,0
7cf073,HOTEL   ,Australia,1778033055,1778033655,151.1772,-33.9346,,true,2.57,39.38,,,,,false,0
ac733b,DAL2663 ,United States,1778033686,1778033687,-111.9847,40.7897,,true,0.06,174.38,,,,6535,false,0
a5363e,FFT2745 ,United States,1778033939,1778033939,-93.7413,32.1341,10972.8,false,190.63,304.33,0.0,,11483.34,2407,false,0
ace96c,AAL1689 ,United States,1778033939,1778033939,-104.3438,32.0727,10980.42,false,178.05,231.81,0.33,,11384.28,2671,false,0
a4acae,AAL2290 ,United States,1778033939,1778033939,-99.7922,30.7274,9144.0,false,208.8,282.67,0.33,,9585.96,3560,false,0
ad3cdf,JBU1952 ,United States,1778033939,1778033939,-76.5794,36.1963,10066.02,false,225.01,19.22,0.33,,10340.34,3201,false,0
e481d7,GLO1772 ,Brazil,1778033932,1778033932,-40.1356,-5.7943,11887.2,false,246.99,35.68,0.0,,12649.2,,false,0
a64305,SKW6201 ,United States,1778033939,1778033939,-120.5639,36.0092,10668.0,false,231.8,139.77,0.33,,10820.4,1714,false,0
a58fdf,AAL1677 ,United States,1778033939,1778033939,-94.645,29.7744,10965.18,false,201.26,284.36,0.0,,11544.3,,false,0
a7fa94,TWY17   ,United States,1778033939,1778033939,-121.3078,38.4349,601.98,false,109.57,47.09,0.33,,601.98,4251,false,0
4ca782,EIN1AW  ,Ireland,1778033939,1778033939,-61.5786,46.2054,11277.6,false,251.37,59.5,0.0,,11369.04,3447,false,0
a2b060,UAL1790 ,United States,1778033939,1778033939,-95.5499,41.0843,11277.6,false,291.7,80.35,0.0,,11277.6,,false,0
a6ffc3,DAL453  ,United States,1778033939,1778033939,-87.6585,34.3639,10370.82,false,186.94,289.28,0.0,,10805.16,7202,false,0
a51002,UPS495  ,United States,1778033939,1778033939,-88.7586,41.5882,11887.2,false,257.35,151.59,0.0,,11963.4,3452,false,0
acd675,SWA1003 ,United States,1778033850,1778033850,-121.9267,37.3662,,true,0.32,47.81,,,,7227,false,0
ac0a87,N875SP  ,United States,1778033846,1778033847,135.2488,7.7947,7063.74,false,91.5,59.98,3.58,,7597.14,,false,0
a07b3e,AAL1105 ,United States,1778033939,1778033939,-91.7282,33.348,9753.6,false,193.39,264.2,0.0,,10172.7,2005,false,0
a8d365,QXE2005 ,United States,1778033939,1778033939,-116.7392,43.6614,4274.82,false,162.84,283.33,9.75,,4358.64,,false,0
7c5cb1,AJAX04  ,Australia,1778033939,1778033940,138.8407,-33.6702,7429.5,false,154.33,270.19,9.1,,7627.62,,false,0
ac0a6c,N875RM  ,United States,1778033939,1778033939,-77.1158,39.3079,4594.86,false,221.55,63.38,0.0,,4678.68,2425,false,0
a08e82,RPA4689 ,United States,1778033939,1778033939,-77.3572,38.9369,4709.16,false,175.88,335.46,9.43,,4815.84,7013,false,0
7c5caf,BLDK14  ,Australia,1778033923,1778033923,114.5231,-32.401,480.06,false,155.48,357.72,-0.33,,579.12,2020,false,0
a33e2d,N308MR  ,United States,1778033939,1778033939,-96.8277,32.9482,335.28,false,62.15,340.67,-3.58,,266.7,,false,0
a88380,FFT1326 ,United States,1778033915,1778033934,-117.1943,32.7322,,true,0.0,194.06,,,,4625,false,0
a6308e,N49827  ,United States,1778033939,1778033939,-111.2122,32.8939,1737.36,false,53.07,78.25,-0.65,,1676.4,,false,0
7c5ca1,VHSKZ   ,Australia,1778033939,1778033939,144.4824,-37.6178,693.42,false,58.1,106.99,-0.33,,,1200,false,0
acc1eb,ASA1423 ,United States,1778033939,1778033939,-120.2967,46.4866,8389.62,false,195.97,309.25,-9.43,,8610.6,,false,0
ad2a81,N9477L  ,United States,1778033939,1778033939,-85.169,33.6464,662.94,false,39.06,167.06,0.33,,624.84,,false,0
acc1ee,AAL2469 ,United States,1778033939,1778033939,-83.5018,39.3525,11277.6,false,277.86,71.43,0.33,,11475.72,0570,false,0
a07b38,N130AG  ,United States,1778033938,1778033939,-84.9871,32.5346,601.98,false,64.1,341.27,2.93,,594.36,,false,0
abc912,N859D   ,United States,1778033930,1778033935,-90.7106,42.3925,,true,0.0,261.56,,,,,false,0
a33e08,ENY3760 ,United States,1778033938,1778033938,-83.0704,36.3607,4145.28,false,204.23,77.78,-6.5,,4244.34,3466,false,0
a9901b,N715RD  ,United States,1778033890,1778033890,-80.1817,33.3717,944.88,false,131.97,348.08,-4.55,,960.12,,false,0
a99033,SCU38   ,United States,1778033902,1778033939,-96.1786,35.7412,1074.42,false,53.87,298.52,-0.65,,1005.84,,false,0
a0a8df,UAL36   ,United States,1778033937,1778033939,-60.7444,46.9216,10668.0,false,258.6,55.05,0.0,,10751.82,2716,false,0
781347,CCA851  ,China,1778033939,1778033939,45.6728,61.7145,11582.4,false,224.87,264.35,0.0,,11422.38,,false,0
781344,CCA875  ,China,1778033939,1778033939,30.5468,55.5292,11582.4,false,217.12,255.17,0.0,,11498.58,6270,false,0
a0cb68,AAL3273 ,United States,1778033890,1778033917,-97.0456,32.904,,true,0.0,78.75,,,,,false,0
ad0919,SWA1756 ,United States,1778033939,1778033939,-101.5409,37.1515,11887.2,false,265.79,117.81,0.0,,12077.7,1434,false,0
846def,NCA134  ,Japan,1778033938,1778033939,-100.9985,48.0711,10675.62,false,264.1,134.53,0.0,,10401.3,,false,0
ac2fa4,SWA813  ,United States,1778033895,1778033895,-86.6683,36.1287,,true,0.19,137.81,,,,,false,0
c07223,CAV586  ,Canada,1778033939,1778033939,-96.5847,49.7443,2979.42,false,127.15,275.57,-6.18,,2834.64,5131,false,0
a07b8f,DAL724  ,United States,1778033939,1778033939,-74.7295,40.0397,3451.86,false,170.43,47.69,-7.15,,3512.82,1615,false,0
4851ae,KLM204  ,Kingdom of the Netherlands,1778033939,1778033939,-10.928,54.5719,12192.0,false,258.2,101.96,-0.33,,12092.94,,false,0
ade1e9,N994EF  ,United States,1778033939,1778033939,-117.0727,47.7951,2156.46,false,87.09,58.28,-0.33,,2171.7,4677,false,0
02a261,TAR814  ,Tunisia,1778033924,1778033925,24.1567,34.2951,10972.8,false,209.57,289.5,0.0,,11239.5,,false,0
840142,CKSTR9  ,Japan,1778033884,1778033939,139.8168,35.5359,-60.96,false,8.75,258.75,,,53.34,2266,false,0
02a262,TAR706  ,Tunisia,1778033939,1778033939,-5.5396,33.9772,9433.56,false,256.48,73.09,5.85,,9692.64,6442,false,0
a272b8,ENY3977 ,United States,1778033897,1778033897,-85.1959,35.0542,304.8,false,58.93,196.22,-3.58,,266.7,6502,false,0
4851b0,KLM810  ,Kingdom of the Netherlands,1778031710,1778033708,42.7773,41.9957,9745.98,false,254.33,246.39,-0.65,,9768.84,5306,false,0
a5106e,RPA4520 ,United States,1778033939,1778033939,-82.8281,39.6098,7315.2,false,195.71,288.86,0.33,,7444.74,2443,false,0
4851b1,KLM808  ,Kingdom of the Netherlands,1778033939,1778033939,39.7177,41.0057,11582.4,false,247.22,277.89,0.0,,11605.26,2621,false,0
7c164d,EOV     ,Australia,1778033938,1778033939,153.0246,-27.5672,274.32,false,47.4,356.89,5.2,,350.52,,false,0
7cacb1,JTE103  ,Australia,1778033745,1778033939,115.963,-31.9475,-121.92,true,10.29,329.06,,,,4320,false,0
ac2fc3,SWA2663 ,United States,1778033939,1778033939,-79.2548,34.4072,11277.6,false,225.16,33.25,0.0,,11666.22,2164,false,0
aa466f,SKW6223 ,United States,1778033939,1778033939,-96.0159,33.7053,8054.34,false,171.19,222.08,-8.45,,8359.14,,false,0
c07243,CGRHA   ,Canada,1778033938,1778033938,-114.5298,51.6385,1943.1,false,57.7,211.14,-0.33,,1950.72,,false,0
a8f971,N678AA  ,United States,1778033939,1778033939,-84.552,33.3342,403.86,false,45.25,49.61,-3.25,,388.62,,false,0
abb624,SWA1915 ,United States,1778033897,1778033897,-104.6949,39.852,,true,1.29,270.0,,,,1027,false,0
a298ff,N267AA  ,United States,1778033936,1778033936,-83.6234,32.6792,213.36,false,49.56,311.63,-2.93,,198.12,5114,false,0
a1a2a2,UAL5    ,United States,1778033939,1778033939,-92.0974,36.2528,10934.7,false,243.34,3.76,8.78,,11269.98,,false,0
781384,CXA827  ,China,1778033939,1778033939,120.8388,14.4085,1036.32,false,81.75,61.02,-4.23,,1127.76,,false,0
e49527,GLO1796 ,Brazil,,1778033938,,,,false,203.72,199.62,0.0,,,,false,0
ac0c41,SWA2503 ,United States,1778033634,1778033634,-157.9159,21.3219,,true,38.07,53.44,,,,3664,false,0
a57e89,LBQ825  ,United States,1778033807,1778033807,-80.6956,35.4465,449.58,false,90.06,221.06,-2.6,,655.32,5617,false,0
a895b0,PDT5840 ,United States,1778033939,1778033939,-80.8808,35.0947,1912.62,false,126.5,110.72,10.4,,1958.34,,false,0
a5bb1b,ASA1324 ,United States,1778033938,1778033938,-111.2091,30.5916,10972.8,false,199.01,293.78,0.0,,11285.22,,false,0
e49523,GLO1240 ,Brazil,1778033407,1778033938,-49.0488,-26.9558,10972.8,false,202.47,213.29,0.0,,11521.44,3346,false,0
aa7c64,JBU675  ,United States,1778033904,1778033922,-73.7724,40.646,,true,0.0,165.94,,,,,false,0
341699,SWT1KR  ,Spain,1778033939,1778033939,7.6518,51.0695,3177.54,false,113.26,70.08,4.23,,3139.44,6436,false,0
706131,JZR532  ,Kuwait,1778033939,1778033939,85.1086,22.8986,10370.82,false,207.54,274.83,0.0,,10911.84,4757,false,0
a7d8bf,N6042F  ,United States,1778033938,1778033938,-80.6328,26.2937,1211.58,false,63.89,127.15,-0.33,,1242.06,0033,false,0
a392f2,JBU2768 ,United States,1778033939,1778033939,-76.8633,40.7586,12192.0,false,181.21,280.8,0.0,,12321.54,1560,false,0
aa8f79,N78PG   ,United States,1778033936,1778033938,-88.2137,32.072,8237.22,false,171.07,97.08,0.0,,8625.84,0564,false,0
aa7c3c,N775GM  ,United States,1778033939,1778033939,-83.1836,38.2655,12496.8,false,265.58,57.42,0.0,,12778.74,4010,false,0
7cf0b4,BLACK17 ,Australia,1778033738,1778033738,144.8443,-37.6674,,true,4.37,227.81,,,,,false,0
3c1bad,BCS6GA  ,Germany,1778033939,1778033939,8.8894,45.5688,3116.58,false,146.74,170.11,-7.48,,3162.3,1000,false,0
a8c08e,NDU663  ,United States,1778033939,1778033939,-111.7243,33.1869,1196.34,false,41.01,199.8,2.93,,1173.48,,false,0
424509,PEX28F  ,United Kingdom,1778033939,1778033939,-111.3149,41.0923,13106.4,false,237.96,210.39,0.33,,13167.36,,false,0
4bce45,SXS6XT  ,Turkey,1778033618,1778033939,27.6486,43.1158,10972.8,false,218.29,310.22,0.0,,11064.24,3266,false,0
a1a2e0,SWA1962 ,United States,1778033939,1778033939,-96.1956,34.7455,12496.8,false,263.69,132.15,0.0,,12885.42,,false,0
aa8f5c,N78NC   ,United States,1778033939,1778033939,-85.671,38.1025,457.2,false,74.12,346.35,0.0,,381.0,0126,false,0
e4950b,PPLHG   ,Brazil,1778033351,1778033756,-49.1947,-25.4238,9966.96,false,201.56,142.78,-12.35,,10294.62,,false,0
aa46cb,ENY3690 ,United States,1778033939,1778033939,-87.4283,41.2309,7010.4,false,184.02,156.09,0.0,,7018.02,1325,false,0
abec4d,SWA1687 ,United States,1778033939,1778033939,-101.8282,34.4374,10972.8,false,185.8,294.37,0.0,,11285.22,,false,0
a69e98,N5255R  ,United States,1778033939,1778033939,-94.6691,38.3907,807.72,false,56.86,118.65,-1.63,,784.86,,false,0
7cf0a2,SILVER 5,Australia,1778033665,1778033665,144.8433,-37.6698,,true,2.06,42.19,,,,,false,0
a535be,AAL2301 ,United States,1778033939,1778033939,-88.827,40.736,10972.8,false,170.67,264.12,0.0,,11094.72,0572,false,0
a5ce0f,UPS753  ,United States,1778033939,1778033939,-95.7807,36.2069,11887.2,false,268.72,28.97,0.0,,12207.24,,false,0
e49564,9408    ,Brazil,1778033936,1778033936,-40.6581,-10.1048,10378.44,false,209.48,200.26,0.0,,11033.76,4262,false,0
ab40f8,DAL202  ,United States,1778033939,1778033939,5.7396,45.3571,11277.6,false,249.91,111.49,0.0,,11285.22,4056,false,0
ac0c8b,SWA3600 ,United States,1778033626,1778033626,-157.9187,21.327,,true,10.29,267.19,,,,,false,0
7c1830,VOZ2502 ,Australia,1778033939,1778033939,116.1161,-31.9366,3627.12,false,149.29,156.44,-7.48,,3802.38,3763,false,0
7c1832,VOZ9236 ,Australia,1778033939,1778033939,116.3645,-29.5957,12192.0,false,221.31,175.73,0.0,,12512.04,3752,false,0
acb0c4,N917AZ  ,United States,1778033830,1778033831,-84.7835,33.3251,365.76,false,27.01,139.64,-1.95,,358.14,,false,0
c01dac,FLE2613 ,Canada,1778033939,1778033939,-88.2649,33.187,11277.6,false,241.9,29.56,0.0,,11772.9,,false,0
e4953d,"",Brazil,,1778033925,,,,false,268.65,37.37,0.0,,,,false,0
a5ce40,SWA2062 ,United States,1778033939,1778033940,-88.8848,41.8013,9525.0,false,166.19,274.62,15.61,,9532.62,3110,false,0
a8c058,LTA663  ,United States,1778033901,1778033902,-85.9073,32.547,1165.86,false,50.41,114.73,-1.95,,1181.1,,false,0
a402ea,N358EA  ,United States,1778033645,1778033648,-112.296,33.5279,,true,2.83,95.62,,,,,false,0
781418,CSH815  ,China,1778033939,1778033939,136.7999,34.4249,11887.2,false,303.22,82.98,-0.33,,12336.78,4430,false,0
781416,CSH885  ,China,,1778033903,,,,false,272.09,208.45,0.0,,,,false,0
a19aaa,ENY4160 ,United States,1778033917,1778033927,-87.8832,41.9658,274.32,false,61.22,270.0,-3.25,,213.36,1644,false,0
7caf37,8V9     ,Australia,1778033939,1778033939,151.204,-33.9557,304.8,false,25.71,70.11,1.63,,373.38,0457,false,0
a26105,N252XM  ,United States,1778033939,1778033939,-122.2874,48.0267,594.36,false,44.76,180.0,-0.98,,594.36,,false,0
e480db,GLO9610 ,Brazil,1778033939,1778033939,-46.6217,-20.2707,12496.8,false,200.99,169.38,0.0,,13159.74,,false,0
a882f8,PDT5823 ,United States,1778033939,1778033939,-79.1238,35.0076,1600.2,false,142.44,94.56,-7.48,,1653.54,3135,false,0
a2d728,YEL82   ,United States,1778033939,1778033939,-87.7704,42.3235,6088.38,false,175.79,262.77,-8.13,,6035.04,5762,false,0
a2d710,SKW3692 ,United States,1778033920,1778033920,-119.4969,45.4175,10668.0,false,243.35,126.14,0.33,,10904.22,,false,0
7caf16,VOZ9488 ,Australia,1778033939,1778033939,116.4428,-31.0382,9144.0,false,175.86,198.59,0.0,,9433.56,7075,false,0
7caf15,VOZ9082 ,Australia,1778033938,1778033939,116.9592,-29.5999,10363.2,false,183.11,196.65,0.0,,10668.0,5062,false,0
7c29da,VOZ687  ,Australia,1778033939,1778033939,136.3077,-36.6657,10972.8,false,197.59,282.48,0.0,,11079.48,4322,false,0
ab79de,AAL2549 ,United States,1778033939,1778033939,-81.0173,35.141,1851.66,false,125.08,268.11,22.11,,1866.9,,false,0
a45dda,N3801W  ,United States,1778033939,1778033939,-95.7935,41.1547,815.34,false,60.89,13.68,-2.28,,754.38,,false,0
7812be,CXA829  ,China,1778033913,1778033928,-125.6853,42.2119,11887.2,false,246.57,144.25,-0.33,,12192.0,,false,0
a895eb,UAL305  ,United States,1778033939,1778033939,-7.1291,49.4391,11277.6,false,242.89,95.47,0.0,,11201.4,,false,0
7c03f9,UTY8623 ,Australia,1778033939,1778033940,137.9493,-33.9203,8641.08,false,223.22,171.38,-12.35,,8839.2,,false,0
a2b10d,UAL1964 ,United States,1778033939,1778033939,-122.2251,45.503,1463.04,false,100.12,262.62,-6.18,,1485.9,,false,0
845d88,ANA705  ,Japan,1778033938,1778033939,140.4201,40.1218,11285.22,false,251.6,54.07,0.0,,11521.44,,false,0
ae5f09,ROPER60 ,United States,1778033939,1778033939,-97.7072,32.4811,1295.4,false,112.75,70.82,-4.55,,1264.92,,false,0
a5bb72,N469ED  ,United States,1778033939,1778033939,-87.5231,38.0171,12192.0,false,189.36,327.09,0.33,,12466.32,7146,false,0
4bcdb0,SXS6CH  ,Turkey,1778033939,1778033939,18.7741,46.017,10668.0,false,251.24,128.35,0.0,,10835.64,6021,false,0
a2d76a,SWA3581 ,United States,1778033939,1778033939,-90.7071,41.477,11582.4,false,174.1,267.12,0.0,,11628.12,7026,false,0
a32ad5,DAL2963 ,United States,1778033939,1778033940,-83.7836,41.7964,10965.18,false,170.56,293.09,-0.33,,11026.14,7034,false,0
a2b110,UAL2044 ,United States,1778033939,1778033939,-83.9605,42.3337,7924.8,false,208.25,307.07,0.0,,7947.66,7151,false,0
a32ac6,ENY3687 ,United States,1778033824,1778033824,-97.0441,32.9079,,true,4.89,253.12,,,,,false,0
4bcdac,SXS79Y  ,Turkey,1778033939,1778033939,26.4449,40.1204,11277.6,false,253.56,135.58,0.0,,11422.38,6031,false,0
a1a447,N20472  ,United States,1778033939,1778033939,-82.0438,27.693,1805.94,false,40.18,129.81,3.58,,1851.66,1200,false,0
ac0c24,SWA1893 ,United States,1778033939,1778033939,-94.6776,40.1697,11277.6,false,301.99,90.59,0.0,,11361.42,0224,false,0
7812f1,CXA8697 ,China,1778033914,1778033914,120.6288,26.0107,7513.32,false,243.73,208.08,-11.7,,8587.74,,false,0
abec03,SWA569  ,United States,1778033939,1778033939,-114.5522,35.974,3116.58,false,147.86,307.51,-7.15,,3139.44,,false,0
ac1f61,RPA5760 ,United States,1778033939,1778033939,-81.8023,41.3275,2034.54,false,100.78,229.97,-4.55,,1973.58,1631,false,0
7812ee,CHH6015 ,China,1778033908,1778033908,116.6987,40.1964,2468.88,false,154.86,119.89,0.0,,2331.72,,false,0
a1412e,FDX1224 ,United States,1778033939,1778033939,-80.5626,36.6984,10355.58,false,216.7,249.28,0.0,,10683.24,7075,false,0
a0ddfb,AAL2235 ,United States,1778033939,1778033939,-103.6721,38.9442,8008.62,false,204.73,311.94,-11.38,,8077.2,2220,false,0
e480fa,TAM4544 ,Brazil,1778033939,1778033939,-45.6753,-22.4102,7307.58,false,246.07,31.23,5.53,,7764.78,4201,false,0
857d90,ANA424  ,Japan,1778033743,1778033743,130.8915,33.4404,4160.52,false,164.1,74.92,5.2,,4305.3,2345,false,0
c00b86,JZA556  ,Canada,1778033938,1778033938,-73.7566,40.6431,22.86,false,62.99,210.96,-3.58,,0.0,2225,false,0
841538,JAL511  ,Japan,1778033938,1778033939,140.9376,40.5872,11887.2,false,263.94,6.27,0.65,,12085.32,4755,false,0
a7b40e,DAL377  ,United States,1778033939,1778033939,-148.6548,61.1693,6050.28,false,187.5,290.22,-11.05,,5844.54,,false,0
c00b29,N       ,Canada,1778033939,1778033939,-114.3272,53.5149,1485.9,false,70.0,277.18,0.0,,1478.28,,false,0
a2b157,UAL1374 ,United States,1778033939,1778033939,-91.3758,35.1958,11887.2,false,286.18,122.15,0.0,,12298.68,2203,false,0
405f32,DHK4SM  ,United Kingdom,1778033939,1778033939,5.0121,51.9016,10370.82,false,245.11,277.84,0.0,,10287.0,4152,false,0
aa7abe,UAL2121 ,United States,1778033939,1778033939,-94.1491,42.2458,11277.6,false,289.97,76.04,0.0,,11231.88,2751,false,0
aa7abd,UAL3881 ,United States,1778033939,1778033939,-90.7221,41.126,10972.8,false,176.44,240.67,0.0,,11026.14,6272,false,0
aa477b,RPA3566 ,United States,1778033936,1778033936,-77.4546,38.9368,,true,1.54,199.69,,,,,false,0
c87efe,TXP2HAWK,New Zealand,1778033939,1778033939,179.6911,-41.61,,true,0.0,165.94,,,,,false,0
c87efd,TXP1HAWK,New Zealand,1778033929,1778033929,179.0247,-41.5844,,true,0.0,165.94,,,,,false,0
abfdaf,SWA1845 ,United States,1778033939,1778033939,-111.9937,33.431,,true,1.54,255.94,,,,,false,0
aa210c,N75169  ,United States,1778033940,1778033940,-96.778,30.5988,1280.16,false,60.05,115.91,0.0,,1234.44,,false,0
a2b153,UAL783  ,United States,1778033935,1778033939,-104.6896,39.852,,true,0.32,270.0,,,,1632,true,0
a2b151,UAL1726 ,United States,1778033939,1778033939,-124.6412,36.4298,9608.82,false,185.9,59.39,-5.2,,9867.9,,false,0
a059ce,N1210N  ,United States,1778033939,1778033939,-81.2954,28.7937,11902.44,false,194.4,343.87,-1.63,,12458.7,1442,false,0
a68ad4,VOI751  ,United States,1778033939,1778033939,-99.6712,25.7688,10972.8,false,215.05,185.63,0.0,,11643.36,2410,false,0
8880f7,HVN37   ,Viet Nam,1778033939,1778033939,23.4222,45.2098,12192.0,false,237.95,297.84,0.0,,12306.3,5305,false,0
780192,CPA658  ,China,1778033915,1778033920,104.4988,3.3951,9075.42,false,240.1,31.95,2.93,,9715.5,,false,0
aacad4,CKS253  ,United States,1778033888,1778033917,141.5367,37.265,9448.8,false,310.61,57.99,0.0,,9768.84,3557,false,0
a38141,DAL     ,United States,1778033701,1778033776,-73.8606,40.7693,,true,0.0,295.31,,,,3636,false,0
3c71a4,BCS120  ,Germany,1778033939,1778033939,12.3966,51.5336,2560.32,false,147.77,344.66,14.63,,2537.46,1000,false,0
abb775,DAL22   ,United States,1778033939,1778033939,-9.6769,53.3818,12192.0,false,250.2,119.57,0.0,,12115.8,,false,0
ac8777,SWA2859 ,United States,1778033939,1778033940,-105.1028,39.9368,5303.52,false,141.03,271.88,21.46,,5288.28,4114,false,0
a2b134,UAL733  ,United States,1778033939,1778033939,-119.7715,36.0525,11277.6,false,241.64,183.17,0.0,,11430.0,2620,true,0
a2b133,UAL1687 ,United States,1778033939,1778033939,-105.9281,42.266,11582.4,false,211.5,271.39,-0.33,,11536.68,,false,0
78018f,CPA986  ,China,1778033928,1778033928,113.8983,22.3093,,true,5.4,270.0,,,,,false,0
a32acf,DAL2151 ,United States,1778033938,1778033939,-119.6294,45.6672,9753.6,false,241.84,254.96,0.0,,9989.82,,false,0
4bccb5,SXS4VD  ,Turkey,1778033938,1778033938,29.6667,37.8439,9898.38,false,248.4,151.42,-19.83,,10027.92,2434,false,0
a40455,UPS236  ,United States,1778033939,1778033939,0.3782,51.6337,2400.3,false,140.43,274.83,-5.2,,2400.3,4116,false,0
c085e0,WJA1027 ,Canada,1778033939,1778033939,-119.3713,40.7932,11582.4,false,200.02,9.92,-0.33,,11795.76,6726,false,0
abb76d,AAL456  ,United States,1778033892,1778033892,-80.1233,26.6838,83.82,false,69.52,92.54,-3.58,,99.06,7141,false,0
4bccae,SXS8KW  ,Turkey,1778033939,1778033939,16.6066,46.0005,11277.6,false,246.27,134.75,0.0,,11430.0,7660,false,0
4bccad,SXS75K  ,Turkey,1778033939,1778033939,28.1806,38.881,11277.6,false,244.64,130.05,-0.33,,11399.52,7607,false,0
c01e13,FLE607  ,Canada,1778033939,1778033939,-99.7299,50.4848,11582.4,false,229.94,275.39,0.0,,11315.7,2222,false,0
add109,N99HR   ,United States,1778033633,1778033633,-80.4394,25.643,-15.24,false,21.12,87.21,-0.65,,-22.86,,false,0
aa3417,AAL732  ,United States,1778033939,1778033939,-67.5451,44.1414,11887.2,false,264.21,54.67,0.0,,11955.78,2014,false,0
ac878c,EDV4981 ,United States,1778033939,1778033939,-81.408,43.4675,7703.82,false,259.29,90.45,-3.25,,7696.2,2471,false,0
a2b198,UAL1588 ,United States,1778033939,1778033939,-104.684,39.855,,true,7.46,180.0,,,,2543,false,0
a2b196,UAL2657 ,United States,1778033939,1778033939,-117.9076,33.5642,1524.0,false,126.73,212.4,2.28,,1516.38,,false,0
a3d10f,DAL2073 ,United States,1778033939,1778033939,-77.9983,39.072,3916.68,false,168.71,107.94,-5.85,,3977.64,5775,false,0
a2b17a,UAL404  ,United States,1778033939,1778033939,-78.7426,41.2316,11277.6,false,280.86,85.17,0.0,,11399.52,7217,false,0
ad2ad5,N4946T  ,United States,1778033733,1778033733,-81.8293,30.2792,152.4,false,35.93,150.87,-3.9,,152.4,,false,0
a53774,UAL1303 ,United States,1778033931,1778033939,-104.6916,39.852,,true,0.0,272.81,,,,,false,0
acb12d,FDX1211 ,United States,1778033865,1778033875,-91.7603,41.8848,426.72,false,66.38,91.33,-2.93,,373.38,5372,false,0
a299af,N267HB  ,United States,1778033939,1778033939,-85.7455,32.4316,1958.34,false,140.3,54.85,-6.83,,2004.06,2415,false,0
a53781,UPS895  ,United States,1778033936,1778033936,-119.0202,39.0271,7871.46,false,220.46,135.76,9.1,,7894.32,,false,0
841520,JAL12   ,Japan,1778033937,1778033939,139.9605,35.616,2750.82,false,155.88,359.81,11.7,,2910.84,3116,false,0
a3f793,EDV5035 ,United States,1778033939,1778033939,-77.0183,40.0832,4091.94,false,202.67,60.83,-6.18,,4130.04,1125,false,0
4bcced,KZU461  ,Turkey,1778033938,1778033939,27.8441,41.1709,7658.1,false,208.03,256.99,10.73,,7757.16,2372,false,0
a6eda7,UAL1230 ,United States,1778033771,1778033773,-118.5195,39.9976,11269.98,false,203.42,62.27,0.0,,11468.1,3763,false,0
a6eda1,UAL1482 ,United States,1778033939,1778033939,-105.6398,39.1863,10660.38,false,252.45,80.5,0.0,,10728.96,3637,false,0
a2b176,UAL2155 ,United States,1778033939,1778033939,-89.3153,41.5482,11277.6,false,302.49,89.81,0.0,,11338.56,3253,false,0
ad2aed,AAL1151 ,United States,1778033939,1778033939,-114.2705,36.3693,4427.22,false,168.48,231.7,-7.8,,4472.94,3530,false,0
ad2aea,ASA1421 ,United States,1778033939,1778033939,-111.6544,41.8019,11582.4,false,200.76,304.14,0.0,,11643.36,,false,0
7813a2,CHH473  ,China,1778033938,1778033939,128.654,37.6859,10058.4,false,241.76,79.46,0.0,,10332.72,3025,false,0
a3816b,KII435  ,United States,1778033939,1778033939,-90.4744,31.7423,10363.2,false,216.62,355.91,0.0,,10896.6,,false,0
a07c22,N130KR  ,United States,1778033939,1778033939,-74.1409,41.1979,746.76,false,57.35,113.81,-1.3,,708.66,,false,0
888224,VJC961  ,Viet Nam,1778033911,1778033919,126.4836,37.3851,861.06,false,127.22,161.13,12.35,,922.02,,false,0
a19c51,N20236  ,United States,1778033939,1778033939,-122.343,47.136,762.0,false,55.16,273.74,0.0,,762.0,,false,0
e4814b,GLO7656 ,Brazil,1778033781,1778033939,-46.3393,-26.0473,11582.4,false,197.94,226.26,0.0,,12092.94,,false,0
7c1768,EWQ     ,Australia,1778033936,1778033936,151.8109,-27.7273,1790.7,false,110.22,234.31,0.33,,1912.62,,false,0
86ebd8,ANA903  ,Japan,1778033861,1778033890,133.1784,35.9371,11582.4,false,211.13,267.49,-0.33,,11948.16,3162,false,0
a1ff69,ASA932  ,United States,1778033933,1778033933,-115.1393,36.0816,,true,0.0,140.62,,,,6356,false,0
888219,VJC829  ,Viet Nam,1778033788,1778033811,127.8989,28.1516,9144.0,false,196.19,220.96,0.0,,9646.92,,false,0
e4948c,AZU4853 ,Brazil,1778033938,1778033938,-45.3986,-23.1546,10203.18,false,251.84,67.42,3.25,,10774.68,3370,false,0
ae4b5b,DTCHMN42,United States,1778033931,1778033935,-117.5001,33.3182,76.2,false,51.79,166.79,2.93,,83.82,,false,0
a9079f,N681HB  ,United States,1778033939,1778033939,-118.0084,33.7114,236.22,false,26.74,258.91,-0.33,,220.98,,false,0
c0737c,WJA1431 ,Canada,1778033939,1778033939,-91.9491,41.3079,10972.8,false,200.28,324.51,0.0,,10995.66,1545,false,0
a2d6a2,ENY3983 ,United States,1778033939,1778033939,-71.6682,43.0122,1562.1,false,129.22,7.55,0.33,,1539.24,6250,false,0
ab6716,N8339D  ,United States,1778033939,1778033939,-95.6049,30.0236,457.2,false,58.76,49.62,-0.65,,411.48,,false,0
a7a17b,DAL571  ,United States,1778033939,1778033939,-101.8099,36.103,10972.8,false,168.91,250.24,0.0,,11231.88,1544,false,0
a57f42,SWA854  ,United States,1778033939,1778033940,-109.3919,37.9285,11887.2,false,255.4,64.21,0.0,,11993.88,2057,false,0
a08f6d,N135T   ,United States,1778033781,1778033783,-117.1263,33.5825,441.96,false,38.18,194.04,-5.53,,396.24,,false,0
abeb9f,SWA1179 ,United States,1778033939,1778033939,-96.7478,33.5193,10850.88,false,231.86,346.92,-5.2,,11277.6,,false,0
a6b9c1,VOI244  ,United States,1778033939,1778033939,-99.0506,19.45,2506.98,false,93.43,59.2,3.25,,2621.28,,false,0
7c1745,EVR     ,Australia,1778033873,1778033873,152.9678,-27.0615,137.16,false,38.18,194.04,-3.25,,205.74,,false,0
781457,"",China,1778033804,1778033804,113.4507,23.6025,4206.24,false,156.28,221.93,0.0,,4411.98,,false,0
a56c24,ATN3374 ,United States,1778033939,1778033939,-80.2913,40.2614,8229.6,false,254.57,86.64,-0.33,,8343.9,5466,false,0
a5cf1b,UAL2440 ,United States,1778033939,1778033939,-77.4559,38.9442,,true,4.12,255.94,,,,,false,0
e49476,GLO1354 ,Brazil,1778033936,1778033938,-42.6986,-15.1009,11277.6,false,259.0,19.01,0.0,,11940.54,,false,0
a7a173,N591DK  ,United States,1778033939,1778033940,-120.7325,40.4148,12199.62,false,186.7,343.51,-0.33,,12443.46,1377,false,0
a08f94,UPS1487 ,United States,1778033939,1778033939,-83.4883,42.1783,2476.5,false,130.38,293.73,16.91,,2385.06,7423,false,0
a88467,QXE2140 ,United States,1778033939,1778033939,-119.3324,37.478,11277.6,false,257.4,190.48,-0.33,,11452.86,2301,false,0
7c045e,JST513  ,Australia,1778033939,1778033939,150.929,-34.4474,6362.7,false,195.73,225.85,12.68,,6553.2,5067,false,0
c06026,CAV228  ,Canada,1778033938,1778033938,-95.0273,63.8599,4145.28,false,143.84,304.66,-6.83,,3916.68,,false,0
4bce0e,SXS6XR  ,Turkey,1778033939,1778033939,25.8514,40.5258,11887.2,false,249.28,136.59,-0.33,,12016.74,7711,false,0
43c700,RRR9961 ,United Kingdom,1778033917,1778033930,33.7312,34.5558,2430.78,false,141.75,242.32,-7.48,,2491.74,,false,0
a403c6,DAL1076 ,United States,1778033939,1778033939,-85.3547,37.2726,10965.18,false,204.52,348.1,0.0,,11269.98,3170,false,0
a82dfb,QXE2352 ,United States,1778033939,1778033939,-119.9476,46.2932,9403.08,false,213.63,299.9,-5.2,,9601.2,,false,0
a82dff,N626RA  ,United States,1778033939,1778033939,-84.6304,39.6365,12885.42,false,265.25,53.04,10.4,,13060.68,4266,false,0
a90770,FDX137  ,United States,1778033939,1778033939,-92.7928,39.1201,11277.6,false,241.51,157.59,0.0,,11452.86,3434,false,0
7cadce,8L8     ,Australia,1778033939,1778033939,148.4932,-35.885,9144.0,false,150.63,233.05,0.0,,9342.12,0532,false,0
7c045c,JST410  ,Australia,1778033910,1778033915,151.1758,-33.9347,,true,0.0,168.75,,,,,false,0
a9e108,N73574  ,United States,1778033939,1778033939,-88.2882,42.7022,967.74,false,45.65,50.03,0.0,,876.3,1200,false,0
7c045d,JST168  ,Australia,1778033932,1778033937,174.8098,-41.3281,,true,0.0,115.31,,,,,false,0
a403b3,DAL1559 ,United States,1778033939,1778033939,-119.1156,34.506,6187.44,false,196.11,143.64,-9.1,,6263.64,3331,false,0
a57f04,UAL439  ,United States,1778033939,1778033939,-107.6509,32.1449,11277.6,false,268.96,105.42,-0.33,,11635.74,1727,false,0
a033ff,DAL870  ,United States,1778033939,1778033939,-111.7338,41.4695,11887.2,false,252.91,125.14,-0.33,,11963.4,,false,0
a45f59,DAL2190 ,United States,1778033939,1778033939,-77.4754,38.9375,7322.82,false,190.9,231.89,-0.33,,7475.22,3321,false,0
a2e9fd,SWA3102 ,United States,1778033939,1778033939,-122.3784,37.6182,,true,8.23,112.5,,,,2624,false,0
e48175,GLO1388 ,Brazil,1778033939,1778033939,-41.2533,-21.2722,7665.72,false,219.0,58.25,-10.4,,8138.16,,false,0
a1ec57,MXY607  ,United States,1778033939,1778033939,-110.0221,39.511,9753.6,false,222.8,294.85,-0.33,,9837.42,0671,false,0
4bce06,SXS13X  ,Turkey,1778033939,1778033939,23.3786,43.5387,11582.4,false,209.44,298.14,0.0,,11727.18,5332,false,0
a153de,EDV5103 ,United States,1778033939,1778033939,-78.3377,36.1358,2232.66,false,133.17,247.99,-7.48,,2278.38,3027,false,0
4bce10,SXS7KN  ,Turkey,1778033939,1778033939,23.5107,42.4096,11887.2,false,235.97,137.65,0.0,,12031.98,7667,false,0
a416be,"",United States,1778033938,1778033938,-104.6707,39.8665,,true,7.46,272.81,,,,,false,0
7c175d,EWF     ,Australia,1778033939,1778033939,145.1173,-38.0612,426.72,false,51.8,55.52,1.95,,472.44,1200,false,0
ac1dbc,N88ZA   ,United States,1778033932,1778033937,-74.2826,40.873,144.78,false,36.54,212.35,4.88,,83.82,,false,0
a57f11,UPS671  ,United States,1778033939,1778033939,-96.4311,38.156,7429.5,false,254.1,59.59,7.8,,7490.46,,false,0
a286ed,FDX1265 ,United States,1778033939,1778033939,-96.5175,28.4596,11887.2,false,265.68,33.23,0.0,,12519.66,,false,0
780173,CPA410  ,China,1778033615,1778033668,115.1972,21.7511,7178.04,false,240.25,90.25,3.25,,7642.86,,false,0
aacaa5,AAL194  ,United States,1778033939,1778033939,-99.9452,36.2999,11277.6,false,316.48,51.73,0.0,,11567.16,1546,false,0
7cadb4,MIN810  ,Australia,1778033939,1778033939,115.8581,-30.1109,11551.92,false,241.72,9.06,3.25,,11849.1,4054,false,0
4bce15,SXS7JA  ,Turkey,1778033939,1778033939,23.5483,45.5908,11582.4,false,214.28,308.27,0.0,,11658.6,3273,false,0
780172,CPA785  ,China,1778033939,1778033939,113.9723,22.3201,541.02,false,105.42,71.21,5.2,,563.88,,false,0
aaddd4,N8GU    ,United States,1778033939,1778033939,-83.7633,31.1383,1737.36,false,94.76,30.32,7.48,,1790.7,,false,0
a086d8,FDX131  ,United States,1778033939,1778033939,-77.5863,41.4428,10370.82,false,223.4,210.28,-0.33,,10485.12,6524,false,0
aab273,N789FA  ,United States,1778033939,1778033939,-117.7412,33.5958,1211.58,false,57.76,342.37,-0.33,,1196.34,,false,0
a349be,JBU1303 ,United States,1778033939,1778033939,-94.3917,44.2685,10972.8,false,190.48,236.57,0.0,,10805.16,3561,false,0
ad2573,SWA3937 ,United States,1778033939,1778033939,-95.8768,33.8831,12496.8,false,276.05,41.0,0.0,,12923.52,,false,0
ac4bfe,SWA4689 ,United States,1778033939,1778033939,-114.2463,35.8956,8694.42,false,206.3,90.57,7.8,,8755.38,1356,false,0
ac058a,DAL2117 ,United States,1778033939,1778033939,-98.0224,44.2245,10972.8,false,207.2,262.15,0.0,,10789.92,1024,false,0
a01f73,RPA4526 ,United States,1778033827,1778033832,-97.589,35.3908,,true,10.29,351.56,,,,3360,false,0
ad6bdc,JBU2348 ,United States,1778033939,1778033939,-79.2199,42.0785,11894.82,false,268.48,65.79,0.0,,11955.78,1326,false,0
aa759b,EJA773  ,United States,1778033939,1778033939,-80.3026,26.2925,434.34,false,106.95,134.61,-0.98,,449.58,0522,false,0
a6c12f,VOI3081 ,United States,1778033936,1778033937,-113.8978,31.5933,10782.3,false,190.23,289.76,-2.93,,10980.42,,false,0
a24c02,EJM247  ,United States,1778033939,1778033939,-90.7026,41.6884,13716.0,false,257.89,84.51,0.0,,13761.72,3645,false,0
abd26b,SWA1801 ,United States,1778033939,1778033939,-122.9309,44.0639,11887.2,false,247.51,178.69,0.0,,12176.76,,false,0
84655a,ANA21   ,Japan,1778033938,1778033939,139.7731,35.5544,,true,27.27,151.88,,,,,false,0
a7e151,ASA1342 ,United States,1778033939,1778033939,-120.3134,41.7474,11582.4,false,198.56,349.1,-0.33,,11811.0,7344,false,0
a80162,ASA64   ,United States,1778033939,1778033939,-124.4717,49.6447,11887.2,false,241.54,144.45,0.0,,12161.52,,false,0
869210,ANA211  ,Japan,1778033939,1778033939,139.9636,36.1922,5615.94,false,218.7,50.92,1.95,,5859.78,3171,false,0
a5a10a,AAL513  ,United States,1778033939,1778033939,-75.1205,39.6856,1851.66,false,127.98,33.69,-0.33,,1866.9,2047,false,0
a0c3c9,N1487V  ,United States,1778033938,1778033939,-116.9029,32.7009,853.44,false,30.14,27.44,0.0,,845.82,,false,0
a060ae,AAL2754 ,United States,1778033939,1778033939,-81.4045,32.2668,769.62,false,104.61,183.38,-2.28,,792.48,4137,false,0
8940ca,GFA87S  ,Bahrain,1778033939,1778033939,28.1446,33.9944,10355.58,false,202.17,331.09,-0.33,,10591.8,,false,0
a4dad4,UAL2626 ,United States,1778033939,1778033939,-93.4876,40.3237,11887.2,false,302.35,80.7,0.0,,11940.54,3761,false,0
a25f6e,FDX657  ,United States,1778033939,1778033939,-75.2424,40.6077,10363.2,false,220.57,239.13,0.0,,10515.6,3551,false,0
a48c07,UPS741  ,United States,1778033939,1778033939,-91.1205,36.8203,11277.6,false,304.44,77.61,0.0,,11551.92,,false,0
a00c85,JWZ102  ,United States,1778033939,1778033939,-118.3499,34.3948,4503.42,false,185.62,18.08,17.56,,4503.42,3372,false,0
c05f5d,RS502   ,Canada,1778033621,1778033629,-106.6774,52.1685,,true,2.06,61.88,,,,,false,0
a0d6fb,SKW5222 ,United States,1778033922,1778033937,-104.6966,39.8524,,true,0.0,357.19,,,,,false,0
a98dd4,N7144G  ,United States,1778033678,1778033678,-83.2299,36.4209,1699.26,false,56.82,84.81,0.0,,1684.02,,false,0
4d0112,CLX5932 ,Luxembourg,1778033899,1778033900,-103.2044,29.5172,10668.0,false,236.52,163.58,0.0,,11170.92,5742,false,0
a6c120,AAL2003 ,United States,1778033939,1778033939,-98.8277,35.9981,10363.2,false,204.26,322.26,-0.33,,10622.28,,false,0
a12c39,N175EW  ,United States,1778033938,1778033939,-77.5979,38.62,2042.16,false,93.47,212.64,13.33,,2072.64,7060,false,0
a7912a,DAL1355 ,United States,1778033939,1778033939,-82.4166,27.914,1318.26,false,114.23,181.03,-5.85,,1386.84,4502,false,0
a37f2a,NJZ324  ,United States,1778033939,1778033939,-121.6556,36.1319,11887.2,false,246.09,141.62,0.0,,12070.08,3656,false,0
8940c4,BCS755  ,Bahrain,1778033934,1778033934,8.7298,45.6245,,true,12.35,168.75,,,,1000,false,0
846538,ANA794  ,Japan,1778033939,1778033939,138.2432,34.4572,8854.44,false,233.92,113.18,-7.8,,9258.3,3467,false,0
4d010b,ICV736  ,Luxembourg,1778033867,1778033867,8.7341,45.6088,,true,7.72,180.0,,,,2317,false,0
a203a9,ENY3756 ,United States,1778033939,1778033939,-100.122,25.7868,495.3,false,71.11,121.39,-2.6,,411.48,,false,0
a00c5c,WUP102  ,United States,1778033939,1778033939,-74.3456,41.2406,1348.74,false,139.75,133.21,-5.2,,1333.5,,false,0
a68485,SKW6215 ,United States,1778033939,1778033939,-112.36,34.8717,10668.0,false,250.04,71.53,-0.65,,10751.82,7257,false,0
8940c9,GFA019  ,Bahrain,1778033933,1778033933,29.9715,31.7846,10347.96,false,210.51,324.95,0.0,,10629.9,4460,false,0
a3cf6d,UAL1894 ,United States,1778033939,1778033939,-94.5929,42.1623,10668.0,false,289.35,75.69,0.0,,10599.42,2723,false,0
781ff7,CES7236 ,China,1778033938,1778033939,45.6341,60.7327,11277.6,false,273.39,85.79,0.0,,11155.68,,false,0
ac0519,SWA1524 ,United States,1778033938,1778033939,-109.9089,35.3218,11582.4,false,197.9,275.37,0.0,,11742.42,,false,0
7502da,MXD873  ,Malaysia,1778033939,1778033939,139.6922,33.4982,9753.6,false,195.73,232.05,0.0,,10241.28,3636,false,0
346199,BCS1730 ,Spain,1778033938,1778033939,4.4585,50.902,,true,2.31,244.69,,,,,false,0
7502db,MXD356  ,Malaysia,1778033939,1778033939,101.6257,2.5811,4396.74,false,185.39,171.06,6.83,,4640.58,2144,false,0
a0c3fc,ABX3113 ,United States,1778033939,1778033939,-94.4647,43.2898,10027.92,false,194.8,282.97,9.1,,9898.38,2540,false,0
781ff2,CSS167  ,China,1778033939,1778033939,90.8071,23.9844,9151.62,false,223.73,283.43,0.33,,9601.2,6007,false,0
780cc0,"",China,1778033785,1778033788,121.8951,27.5307,10393.68,false,242.65,101.0,-0.33,,10888.98,,false,0
76ccd0,SIA7922 ,Singapore,1778033939,1778033939,-119.0466,47.5618,11277.6,false,266.28,124.61,0.0,,11468.1,,false,0
abe501,WNMX8659,United States,1778033936,1778033936,-104.671,39.8641,,true,0.0,182.81,,,,,true,0
c029dd,ACA175  ,Canada,1778033939,1778033939,-108.9016,52.667,10965.18,false,216.96,273.4,0.0,,10828.02,2273,false,0
407666,EZY41GE ,United Kingdom,1778033939,1778033939,6.3989,49.5294,10370.82,false,240.74,304.64,-0.33,,10317.48,0626,false,0
ad382c,N9508W  ,United States,1778033939,1778033939,-149.7063,61.3169,640.08,false,34.71,168.02,-3.25,,579.12,0510,false,0
a323d6,VJA301  ,United States,1778033939,1778033939,-121.5349,38.5333,13106.4,false,208.51,357.74,0.33,,13304.52,6750,false,0
76cce1,SIA22   ,Singapore,1778033664,1778033753,-168.4558,58.4302,11887.2,false,260.37,70.13,0.0,,11727.18,,false,0
a7e18a,SKW3731 ,United States,1778033939,1778033939,-88.7225,36.7005,10668.0,false,238.14,31.66,0.33,,10972.8,2565,false,0
a7e198,DAL2919 ,United States,1778033939,1778033939,-81.6941,43.3307,10980.42,false,175.95,270.67,0.33,,10980.42,3567,false,0
a1d0a3,RPA5791 ,United States,1778033938,1778033938,-81.8249,30.4577,594.36,false,90.86,69.1,-0.65,,617.22,1724,false,0
ac5ed9,SWA2917 ,United States,1778033939,1778033939,-91.158,35.1085,12192.0,false,169.33,243.28,0.0,,12603.48,6010,false,0
a456d6,N379SM  ,United States,1778033939,1778033939,-82.7905,27.5458,3901.44,false,131.22,1.35,15.28,,4091.94,1362,false,0
7502ad,AXM471  ,Malaysia,1778033939,1778033939,101.9176,2.4937,1432.56,false,113.87,237.17,-3.9,,1531.62,2476,false,0
a24c73,UAL1496 ,United States,1778033939,1778033939,-96.1837,33.4436,11765.28,false,261.18,29.24,4.88,,12214.86,,false,0
a336e5,N306PD  ,United States,1778033936,1778033936,-110.9497,32.1933,1021.08,false,38.15,190.1,0.33,,990.6,,false,0
a336e3,AAL3135 ,United States,1778033939,1778033939,-105.7683,35.899,11582.4,false,184.58,295.07,0.33,,11780.52,,false,0
5140c6,IGT1163 ,Georgia,1778033939,1778033939,45.4164,41.377,7970.52,false,213.41,132.26,4.88,,7978.14,6744,false,0
a85c01,FFT1349 ,United States,1778033938,1778033939,-84.5557,35.1641,9753.6,false,204.29,351.75,0.0,,10104.12,1040,false,0
a589d5,EJA456  ,United States,1778033939,1778033939,-122.6008,47.6707,1013.46,false,105.44,19.67,-8.13,,1021.08,3332,false,0
ad2531,TCN946  ,United States,1778033939,1778033939,-89.3849,37.0197,8503.92,false,166.69,323.66,-0.98,,8732.52,1410,false,0
abe52d,AMX953  ,United States,1778033938,1778033939,-99.8987,23.0686,10972.8,false,226.66,177.01,3.25,,11650.98,,false,0
a8aaff,FFT1965 ,United States,1778033936,1778033936,-115.1277,36.0803,,true,0.0,0.0,,,,,false,0
851bdc,JAL112  ,Japan,1778033939,1778033939,140.0193,35.2809,2758.44,false,140.37,31.36,-3.9,,2918.46,3414,false,0
7502b8,AXM5106 ,Malaysia,1778033939,1778033939,116.0493,5.9238,,true,3.86,61.88,,,,,false,0
a08844,N133VU  ,United States,1778033939,1778033939,-96.7336,40.8645,678.18,false,62.42,175.75,-1.95,,624.84,,false,0
7502b1,MAS2608 ,Malaysia,1778033933,1778033937,114.5445,5.3022,3779.52,false,165.32,87.32,-11.05,,4038.6,,false,0
ac5efa,SWA1772 ,United States,1778033939,1778033939,-120.5146,38.1093,8892.54,false,219.31,124.1,7.48,,9075.42,1774,false,0
407699,VIR154  ,United Kingdom,1778033939,1778033939,-68.6169,43.722,11887.2,false,275.01,58.54,0.0,,11955.78,3351,false,0
84659e,ANA677  ,Japan,1778033939,1778033939,137.517,35.4606,10363.2,false,172.06,261.75,0.0,,10774.68,4642,false,0
ac4bdd,SWA3136 ,United States,1778033939,1778033939,-107.7992,36.4043,11582.4,false,198.99,287.45,0.0,,11734.8,,false,0
a5c6a1,UPS1123 ,United States,1778033939,1778033939,-85.3586,38.5529,3261.36,false,138.98,264.69,-5.85,,3261.36,3436,false,0
a443e8,DAL2896 ,United States,1778033939,1778033939,-79.7227,42.7854,11590.02,false,178.32,261.71,0.0,,11635.74,3467,false,0
7c678d,VOZ1105 ,Australia,1778033939,1778033939,153.4283,-27.8254,5189.22,false,193.39,5.8,-14.31,,5448.3,,false,0
c05f0e,JZA7800 ,Canada,1778033939,1778033939,-119.1679,49.7168,7612.38,false,177.26,69.62,-0.33,,7818.12,,false,0
a310cf,EDV5182 ,United States,1778033939,1778033939,-84.4156,33.6468,297.18,false,62.25,270.0,-0.65,,274.32,,false,0
4b83a6,STORMI  ,Turkey,1778033939,1778033939,27.2117,38.8093,5791.2,false,74.81,151.67,0.0,,5867.4,1567,false,0
a310c4,N297PD  ,United States,1778033938,1778033938,-75.1625,39.9733,304.8,false,39.45,320.29,1.95,,259.08,,false,0
c05f09,JZA597  ,Canada,1778033939,1778033939,-122.1636,46.1998,9144.0,false,216.26,357.55,-0.33,,9395.46,3372,false,0
a8aaf4,FDX1682 ,United States,1778033939,1778033939,-76.3207,40.3924,6637.02,false,201.83,249.72,14.96,,6728.46,2717,false,0
c05f04,JZA435  ,Canada,1778033939,1778033939,-80.2801,45.8641,7315.2,false,156.91,347.7,0.33,,7185.66,5561,false,0
a1d0d8,N216LT  ,United States,1778033939,1778033939,-88.4378,42.0832,975.36,false,43.3,316.44,0.0,,883.92,,false,0
a6f9b3,DAL324  ,United States,1778033939,1778033939,-100.8774,49.4183,10972.8,false,240.62,262.75,0.0,,10706.1,3523,false,0
c04af4,JZA786  ,Canada,1778033640,1778033640,-77.0433,38.8457,,true,2.31,292.5,,,,2274,false,0
c04af3,CJT482  ,Canada,1778033939,1778033939,-105.8998,51.4483,6408.42,false,214.72,150.43,-0.33,,6286.5,,false,0
8463b4,IBX40   ,Japan,1778033925,1778033925,139.5414,37.6898,6553.2,false,250.54,63.28,-5.53,,7856.22,,false,0
851c20,JAL562  ,Japan,1778033939,1778033939,139.7874,35.5396,,true,11.32,329.06,,,,2352,false,0
ac4c8a,SWA972  ,United States,1778033931,1778033936,-104.6685,39.8635,1623.06,true,0.0,180.0,,,,,false,0
aa0c9e,AUB1747 ,United States,1778033939,1778033939,-86.0188,32.4187,1371.6,false,74.54,249.81,0.0,,1371.6,,false,0
ad7f96,SWA3539 ,United States,1778033938,1778033939,-104.6904,39.852,,true,0.19,270.0,,,,0337,true,0
c04adc,CJT483  ,Canada,1778033939,1778033939,-84.4879,39.2269,7315.2,false,187.86,239.92,0.0,,7429.5,2205,false,0
750403,MXD2201 ,Malaysia,1778033939,1778033939,101.2817,3.2635,5463.54,false,214.42,323.49,6.18,,5791.2,0333,false,0
750405,MXD1002 ,Malaysia,1778033939,1778033939,115.5841,5.7636,3413.76,false,140.51,97.15,-8.78,,3611.88,,false,0
7c52fc,QLK40D  ,Australia,1778033939,1778033939,150.2068,-33.4767,4884.42,false,139.23,311.4,0.33,,5067.3,3721,false,0
7c52fd,QLK372D ,Australia,1778033939,1778033939,153.019,-27.3415,2385.06,false,106.93,13.64,13.0,,2522.22,4725,false,0
a07522,AAL2608 ,United States,1778033919,1778033919,-99.5853,40.5684,10363.2,false,190.5,257.84,0.0,,10332.72,5120,false,0
a8bf73,AAL1724 ,United States,1778033939,1778033939,-84.4352,41.8651,7620.0,false,271.13,76.28,0.33,,7665.72,0035,false,0
851c42,JAL664  ,Japan,1778033938,1778033939,136.5041,34.6371,10668.0,false,282.43,79.61,0.0,,11102.34,,false,0
a21839,ENY4252 ,United States,1778033939,1778033939,-87.972,43.6687,3055.62,false,143.25,326.42,-4.23,,2933.7,2511,false,0
a8bf6e,PDT5901 ,United States,1778033939,1778033940,-75.8927,38.1303,8542.02,false,223.93,203.56,0.0,,8724.9,3305,false,0
a21833,RPA5833 ,United States,1778033939,1778033939,-75.5046,42.2585,4358.64,false,182.46,332.64,-5.2,,4381.5,3304,false,0
76cda2,SIA328  ,Singapore,1778033718,1778033798,35.4608,41.5447,11582.4,false,251.38,287.51,0.0,,11559.54,2272,false,0
76cda5,SIA352  ,Singapore,1778033939,1778033939,36.9733,41.2511,12192.0,false,248.11,275.59,0.0,,12230.1,2261,false,0
a98f54,"",United States,1778033939,1778033939,-147.298,65.1704,1676.4,false,66.49,207.16,0.0,,,,false,0
a62f93,UAL1589 ,United States,1778033939,1778033939,-93.7265,35.4897,11277.6,false,245.18,9.54,0.0,,11658.6,7465,false,0
76cdaf,SIA378  ,Singapore,1778033939,1778033939,29.7382,42.958,12192.0,false,242.8,311.22,0.0,,12214.86,2337,false,0
c0174d,ACA33   ,Canada,1778033939,1778033939,-110.4603,50.0049,11582.4,false,245.93,270.84,0.0,,11506.2,6325,false,0
76cdc2,SIA306  ,Singapore,1778033936,1778033936,46.3167,40.8066,10363.2,false,238.08,266.66,0.0,,10424.16,0115,false,0
a37eca,N324SP  ,United States,1778033939,1778033939,-122.8976,45.3015,876.3,false,48.97,238.31,-0.65,,891.54,,false,0
7c6725,UNR     ,Australia,1778033939,1778033939,148.0091,-35.9005,2514.6,false,62.83,196.65,0.33,,2598.42,7316,false,0
347505,SWT5RS  ,Spain,1778033939,1778033939,3.6446,46.3271,5791.2,false,133.88,156.69,0.0,,5791.2,1000,false,0
7c671b,UNH     ,Australia,1778033910,1778033910,150.9907,-33.9186,,true,0.0,281.25,,,,,false,0
c05dd8,JZA884  ,Canada,1778033669,1778033669,-74.1764,40.6799,,true,8.23,295.31,,,,7712,false,0
a44502,DAL704  ,United States,1778033939,1778033939,-98.4128,39.0989,10972.8,false,185.54,301.05,0.0,,11071.86,2061,false,0
780dc6,CQH6785 ,China,1778033898,1778033900,113.6857,23.3007,6004.56,false,214.58,328.33,0.0,,6377.94,,false,0
a5fc87,EDV5199 ,United States,1778033939,1778033939,-95.403,36.3967,10363.2,false,163.84,255.27,-0.33,,10652.76,4563,false,0
86e184,ANA605  ,Japan,1778033939,1778033939,139.3268,35.1592,7711.44,false,154.61,277.46,7.8,,8039.1,2202,false,0
7c6719,UNF     ,Australia,1778033939,1778033939,150.3646,-34.6637,1447.8,false,63.03,74.38,2.6,,1524.0,,false,0
c04aca,CJT922  ,Canada,1778033939,1778033939,-80.5322,25.747,899.16,false,106.57,10.01,-0.33,,929.64,,false,0
7c6714,UNA     ,Australia,1778033939,1778033939,150.7888,-33.9455,403.86,false,71.08,92.9,-0.33,,472.44,3000,false,0
a959df,SKW6405 ,United States,1778033938,1778033939,-103.6427,34.8841,10972.8,false,189.37,290.85,0.0,,11254.74,,false,0
a37ec4,AAL2856 ,United States,1778033939,1778033939,-85.6186,36.6455,11277.6,false,271.58,59.74,0.0,,11620.5,3630,false,0
a0b20e,FDX1222 ,United States,1778033935,1778033935,-117.1865,32.7339,,true,0.0,106.88,,,,,false,0
780dd2,CHH706  ,China,1778033845,1778033854,113.9316,22.3177,,true,0.77,157.5,,,,,false,0
aa73b9,UAL827  ,United States,1778033939,1778033939,140.5759,35.4883,2758.44,false,138.12,145.78,5.85,,2910.84,3107,false,0
780dd0,CHH7373 ,China,1778033892,1778033892,114.1149,23.4841,10088.88,false,232.72,34.01,0.0,,10690.86,,false,0
4afb68,368     ,Sweden,1778033939,1778033939,17.9208,59.6453,,true,2.57,11.25,,,,,false,0
a826f1,SKW4681 ,United States,1778033939,1778033939,-92.6344,38.8176,10668.0,false,279.48,97.19,-0.33,,10828.02,,false,0
a0756b,FRG830  ,United States,1778033939,1778033940,-92.9293,35.7073,8519.16,false,105.26,216.25,0.65,,8816.34,6552,false,0
750485,AXM1624 ,Malaysia,1778033825,1778033825,120.6687,19.2451,11590.02,false,233.52,167.4,-0.33,,12352.02,,false,0
750480,AXM5745 ,Malaysia,1778033763,1778033763,112.0483,4.8228,10370.82,false,248.58,274.03,0.0,,11132.82,,false,0
c0171a,ACA852  ,Canada,1778033939,1778033939,-73.5777,45.3587,10058.4,false,288.83,69.24,0.0,,10073.64,2202,false,0
a44565,UAL326  ,United States,1778033939,1778033939,-115.9,47.4727,10363.2,false,228.83,275.16,0.33,,10500.36,,false,0
ab09ef,MTN7538 ,United States,1778033939,1778033939,-80.879,35.8562,2735.58,false,153.57,71.44,-1.3,,2766.06,5135,false,0
a69869,GJS4174 ,United States,1778033939,1778033939,-74.6442,40.5186,1859.28,false,152.85,11.65,0.0,,1859.28,0566,false,0
c01732,ACA880  ,Canada,1778033907,1778033924,-62.5671,47.5774,10058.4,false,267.56,78.69,0.0,,10111.74,3202,false,0
c01734,ACA861  ,Canada,1778033939,1778033939,-116.2449,53.0173,10972.8,false,264.74,216.62,0.0,,11102.34,,false,0
ac5f42,SWA1199 ,United States,1778033939,1778033939,-105.5883,31.8607,10972.8,false,187.51,279.0,0.0,,11369.04,7222,false,0
a5521c,ASA1397 ,United States,1778033939,1778033939,-121.4452,41.2568,10972.8,false,210.53,342.36,0.0,,11231.88,7626,false,0
8966ed,UAE9861 ,United Arab Emirates,1778033939,1778033939,90.0599,22.468,9144.0,false,238.52,277.19,0.0,,9631.68,5312,false,0
aa8859,SKW4297 ,United States,1778033939,1778033939,-84.4901,43.9527,10363.2,false,203.53,320.44,0.33,,10271.76,3603,false,0
a4453e,UAL1868 ,United States,1778033939,1778033939,-104.6042,31.5755,10363.2,false,194.27,279.91,0.0,,10759.44,4533,false,0
8966d0,ETD2    ,United Arab Emirates,1778033939,1778033939,-4.2158,40.2345,10972.8,false,274.55,105.21,0.0,,11026.14,1164,false,0
ac4c21,SWA233  ,United States,1778033906,1778033921,-77.0392,38.8666,68.58,false,67.59,175.63,-0.98,,30.48,3121,false,0
a0c581,"",United States,,1778033934,,,,false,100.23,58.43,9.43,,,,false,0
a44548,DAL847  ,United States,1778033939,1778033939,-86.846,40.2796,11277.6,false,289.25,91.73,-0.65,,11437.62,6007,false,0
750463,AXM5742 ,Malaysia,1778033924,1778033926,116.5705,4.8073,8839.2,false,219.1,104.13,0.0,,9502.14,,false,0
75044b,MAS2    ,Malaysia,1778033939,1778033939,26.7232,44.3876,12192.0,false,244.92,300.55,0.0,,12245.34,5316,false,0
a80203,N615HC  ,United States,1778033934,1778033939,-96.7449,40.8506,,true,0.0,306.56,,,,,false,0
aac3a8,ASI68   ,United States,1778033939,1778033939,-111.9058,32.9385,1554.48,false,50.44,181.75,0.33,,1531.62,,false,0
75044c,MAS4    ,Malaysia,1778033939,1778033939,101.1194,3.4841,5059.68,false,213.7,323.52,5.53,,5349.24,1272,false,0
8966bd,ETD409  ,United Arab Emirates,1778033939,1778033939,100.4622,13.9256,4404.36,false,188.89,287.6,7.8,,4617.72,,false,0
a4dbd3,N412CU  ,United States,1778033939,1778033939,-84.6153,43.8993,5425.44,false,136.55,356.76,-4.23,,5318.76,,false,0
a37efc,UPS1329 ,United States,1778033939,1778033939,-85.1833,37.7492,3375.66,false,174.37,310.69,-14.96,,3383.28,0707,false,0
ac16bb,SWA3559 ,United States,1778033939,1778033939,-122.3586,39.5584,10972.8,false,212.67,355.28,0.0,,11224.26,3304,false,0
c01759,ACA311  ,Canada,1778033938,1778033938,-119.542,50.1638,10972.8,false,239.82,249.27,0.0,,11193.78,,false,0
aa882e,EJA778  ,United States,1778033939,1778033939,-84.2684,33.9199,579.12,false,57.53,215.54,-2.6,,563.88,6163,false,0
8966cf,ETD800  ,United Arab Emirates,1778033939,1778033939,127.6164,37.5255,11750.04,false,254.56,79.17,-6.5,,12054.84,1743,false,0
c05dab,CGJMG   ,Canada,1778033939,1778033939,-122.745,48.843,906.78,false,60.27,219.81,0.33,,899.16,,false,0
75045a,AXM6041 ,Malaysia,1778033939,1778033939,101.8156,2.821,3962.4,false,152.87,226.91,0.0,,4198.62,0362,false,0
750440,AXM6222 ,Malaysia,1778033939,1778033939,101.8955,3.1907,6027.42,false,198.26,44.68,8.78,,6408.42,0354,false,0
ac4c44,SWA2671 ,United States,1778033939,1778033940,-88.9577,37.5757,12192.0,false,217.46,190.22,0.0,,12496.8,6216,false,0
a920f4,PDT6039 ,United States,1778033939,1778033939,-80.8797,35.9201,6111.24,false,198.5,9.1,7.8,,6294.12,7233,false,0
3a2b01,TOA45   ,France,1778033939,1778033939,-149.5494,-17.3293,937.26,false,77.99,10.64,0.33,,982.98,,false,0
a69821,RVJ524  ,United States,1778033939,1778033939,-97.2719,33.1157,2194.56,false,150.02,62.64,13.66,,2209.8,,false,0
a97c9a,FFT4070 ,United States,1778033939,1778033939,-100.0127,34.7857,10683.24,false,264.55,124.46,0.0,,11010.9,3225,false,0
ac16da,SWA2259 ,United States,1778033939,1778033939,-117.6627,34.3231,9982.2,false,230.36,64.75,-4.88,,10050.78,4340,false,0
a920ed,N68799  ,United States,1778033939,1778033939,-81.635,28.1103,1066.8,false,42.33,20.64,-0.65,,1074.42,0326,false,0
84b3c9,APJ24   ,Japan,1778033785,1778033785,122.198,25.5563,7795.26,false,218.61,55.45,6.5,,8206.74,2676,false,0
851c64,JAL509  ,Japan,1778033938,1778033938,141.7825,42.9072,815.34,false,117.23,343.95,-3.58,,853.44,3334,false,0
750450,AXM462  ,Malaysia,1778033873,1778033873,102.8939,-0.3886,10050.78,false,241.43,141.05,0.0,,10767.06,2156,false,0
750451,AXM492  ,Malaysia,1778033939,1778033939,102.5354,1.6852,9174.48,false,227.15,123.55,4.55,,9799.32,2172,false,0
c04b8e,CGCPX   ,Canada,1778033939,1778033939,-89.4891,48.5587,3139.44,false,97.68,336.41,6.5,,2933.7,,false,0
75043f,AXM6077 ,Malaysia,1778033939,1778033939,116.0455,5.9236,53.34,false,51.21,22.44,0.0,,60.96,,false,0
863c44,"",Japan,1778033680,1778033681,130.5421,32.9096,2644.14,false,139.99,255.96,-7.48,,2781.3,,false,0
8966c3,ETD6PX  ,United Arab Emirates,1778033938,1778033939,-11.5092,41.9483,11277.6,false,263.59,107.37,0.0,,11330.94,3130,false,0
ac4c67,SWA3512 ,United States,1778033939,1778033939,-111.4885,32.8022,10980.42,false,185.39,278.94,0.0,,11170.92,3705,false,0
a97c85,SKW4289 ,United States,1778033939,1778033939,-97.936,47.0229,10370.82,false,222.1,289.48,-0.33,,10073.64,,false,0
a6982f,N524EA  ,United States,1778033939,1778033939,-70.9827,42.5786,944.88,false,118.54,93.48,0.33,,914.4,7241,false,0
abe3c8,SWA2051 ,United States,1778033679,1778033720,-111.4877,37.2839,10203.18,false,253.24,246.66,-4.88,,10279.38,2140,false,0
a74eb4,N570D   ,United States,1778033938,1778033938,-111.9052,33.6265,,true,3.86,45.0,,,,4132,false,0
851c86,JAL607  ,Japan,1778033939,1778033939,134.1416,34.8485,11582.4,false,163.02,252.37,0.0,,11993.88,4641,false,0
ae56e1,G20633  ,United States,1778033939,1778033939,-92.8865,44.9482,792.48,false,47.33,269.38,-0.33,,746.76,,false,0
aab0ba,SWA1130 ,United States,1778033939,1778033939,-97.7278,41.1579,11582.4,false,186.69,261.6,0.0,,11551.92,7400,false,0
ae56bc,EVAC03  ,United States,1778033937,1778033939,-157.8878,21.363,182.88,false,11.74,118.81,-2.28,,213.36,,false,0
a55218,AAL1657 ,United States,1778033939,1778033939,-110.631,34.4167,8191.5,false,160.43,245.16,-8.13,,8267.7,,false,0
a4dba2,N412AV  ,United States,1778033939,1778033939,-81.2667,35.6407,2278.38,false,101.82,58.64,0.0,,2308.86,,false,0
84b3eb,"",Japan,1778033939,1778033939,141.6913,42.771,144.78,false,66.06,171.49,11.7,,129.54,,false,0
8966a8,ETD99E  ,United Arab Emirates,1778033932,1778033932,34.6829,35.3566,10355.58,false,216.84,315.96,0.33,,10492.74,7343,false,0
8966a9,ETD142  ,United Arab Emirates,1778033554,1778033859,55.3012,23.488,5798.82,false,225.55,44.45,0.0,,7094.22,3067,false,0
ad23be,SY46    ,United States,1778033935,1778033938,-87.1745,30.4923,365.76,false,54.15,345.7,-1.3,,342.9,1402,false,0
ab2c8e,UAL1261 ,United States,1778033937,1778033937,-86.6722,36.1236,,true,7.46,312.19,,,,1647,false,0
ac03f2,ASH4036 ,United States,1778033939,1778033939,-77.5719,38.6207,4389.12,false,170.31,190.97,16.58,,4488.18,7036,false,0
a5b59d,SWA393  ,United States,1778033937,1778033938,-97.3928,28.024,1485.9,false,142.36,240.56,-10.08,,1501.14,,false,0
a074d6,N12876  ,United States,1778033939,1778033939,-85.8115,31.2921,800.1,false,39.1,237.36,0.33,,800.1,,false,0
ae2019,FOXX66  ,United States,1778033933,1778033939,-111.2387,32.6243,1356.36,false,53.83,51.6,0.65,,1348.74,,false,0
a087fd,SKW5336 ,United States,1778033939,1778033939,-83.2488,36.2802,7315.2,false,225.9,135.09,-0.33,,7543.8,6734,false,0
abc058,SWA2836 ,United States,1778033940,1778033940,-106.3748,36.2758,11582.4,false,179.43,249.17,0.33,,11757.66,,false,0
a00d5b,AAL300  ,United States,1778033939,1778033939,-74.0419,41.0673,5455.92,false,196.24,291.05,6.5,,5532.12,1121,false,0
846682,JAL2745 ,Japan,1778033939,1778033939,141.147,42.2168,3657.6,false,133.56,183.98,0.0,,3764.28,2152,false,0
851cca,JAL233  ,Japan,1778033939,1778033939,135.3264,35.148,7117.08,false,169.2,251.01,-4.88,,7399.02,0417,false,0
0c21a0,DAE231  ,Panama,1778033895,1778033895,-84.2879,11.3322,9761.22,false,221.86,191.23,-9.1,,10462.26,,false,0
0c21a6,CMP866  ,Panama,1778033939,1778033939,-90.8718,14.1677,10972.8,false,226.76,293.25,-0.33,,11711.94,0242,false,0
4b8349,J09     ,Turkey,1778033938,1778033939,26.2068,39.6335,5486.4,false,34.47,0.0,0.0,,5608.32,1570,false,0
0c21a8,CMP441  ,Panama,1778033939,1778033939,-80.769,25.616,2377.44,false,145.77,18.95,-9.43,,2491.74,,false,0
717c74,KNE896  ,Saudi Arabia,1778033936,1778033936,80.9852,26.7619,586.74,false,73.06,269.19,-3.9,,548.64,,false,0
872968,ANA635  ,Japan,1778033902,1778033908,139.7865,35.5572,,true,0.0,202.5,,,,,false,0
a7e24a,EDV5059 ,United States,1778033939,1778033939,-90.4302,30.6546,6370.32,false,226.69,68.15,10.08,,6682.74,,false,0
780f35,DKH1391 ,China,1778033939,1778033940,132.6946,33.4004,9456.42,false,267.34,74.6,0.33,,9860.28,3166,false,0
4caffb,ITY674  ,Ireland,1778033930,1778033930,-17.9301,14.0717,10988.04,false,221.73,213.36,0.33,,11681.46,,false,0
a5fbdc,ASA1113 ,United States,1778033913,1778033938,-158.4277,21.3271,4251.96,false,202.33,298.39,-0.33,,4488.18,,false,0
a23a28,UAL1288 ,United States,1778033939,1778033939,-73.8133,40.8548,510.54,false,48.81,212.52,-2.6,,472.44,1350,false,0
a5c895,AAL2298 ,United States,1778033939,1778033939,-105.3886,39.7228,9745.98,false,212.45,300.73,0.0,,9799.32,0511,false,0
a23a26,CXK180  ,United States,1778033939,1778033939,-121.8241,38.4106,685.8,false,51.51,325.99,-1.3,,670.56,1200,false,0
a98edc,CKS601  ,United States,1778033896,1778033896,129.6559,37.2648,8839.2,false,267.16,121.46,0.0,,9075.42,4312,false,0
a5b56c,UPS1351 ,United States,1778033939,1778033939,-82.2515,31.5976,10675.62,false,235.62,27.57,0.0,,11148.06,3755,false,0
a181d3,N1967S  ,United States,1778033939,1778033939,-118.0218,34.1115,342.9,false,43.68,147.99,-4.23,,312.42,,false,0
a324b0,SKW3707 ,United States,1778033755,1778033758,-122.3179,47.4627,114.3,false,66.36,180.0,-1.95,,114.3,3371,false,0
780f3e,CES570  ,China,1778033938,1778033939,89.4382,53.1114,10058.4,false,266.69,115.48,0.0,,10111.74,,false,0
a61bed,ASA1155 ,United States,1778033832,1778033837,-157.9366,21.3253,0.0,false,71.51,89.59,0.0,,22.86,,false,0
ad0088,JSX203  ,United States,1778033939,1778033939,-96.7713,33.0697,1287.78,false,122.17,153.22,0.65,,1264.92,,false,0
aac5a9,N7931D  ,United States,1778033498,1778033691,-88.4323,41.4191,1242.06,false,109.6,232.05,1.95,,1173.48,6247,false,0
0c21dd,CMP456  ,Panama,1778033726,1778033726,-99.9801,22.938,11582.4,false,226.64,311.69,0.0,,12298.68,,false,0
0c21dc,CMP821  ,Panama,1778033940,1778033940,-55.2148,-24.489,11277.6,false,231.52,149.56,0.0,,11955.78,,false,0
a6c248,UAL759  ,United States,1778033939,1778033939,-75.6215,41.0248,4122.42,false,204.6,110.3,-7.8,,4183.38,6547,false,0
a181a7,N1966H  ,United States,1778033939,1778033939,140.2003,35.5197,2072.64,false,142.02,8.54,-1.95,,2209.8,3666,false,0
4076b0,TOM50W  ,United Kingdom,1778033939,1778033939,-2.404,53.2868,472.44,false,66.28,51.62,-2.93,,533.4,1102,false,0
851ca8,JAL626  ,Japan,1778033939,1778033939,136.6138,34.4661,10058.4,false,277.49,75.83,0.0,,10485.12,,false,0
7000a5,KMF9920 ,Afghanistan,1778033939,1778033939,41.2298,40.9533,11277.6,false,251.33,92.7,0.0,,11285.22,5147,false,0
846658,FDA362  ,Japan,1778033939,1778033939,137.6444,36.2783,6096.0,false,186.6,210.67,0.0,,6355.08,2253,false,0
a23a03,UAL1312 ,United States,1778033940,1778033940,-83.305,27.9352,3116.58,false,191.14,99.92,-4.88,,3261.36,,false,0
75049f,AXM346  ,Malaysia,1778033902,1778033902,103.622,0.9217,10995.66,false,233.22,133.84,2.6,,11742.42,2130,false,0
a12d67,SKW3313 ,United States,,1778033939,,,,false,6.43,129.38,,,,,false,0
aa6337,CAP835  ,United States,1778033940,1778033940,-84.4922,30.4017,1188.72,false,52.0,272.27,2.28,,1219.2,,false,0
ae5939,TALON31 ,United States,1778033934,1778033934,-78.5017,34.7109,617.22,false,103.44,91.42,5.53,,624.84,,false,0
407795,EZY68ZN ,United Kingdom,1778033939,1778033939,24.6012,39.299,11582.4,false,196.14,318.83,0.0,,11765.28,2066,false,0
01024c,MSC2909 ,Egypt,1778033939,1778033939,12.8748,49.2926,10668.0,false,224.48,141.61,0.0,,10706.1,3637,false,0
a5fd2d,SWA1953 ,United States,1778033939,1778033939,-98.3525,40.7333,11277.6,false,288.82,80.67,0.0,,11269.98,,false,0
01024e,MSC2933 ,Egypt,1778033939,1778033939,10.7437,52.149,6278.88,false,205.05,121.46,7.48,,6324.6,1127,false,0
a697db,ASA549  ,United States,1778033939,1778033939,-98.0895,33.1231,7833.36,false,201.78,293.75,9.1,,8107.68,,false,0
a697da,N524AR  ,United States,1778033939,1778033939,-117.9267,34.1434,1379.22,false,68.42,216.44,0.65,,1371.6,,false,0
780dde,CSC3651 ,China,1778033743,1778033743,113.5749,23.409,5699.76,false,199.6,0.15,5.85,,4770.12,,false,0
ac4ca8,SWA3610 ,United States,1778033939,1778033939,-106.4684,34.9283,10972.8,false,188.1,292.01,0.0,,11209.02,6504,false,0
a85d15,N638SS  ,United States,1778033940,1778033940,-118.1635,33.7867,1524.0,false,51.47,88.28,0.33,,1493.52,,false,0
a4ca20,N4078P  ,United States,1778033939,1778033939,-156.0433,19.728,0.0,false,0.0,0.0,0.0,,38.1,1200,false,0
a4dd65,AAL1878 ,United States,1778033939,1778033939,-94.1335,34.1247,10972.8,false,174.49,249.64,0.33,,11399.52,1655,false,0
aa0e62,AAL2981 ,United States,1778033939,1778033939,-90.0057,36.0691,11894.82,false,259.96,42.59,0.0,,12268.2,2241,false,0
86803d,SKY711  ,Japan,1778033939,1778033939,139.7968,35.5517,-30.48,false,81.62,149.72,9.43,,38.1,,false,0
a684d2,N519W   ,United States,1778033939,1778033939,-78.6984,34.6237,13716.0,false,194.93,214.57,0.0,,14058.9,1776,false,0
aa88fb,RPA3646 ,United States,1778033803,1778033906,-77.4408,38.9502,,true,0.0,182.81,,,,,false,0
abd302,ERU861  ,United States,1778033939,1778033939,-81.2023,28.7901,365.76,false,46.37,33.69,2.6,,381.0,,false,0
a3bd81,EDV5184 ,United States,1778033864,1778033864,-82.2932,37.6862,4564.38,false,200.57,31.9,-8.13,,4808.22,3173,false,0
a1d1d0,SWA2316 ,United States,1778033939,1778033939,-95.6195,30.4696,7612.38,false,222.11,336.52,9.43,,7985.76,,false,0
868056,JAL31   ,Japan,1778033939,1778033939,139.0412,35.0958,8747.76,false,197.91,261.03,8.45,,9121.14,3614,false,0
7c421c,NCE     ,Australia,1778033865,1778033866,145.1755,-37.0526,1318.26,false,75.5,5.87,-2.6,,1295.4,6644,false,0
881054,NOK361  ,Thailand,1778033939,1778033939,100.8237,14.4363,3078.48,false,155.12,261.22,-7.8,,3230.88,,false,0
aa75c6,SKW4655 ,United States,1778033940,1778033940,-90.4875,39.2881,11056.62,false,265.29,25.87,-2.6,,11262.36,,false,0
010280,NMA611  ,Egypt,1778033938,1778033938,32.0214,29.3456,10660.38,false,236.24,143.68,0.0,,11018.52,1614,false,0
4d002a,TEST1234,Luxembourg,,1778033937,,,,false,284.62,328.75,-47.14,,,,false,0
ac4cc4,N892AB  ,United States,1778033939,1778033939,-80.3459,35.1377,13106.4,false,245.2,188.81,-0.33,,13464.54,0762,false,0
868088,SKY170  ,Japan,1778033939,1778033939,135.7605,35.8037,9593.58,false,179.99,221.76,-5.2,,9959.34,4640,false,0
a947a3,N6974H  ,United States,1778033939,1778033939,-117.3868,33.1478,403.86,false,52.43,317.39,-3.25,,373.38,,false,0
a73d45,ASA69   ,United States,1778033939,1778033939,-126.0825,50.7672,10980.42,false,223.01,324.29,0.0,,11224.26,,false,0
7c4209,        ,Australia,1778033715,1778033715,151.1791,-33.9357,,true,0.19,98.44,,,,7207,false,0
abf96c,SWA2211 ,United States,1778033939,1778033939,-110.9418,34.2411,7589.52,false,163.1,227.3,-12.68,,7665.72,4621,false,0
abd30f,FDX5262 ,United States,1778033938,1778033939,-117.8852,49.7993,10668.0,false,259.17,114.89,0.0,,10835.64,,false,0
a6e7e0,N544ME  ,United States,1778033650,1778033654,-80.2695,40.1452,563.88,false,47.18,205.17,-6.18,,495.3,,false,0
abe65a,AAL1216 ,United States,1778033939,1778033939,-96.3208,32.3559,10363.2,false,201.61,311.17,0.0,,10805.16,,false,0
abf995,SWA2145 ,United States,1778033939,1778033939,-106.1546,34.3566,10972.8,false,166.74,268.41,0.0,,11224.26,0163,false,0
a707a3,JBU572  ,United States,1778033939,1778033939,-77.0362,37.2224,10660.38,false,212.15,15.18,0.0,,10942.32,,false,0
a8028a,JIA5511 ,United States,1778033939,1778033939,-82.1879,33.4803,891.54,false,106.94,78.91,0.33,,906.78,6233,false,0
aa88d2,AAL1887 ,United States,1778033939,1778033939,-84.3938,37.5349,10347.96,false,190.69,309.75,-0.33,,10622.28,5713,false,0
ae5964,SHADO74 ,United States,1778033939,1778033939,-106.6466,35.0447,1767.84,false,86.95,88.98,-3.58,,1744.98,,false,0
ad398e,NDU51   ,United States,1778033720,1778033721,-97.2245,47.6187,891.54,false,51.41,346.1,-2.6,,830.58,,false,0
7503d6,MXD381  ,Malaysia,1778033911,1778033937,106.2889,-5.7485,4678.68,false,192.95,301.15,11.38,,3771.9,2370,false,0
a35a97,N315NG  ,United States,1778033939,1778033939,-112.0715,33.4565,1021.08,false,71.71,306.54,7.8,,998.22,,false,0
a7e279,JIA5194 ,United States,1778033939,1778033939,-80.2466,35.3943,2735.58,false,163.36,62.63,0.0,,2788.92,5257,false,0
01022d,MSC2913 ,Egypt,1778033939,1778033939,12.1862,47.9163,11269.98,false,227.07,136.47,0.0,,11308.08,2540,false,0
a0891c,N1333E  ,United States,1778033939,1778033939,-80.7503,26.1648,914.4,false,52.57,168.14,0.0,,944.88,6663,true,0
a3aa0c,N335TA  ,United States,1778033939,1778033939,-135.8569,56.3235,8534.4,false,120.26,311.53,-0.98,,8557.26,,false,0
7c424a,FBIR302 ,Australia,1778033902,1778033910,151.4819,-32.9513,144.78,false,31.02,264.29,-1.95,,243.84,,false,0
c04d13,WEN3567 ,Canada,1778033939,1778033939,-121.9337,49.5057,6096.0,false,149.99,248.89,0.0,,6271.26,,false,0
868043,SKY710  ,Japan,1778033667,1778033667,141.1609,39.7235,11582.4,false,209.15,191.78,0.0,,11795.76,7363,false,0
a564ab,AAL297  ,United States,1778033939,1778033939,-121.3557,33.6423,9753.6,false,248.09,261.53,0.0,,9906.0,1013,false,0
a48d84,N3927   ,United States,1778033939,1778033939,-157.946,21.1653,426.72,false,44.1,286.96,0.98,,472.44,1200,false,0
a3bd61,AUB1340 ,United States,1778033920,1778033921,-85.746,32.638,1082.04,false,79.35,32.56,-0.65,,1066.8,,false,0
a0d90c,AAL3252 ,United States,1778033938,1778033938,-86.5937,32.2557,9151.62,false,203.46,313.05,0.33,,9585.96,5765,false,0
868038,SKY006  ,Japan,1778033934,1778033937,136.112,34.3672,11277.6,false,263.65,103.66,0.0,,11696.7,4622,false,0
a7e297,N607PT  ,United States,1778033924,1778033938,-80.6038,25.6438,548.64,false,40.65,91.45,-0.65,,502.92,,false,0
abd1e3,SWA1040 ,United States,1778033939,1778033939,-92.9856,31.7712,11582.4,false,189.64,232.38,0.0,,12131.04,2273,false,0
a801de,FFT3288 ,United States,1778033939,1778033939,-76.7432,37.7797,11277.6,false,208.5,27.96,0.0,,11544.3,2233,false,0
a00ce0,RPA4685 ,United States,1778033939,1778033939,-86.9647,40.1846,8229.6,false,238.5,126.85,0.0,,8321.04,6511,false,0
a1f94c,SWA3223 ,United States,1778033939,1778033939,-85.6848,34.9067,9448.8,false,273.02,141.96,-0.33,,9799.32,1314,false,0
750517,AXM5198 ,Malaysia,1778033938,1778033940,112.3251,4.9586,10058.4,false,224.22,75.52,0.0,,10782.3,,false,0
a2061e,UAL188  ,United States,1778033918,1778033923,-71.0785,39.3961,8831.58,false,267.68,99.63,0.33,,9022.08,1662,true,0
7c6813,UUD     ,Australia,1778033939,1778033939,145.1667,-38.1005,899.16,false,44.14,111.18,7.15,,922.02,1200,false,0
48ae20,LOT80   ,Poland,1778033939,1778033939,17.7172,60.529,11887.2,false,235.57,183.63,0.0,,11620.5,6021,false,0
a6c1f5,N5342P  ,United States,1778033940,1778033940,-117.1061,46.7981,1280.16,false,33.19,341.0,-1.63,,1203.96,,false,0
a7e1c6,N607FJ  ,United States,1778033939,1778033939,-149.7011,62.7016,7010.4,false,140.57,199.23,0.0,,6758.94,,false,0
a84a55,QXE2308 ,United States,1778033939,1778033939,-120.5636,47.8116,6469.38,false,172.25,276.0,-5.53,,6652.26,2167,false,0
485e49,LIFELN4 ,Kingdom of the Netherlands,1778033939,1778033939,6.4175,52.9411,388.62,false,74.81,208.33,-0.33,,396.24,6224,false,0
750528,AXM5872 ,Malaysia,1778033939,1778033939,103.5257,3.2865,8839.2,false,231.49,100.11,0.0,,9471.66,2165,false,0
ac3a83,SWA742  ,United States,1778033939,1778033939,-117.2959,34.0736,1897.38,false,107.49,241.72,-7.48,,1905.0,3265,false,0
ad5a4b,N96FA   ,United States,1778033908,1778033908,-118.7814,34.3005,685.8,false,46.71,281.43,-0.65,,678.18,0273,false,0
a97d63,JIA5263 ,United States,1778033939,1778033939,-81.0952,35.4695,3878.58,false,174.99,1.68,13.33,,3970.02,,false,0
780ea8,CHH7155 ,China,1778033938,1778033939,113.8507,22.5665,1021.08,false,89.5,153.73,5.53,,1059.18,,false,0
34764a,IBE0304 ,Spain,,1778033939,,,,false,262.53,92.02,0.0,,,,false,0
34631a,SWT180  ,Spain,1778033734,1778033734,-3.5656,40.4681,,true,10.29,2.81,,,,,false,0
48ae02,LOT6520 ,Poland,1778033936,1778033936,46.4831,40.472,12192.0,false,230.61,263.08,-0.33,,12313.92,6120,false,0
347659,IBE0156 ,Spain,1778033939,1778033939,-5.8117,39.8533,11315.7,false,271.78,83.59,-15.93,,11376.66,3534,false,0
601834,TUA532  ,Turkmenistan,1778033891,1778033891,77.0829,28.561,,true,0.0,239.06,,,,,false,0
a01fee,AAL117  ,United States,1778033939,1778033939,-90.8793,40.9726,7315.2,false,212.03,275.85,0.0,,7322.82,0457,false,0
750509,TANOM03 ,Malaysia,1778033898,1778033898,116.1154,6.0718,137.16,false,35.6,37.37,-0.65,,160.02,,false,0
a7e1cd,FFT3599 ,United States,1778033939,1778033939,-91.3871,35.3468,9151.62,false,190.79,281.04,0.0,,9471.66,2041,false,0
750501,9MSBH   ,Malaysia,1778033939,1778033939,115.3888,5.8991,1264.92,false,79.84,267.05,0.0,,1348.74,,false,0
a5ea9a,"",United States,1778033927,1778033927,-87.7573,41.7792,,true,0.26,241.88,,,,,false,0
346310,AEA042  ,Spain,1778033660,1778033660,-3.5624,40.4896,,true,9.77,180.0,,,,6251,false,0
a2afeb,SWA2664 ,United States,1778033939,1778033939,-116.6468,32.721,2712.72,false,129.53,263.16,-4.23,,2720.34,2607,false,0
a1701b,FDX1378 ,United States,1778033939,1778033939,-95.3971,32.8922,10736.58,false,299.28,83.49,10.4,,11178.54,,false,0
a20675,N23DC   ,United States,1778033939,1778033939,-78.4028,38.9408,8382.0,false,224.52,276.05,12.03,,8580.12,0533,false,0
c05efd,JZA324  ,Canada,1778033938,1778033938,-124.8446,49.6842,899.16,false,86.43,130.9,13.66,,899.16,,false,0
a791c0,AAL2213 ,United States,1778033939,1778033939,-75.0459,39.7539,4846.32,false,197.47,33.52,-7.15,,4945.38,1413,false,0
a43306,N37SD   ,United States,1778033927,1778033927,-90.0835,41.3522,1554.48,false,64.57,168.51,0.0,,1478.28,,false,0
a0b34f,N144UA  ,United States,1778033933,1778033933,139.3597,35.7415,,true,3.34,343.12,,,,,false,0
7c6842,NWK2931 ,Australia,1778033938,1778033939,116.8043,-29.744,9761.22,false,187.27,190.45,0.0,,10104.12,4266,false,0
a4ca6a,ASA534  ,United States,1778033925,1778033927,-116.4536,36.6244,8755.38,false,205.58,131.35,-10.4,,8854.44,,false,0
a1d332,N21670  ,United States,1778033937,1778033939,-82.0479,27.9893,129.54,false,39.1,89.25,-2.28,,144.78,1200,false,0
ac1934,EJA879  ,United States,1778033939,1778033939,-93.9386,40.8219,4099.56,false,204.21,19.58,-11.7,,4023.36,,false,0
01027c,NMA691  ,Egypt,1778033939,1778033939,25.2879,39.4318,10675.62,false,253.94,157.49,0.0,,10858.5,7434,false,0
a7f4e7,UAL1757 ,United States,1778033939,1778033939,-113.968,41.3324,11582.4,false,260.14,252.03,0.33,,11711.94,6010,true,0
76cef6,SIA336  ,Singapore,1778033561,1778033937,38.3506,41.1257,10363.2,false,250.02,276.38,0.0,,10332.72,3246,false,0
40771a,VIR8Y   ,United Kingdom,1778033938,1778033939,-82.5716,45.5458,11277.6,false,298.82,68.38,0.0,,11117.58,3660,false,0
76cef9,SIA892  ,Singapore,1778033938,1778033939,104.2815,2.9495,9768.84,false,256.48,30.63,8.78,,10439.4,,false,0
a19662,N201GT  ,United States,1778033900,1778033903,-115.1259,33.5624,2628.9,false,69.31,275.96,0.0,,2598.42,1510,false,0
76ceef,SIA25   ,Singapore,1778033912,1778033912,-66.5835,44.6754,10668.0,false,261.87,49.14,0.0,,10767.06,1667,false,0
7c6820,UUQ     ,Australia,1778033939,1778033939,145.2554,-38.1389,1028.7,false,54.33,155.38,-0.65,,1051.56,1200,false,0
c0055d,CFCAU   ,Canada,1778033938,1778033938,-122.3312,49.0502,365.76,false,35.5,270.0,-2.93,,335.28,,false,0
a44611,UAL1420 ,United States,1778033939,1778033939,-97.8932,34.5189,10363.2,false,212.06,331.13,0.33,,10713.72,,false,0
ac1951,RPA5751 ,United States,1778033939,1778033939,-75.6834,39.9142,6096.0,false,183.26,231.04,-0.33,,6195.06,7164,false,0
a0b333,N144SY  ,United States,1778033687,1778033690,-86.6721,36.1315,,true,0.0,36.56,,,,,false,0
347605,AEA176  ,Spain,1778033939,1778033939,-9.1932,40.7963,12192.0,false,265.82,94.66,0.0,,12268.2,3751,false,0
ac5fc9,ERU897  ,United States,1778033879,1778033880,-81.2332,28.7699,0.0,false,30.36,90.97,-1.95,,0.0,,false,0
a5ea5c,UAL1550 ,United States,1778033938,1778033938,-104.6831,39.8592,,true,0.0,270.0,,,,,false,0
a31370,CSB129  ,United States,1778033939,1778033939,-107.6184,32.1973,7879.08,false,271.52,97.73,-13.98,,8084.82,2030,false,0
a05087,GTX321  ,United States,1778033939,1778033939,-81.4045,39.7381,1859.28,false,71.88,283.24,-0.33,,1836.42,,false,0
a1c03a,UCA4810 ,United States,1778033939,1778033939,-91.0003,33.1316,11277.6,false,277.67,61.2,-0.33,,11719.56,7210,false,0
780f84,CSH801  ,China,1778033866,1778033882,122.9211,27.2692,9144.0,false,242.35,159.76,0.0,,9578.34,,false,0
a54016,N4374U  ,United States,1778033939,1778033939,-120.5571,35.172,342.9,false,39.78,5.19,-1.95,,312.42,,false,0
a4200d,DAL1529 ,United States,1778033939,1778033939,-84.305,41.585,5646.42,false,208.8,32.32,-4.23,,5646.42,2426,false,0
c05eb1,ACA471  ,Canada,1778033939,1778033939,-75.8681,45.2724,2461.26,false,124.7,266.69,19.51,,2346.96,,false,0
ab2d3a,N8190Y  ,United States,1778033937,1778033937,-149.9683,61.1853,,true,4.63,213.75,,,,5476,true,0
a98fbb,N715MH  ,United States,1778033939,1778033939,-107.8663,32.1623,3070.86,false,70.8,275.42,0.0,,3116.58,,false,0
aa763f,AAL1075 ,United States,1778033939,1778033939,-83.0736,34.5802,6842.76,false,198.27,232.8,-7.8,,7094.22,5134,false,0
a5666e,UPS1315 ,United States,1778033939,1778033939,-82.1306,33.6069,10972.8,false,202.51,334.74,0.0,,11391.9,2661,false,0
a3bcff,N34WX   ,United States,1778033888,1778033888,-92.6967,30.3142,3848.1,false,112.51,64.26,5.2,,3962.4,,false,0
ad6d03,SWA3890 ,United States,1778033939,1778033939,-111.8575,33.4406,1028.7,false,87.97,270.0,-4.88,,1013.46,,false,0
a86faf,N64249  ,United States,1778033939,1778033939,-122.0709,37.5746,274.32,false,38.94,313.39,0.0,,281.94,,false,0
a5c983,N472LA  ,United States,1778033939,1778033939,-118.4548,34.1988,327.66,false,23.83,302.66,0.65,,312.42,,false,0
c05eb6,ACA345  ,Canada,1778033939,1778033939,-117.9962,50.4352,9136.38,false,200.12,252.5,-0.33,,9288.78,,false,0
750581,MXD2407 ,Malaysia,1778033845,1778033845,103.0368,1.7227,4511.04,false,192.59,94.9,-18.21,,4785.36,0331,false,0
c05ee5,ACA745  ,Canada,1778033850,1778033878,-108.1123,44.7348,10972.8,false,223.45,242.14,0.0,,10850.88,,false,0
750582,MXD571  ,Malaysia,1778033938,1778033938,101.6791,2.8221,594.36,false,114.42,346.21,6.83,,609.6,,false,0
c05ee1,ACA579  ,Canada,1778033930,1778033932,-104.686,39.8504,,true,0.0,222.19,,,,,false,0
ac04ae,SWA1849 ,United States,1778033933,1778033938,-104.6777,39.8655,,true,0.0,2.81,,,,,false,0
39a208,FPO6RB  ,France,1778033939,1778033939,4.9724,51.5618,10668.0,false,233.91,40.45,0.0,,10599.42,1000,false,0
39a205,FPO8IE  ,France,1778033939,1778033939,3.9673,48.902,8869.68,false,211.02,99.12,8.78,,8823.96,1000,false,0
75056c,MXD2101 ,Malaysia,1778033919,1778033919,101.6308,3.393,5684.52,false,184.94,132.75,-2.28,,6065.52,,false,0
ac04c6,SKW5406 ,United States,1778033939,1778033939,-93.084,42.6521,10363.2,false,170.94,284.29,-0.33,,10279.38,6565,false,0
aa6303,AMX956  ,United States,1778033939,1778033939,-98.9352,19.5146,3329.94,false,142.05,59.53,8.78,,3512.82,,false,0
a0b35c,UPS1207 ,United States,1778033939,1778033939,-80.615,38.4339,9745.98,false,209.87,255.52,0.65,,9974.58,2461,false,0
a5c990,N472LP  ,United States,1778033939,1778033939,-112.4028,33.2223,1988.82,false,36.12,197.4,0.65,,2004.06,,false,0
c05ed0,ACA1127 ,Canada,1778033939,1778033939,-82.04,44.9747,10050.78,false,196.57,312.88,4.55,,9936.48,0532,false,0
ac04be,ASH6239 ,United States,1778033902,1778033902,-77.4418,38.9505,,true,2.06,182.81,,,,7546,false,0
75057a,MAS141  ,Malaysia,1778033939,1778033939,103.267,1.196,8763.0,false,234.14,123.62,3.25,,9342.12,2147,false,0
0101df,MSR982  ,Egypt,1778033932,1778033932,30.6787,31.8636,9784.08,false,278.68,145.61,-6.83,,10066.02,1612,false,0
ac04d3,SWA116  ,United States,1778033939,1778033939,-107.995,35.0641,11277.6,false,288.98,62.89,0.0,,11506.2,,false,0
750585,AXM605  ,Malaysia,1778033862,1778033870,101.8596,2.503,1120.14,false,105.91,324.69,0.0,,1165.86,1445,false,0
750586,AXM582  ,Malaysia,1778033772,1778033773,112.9266,8.3635,10668.0,false,231.47,51.68,-0.33,,11452.86,,false,0
8691aa,ANA110  ,Japan,1778033939,1778033939,140.653,35.9855,7246.62,false,247.68,105.91,6.5,,7543.8,3104,false,0
aab1af,SWA3386 ,United States,1778033939,1778033939,-87.9405,35.7275,12496.8,false,278.39,67.51,0.33,,12870.18,2221,false,0
a70942,ASI65   ,United States,1778033938,1778033939,-111.9179,32.9976,1424.94,false,52.27,173.78,2.93,,1409.7,,false,0
750555,MAS1038 ,Malaysia,1778033939,1778033939,102.0476,2.8184,3954.78,false,158.75,282.73,0.0,,4183.38,,false,0
a5b616,N46709  ,United States,1778033939,1778033939,-80.6808,28.2533,1386.84,false,47.39,339.01,-0.65,,1409.7,,false,0
a82903,EDV5099 ,United States,1778033939,1778033939,-82.3563,35.667,3581.4,false,175.96,191.64,-6.18,,3649.98,0405,false,0
85c1a4,N       ,Japan,1778033825,1778033825,137.7281,36.5672,2872.74,false,57.62,127.38,-2.28,,3009.9,,false,0
a4dca5,LBQ640  ,United States,1778033939,1778033939,-90.1915,30.7829,3634.74,false,138.77,184.25,-3.58,,3802.38,,false,0
ac04f5,SWA2597 ,United States,1778033939,1778033939,-95.4568,35.6674,12192.0,false,209.98,181.68,0.0,,12550.14,,false,0
a1c05d,UCA4839 ,United States,1778033939,1778033939,-96.9049,32.635,7917.18,false,193.92,304.41,-0.33,,8252.46,,false,0
a70965,N5521S  ,United States,1778033939,1778033939,-119.0518,35.4346,,true,1.29,151.88,,,,,false,0
c05ea6,ACA119  ,Canada,1778033939,1778033939,-123.3363,49.2835,1135.38,false,101.9,253.58,-10.4,,1135.38,6314,false,0
a30052,N29274  ,United States,1778033939,1778033939,-85.5784,32.7706,1402.08,false,51.62,299.89,-1.95,,1409.7,,false,0
a96a7d,N7057Q  ,United States,1778033939,1778033939,-94.2737,41.4457,1714.5,false,54.79,77.53,0.33,,1653.54,,false,0
acf1a3,PDT5857 ,United States,1778033913,1778033913,-75.5806,38.4428,480.06,false,100.31,213.28,-6.18,,563.88,1742,false,0
a075a3,FDX5047 ,United States,1778033939,1778033939,-0.0328,49.183,9151.62,false,237.07,279.87,0.0,,9105.9,0654,false,0
a57997,AAL2009 ,United States,1778033939,1778033939,-106.9128,43.7305,10363.2,false,219.41,310.15,0.0,,10241.28,0750,false,0
acbffd,AAL2446 ,United States,1778033939,1778033939,-88.5755,42.0961,4427.22,false,173.3,291.23,13.33,,4351.02,0270,false,0
7c68b8,QLK1972 ,Australia,1778033928,1778033933,146.954,-36.0689,,true,0.0,216.56,,,,,true,0
7c68b6,QLK1802 ,Australia,1778033939,1778033939,153.1954,-27.2676,685.8,false,90.19,207.15,-4.55,,777.24,1552,false,0
a69582,EJA523  ,United States,1778033933,1778033937,-84.5227,33.7767,,true,0.0,208.12,,,,0355,false,0
a98bc2,JRE714  ,United States,1778033940,1778033940,-80.0257,35.9462,13106.4,false,198.51,201.91,0.0,,13434.06,2156,false,0
40749b,BAW51B  ,United Kingdom,1778033940,1778033940,-70.6433,42.4183,3200.4,false,156.46,6.8,5.85,,3223.26,,false,0
40749a,BAW34   ,United Kingdom,1778033939,1778033940,17.994,47.5747,12192.0,false,230.41,293.42,0.0,,12283.44,4211,false,0
7c68a9,QLK1949 ,Australia,1778033939,1778033939,151.2292,-33.0789,10972.8,false,240.0,182.7,0.0,,11231.88,1041,false,0
a097cc,UAL1422 ,United States,1778033938,1778033938,-77.4527,38.9473,,true,6.17,270.0,,,,,false,0
a097ce,UAL1106 ,United States,1778033932,1778033932,-106.2385,34.9586,4351.02,false,146.62,270.6,-9.1,,4450.08,,false,0
4caeb0,NOS2421 ,Ireland,1778033939,1778033939,-4.3495,34.7037,10972.8,false,250.43,38.49,0.0,,11201.4,6467,false,0
aa735a,SWA1518 ,United States,1778033935,1778033937,-122.2127,37.7098,,true,0.0,126.56,,,,,false,0
ae5678,G20525  ,United States,,1778033870,,,,false,52.05,273.4,-0.98,,,,false,0
a8cebc,FDX1328 ,United States,1778033939,1778033939,-80.5865,41.8073,10363.2,false,195.39,237.69,0.0,,10469.88,4143,false,0
a45592,DAL463  ,United States,1778033939,1778033939,-75.357,39.411,6705.6,false,237.45,34.59,-13.33,,6865.62,0721,false,0
ab805a,FDX22   ,United States,1778033938,1778033939,-122.0574,57.0649,11277.6,false,271.25,116.95,-0.33,,11407.14,,false,0
a44257,UAL709  ,United States,1778033938,1778033939,-97.3476,40.0782,11277.6,false,299.41,89.9,0.0,,11330.94,6551,false,0
a6d241,JIA5071 ,United States,1778033939,1778033939,-88.4354,43.1207,4358.64,false,150.84,272.15,-8.45,,4244.34,6567,false,0
a44258,UAL1518 ,United States,1778033939,1778033939,-74.6295,40.6328,1859.28,false,156.48,13.31,0.33,,1859.28,1151,false,0
c001e2,ASP869  ,Canada,1778033939,1778033939,-79.6962,46.7491,12496.8,false,263.2,111.2,0.0,,12344.4,,false,0
a9eeb6,RPA3477 ,United States,1778033939,1778033939,-77.9228,40.3096,6096.0,false,166.62,265.75,0.33,,6187.44,1506,false,0
84b77f,APJ922  ,Japan,1778033939,1778033939,121.2671,25.0952,579.12,false,82.53,50.06,6.18,,632.46,,false,0
c027e8,CFPCX   ,Canada,1778033936,1778033936,-123.1635,49.183,7.62,false,12.01,99.87,0.0,,-15.24,,false,0
a5622d,N446PA  ,United States,1778033939,1778033939,-121.1899,44.247,1264.92,false,65.08,129.23,-1.95,,1257.3,,false,0
a5d86c,N476LP  ,United States,1778033655,1778033655,-112.296,33.5279,,true,2.83,98.44,,,,,false,0
a0e7f4,AAL1497 ,United States,1778033939,1778033939,-91.6277,40.6811,10972.8,false,174.42,268.99,0.0,,11056.62,2654,false,0
a071c8,DAL2699 ,United States,1778033932,1778033938,-93.2048,44.8831,,true,0.06,225.0,,,,7677,false,0
ad2384,DAL2987 ,United States,1778033939,1778033939,-78.0851,37.5911,6400.8,false,225.73,106.82,0.0,,6560.82,3661,false,0
71ba11,ABL111  ,Republic of Korea,1778033939,1778033939,140.4855,35.6124,1905.0,false,140.2,149.58,14.96,,2019.3,3232,false,0
71ba16,JNA361  ,Republic of Korea,1778033938,1778033938,126.9674,26.6814,11582.4,false,187.3,215.61,0.0,,12192.0,,false,0
a4b89f,N403JS  ,United States,1778033939,1778033939,-100.2803,32.8534,13106.4,false,181.79,290.02,0.33,,13540.74,7472,false,0
7c68cb,"",Australia,1778033936,1778033936,138.5416,-34.9395,,true,5.4,75.94,,,,,false,0
7c68ce,QLK357  ,Australia,1778033939,1778033939,153.1917,-26.5335,7924.8,false,186.96,342.71,6.5,,8336.28,4427,false,0
34728c,LAN621  ,Spain,1778033939,1778033939,-98.8368,19.0231,6454.14,false,158.21,183.36,3.9,,6888.48,4250,false,0
ac5e01,SWA244  ,United States,1778033939,1778033939,-112.2408,33.3343,3368.04,false,138.68,83.82,-3.25,,3398.52,7243,false,0
71ba00,KAL1075 ,Republic of Korea,1778033939,1778033940,126.9172,37.2695,2164.08,false,145.59,179.6,9.43,,2255.52,7415,false,0
7c68c7,QLK1909 ,Australia,1778033922,1778033934,147.0574,-34.4141,,false,216.77,265.37,-0.33,,,1546,false,0
c027ea,ADSBTEST,Canada,1778033932,1778033937,-123.1713,49.1804,,true,0.0,143.44,,,,,false,0
a44291,DAL1356 ,United States,1778033939,1778033939,-82.731,39.9931,952.5,false,86.36,275.81,-1.95,,891.54,3674,false,0
84b750,ANA748  ,Japan,1778033939,1778033939,140.1124,35.8565,1798.32,false,125.05,192.84,-3.58,,1927.86,2145,false,0
a8251a,N624AA  ,United States,1778033939,1778033939,-98.4288,29.9628,1821.18,false,71.57,272.47,-3.9,,1828.8,,false,0
7c68d4,QLK1948 ,Australia,1778033939,1778033939,153.2094,-28.0097,5875.02,false,169.57,22.29,-8.45,,6164.58,,false,0
4caed3,BCS5302 ,Ireland,1778033940,1778033940,11.4417,49.8707,11277.6,false,225.79,114.93,0.0,,11269.98,7703,false,0
a4b7d7,ASA553  ,United States,1778033939,1778033939,-113.0426,42.7418,11887.2,false,257.41,124.17,0.33,,11963.4,,false,0
a071ec,FDX6238 ,United States,1778033939,1778033939,7.8928,48.2834,11277.6,false,248.55,110.35,0.0,,11247.12,7557,false,0
7b103c,"",China,1778033690,1778033690,113.9145,22.3132,,true,15.95,278.44,,,,,false,0
aa1e38,SKW5494 ,United States,1778033938,1778033938,-104.6832,39.8582,,true,0.0,270.0,,,,,false,0
a3cd58,DAL1677 ,United States,1778033939,1778033939,-94.7534,30.4332,9144.0,false,195.22,258.6,0.0,,9616.44,3412,false,0
a1f4cd,ENY3648 ,United States,1778033930,1778033930,-79.7992,36.2049,906.78,false,70.57,225.59,0.0,,906.78,6264,false,0
a7f286,9671    ,United States,1778033939,1778033939,-153.0517,63.4012,12496.8,false,232.37,142.01,0.0,,12252.96,5142,false,0
a62d26,N4975F  ,United States,1778033939,1778033939,-117.1525,32.8043,396.24,false,56.11,121.5,-0.65,,373.38,,false,0
aae958,AAL754  ,United States,1778033939,1778033939,-74.3606,39.8173,5707.38,false,236.13,90.25,10.08,,5829.3,1633,false,0
a49d22,DAL2321 ,United States,1778033939,1778033939,-74.8615,39.9475,4206.24,false,177.01,47.83,-10.4,,4282.44,7405,false,0
a4da13,RPA4350 ,United States,1778033940,1778033940,-79.5684,36.0634,8907.78,false,246.87,54.16,-7.8,,9166.86,2567,false,0
ab0971,AAL1582 ,United States,1778033938,1778033938,-71.561,41.8504,647.7,false,90.64,132.93,-0.33,,609.6,7525,false,0
7504ec,AXM5105 ,Malaysia,1778033939,1778033939,116.0558,6.0849,1470.66,false,142.97,280.78,15.28,,1584.96,,false,0
a49d16,DAL585  ,United States,1778033920,1778033920,-96.6682,23.6594,10972.8,false,229.43,190.86,0.0,,11650.98,,false,0
347255,BCS2886 ,Spain,1778033939,1778033939,3.3594,51.2364,7353.3,false,213.81,287.21,10.4,,7368.54,4414,false,0
a837a7,UAL8115 ,United States,1778033939,1778033939,-88.6908,40.2985,10363.2,false,197.64,218.66,0.0,,10477.5,2407,false,0
c05d08,JZA25   ,Canada,1778033937,1778033937,-123.2417,49.2098,182.88,false,69.94,99.74,-3.9,,182.88,,false,0
7b100f,BC1     ,China,1778033910,1778033914,113.9191,22.3012,,true,4.63,247.5,,,,,false,0
485b43,KLM174  ,Kingdom of the Netherlands,1778033939,1778033939,26.4701,36.4551,11574.78,false,217.33,330.04,0.0,,11788.14,6635,false,0
a837a5,UAL1706 ,United States,1778033939,1778033939,-104.4876,31.6603,9753.6,false,197.24,281.28,-0.33,,10134.6,2734,false,0
7504ff,9MJCE   ,Malaysia,1778033822,1778033885,101.6794,2.6332,952.5,false,69.49,152.68,0.0,,990.6,,false,0
aa1e03,CSB185  ,United States,1778033933,1778033938,-93.2451,44.8771,,true,0.0,2.81,,,,,false,0
a37d8a,DAL2109 ,United States,1778033939,1778033939,-87.7062,33.3686,11582.4,false,192.36,242.61,0.0,,12077.7,1621,false,0
7504e0,WCM3807 ,Malaysia,1778033837,1778033838,101.7817,2.6183,701.04,false,99.17,326.64,-4.88,,716.28,0417,false,0
a9dbd8,N734VX  ,United States,1778033940,1778033940,-117.1547,32.8243,320.04,false,38.1,357.68,2.93,,304.8,,false,0
a441c9,DAL2197 ,United States,1778033939,1778033939,-118.6222,33.9335,1996.44,false,138.57,264.25,15.61,,1981.2,,false,0
a6d26f,LXJ539  ,United States,1778033939,1778033939,-92.2486,34.8429,13106.4,false,174.29,241.24,0.0,,13517.88,6737,false,0
aab001,UAL46   ,United States,1778033938,1778033939,-75.9201,46.8591,10668.0,false,308.71,66.43,0.0,,10515.6,2571,false,0
a49d66,N397GF  ,United States,1778033870,1778033873,-129.6375,53.4055,8534.4,false,147.52,317.97,0.0,,8694.42,,false,0
a24a65,N247EA  ,United States,1778033939,1778033939,-112.4384,33.1344,2019.3,false,35.14,197.9,0.0,,2034.54,,false,0
a12a80,UAL1798 ,United States,1778033939,1778033939,-83.6453,40.5739,11277.6,false,285.22,70.62,0.0,,11414.76,1657,false,0
a12a81,UAL2410 ,United States,1778033939,1778033939,-110.179,42.0955,10972.8,false,231.15,249.55,-0.33,,11003.28,,false,0
7504c6,9MPME   ,Malaysia,1778033675,1778033677,102.0998,2.5568,723.9,false,72.39,314.71,-0.65,,746.76,,false,0
ac5cd7,AAL321  ,United States,1778033939,1778033939,-80.7495,29.8356,11582.4,false,277.5,165.4,0.0,,12123.42,2535,false,0
a93240,53455575,United States,1778033848,1778033853,-86.7368,30.7704,1950.72,false,106.52,185.82,-26.01,,2004.06,,false,0
a2ad5b,N27158  ,United States,1778033939,1778033939,-84.3933,42.3707,1562.1,false,55.34,16.75,-0.33,,1478.28,,false,0
7504ac,AXM1510 ,Malaysia,1778033939,1778033939,120.7327,24.7981,2941.32,false,143.93,41.67,-4.88,,3139.44,,false,0
a6d27b,GJS4542 ,United States,1778033939,1778033939,-90.5097,37.471,10363.2,false,198.56,207.3,0.33,,10622.28,3132,false,0
7504d1,9MITX   ,Malaysia,1778033939,1778033939,102.239,2.2418,167.64,false,41.43,28.16,-2.6,,144.78,,false,0
ac033e,UAL1460 ,United States,1778033939,1778033939,-77.4527,39.7869,8138.16,false,210.94,0.7,5.53,,8290.56,2101,false,0
a12a7c,UAL2005 ,United States,1778033939,1778033939,-89.7964,43.9844,9753.6,false,196.95,307.68,0.33,,9624.06,3245,false,0
780fa0,CXA8901 ,China,1778033939,1778033939,120.5255,15.3334,4267.2,false,159.07,143.02,0.0,,4564.38,,false,0
a07302,N128SH  ,United States,1778033939,1778033939,-121.4576,37.7972,975.36,false,51.37,352.52,-0.33,,960.12,1200,false,0
a9a7d9,N721G   ,United States,1778033939,1778033939,-102.704,37.0808,12504.42,false,162.13,258.65,-0.33,,12694.92,7177,false,0
c05bd2,ACA152  ,Canada,1778033939,1778033939,-92.8512,48.938,10668.0,false,244.64,105.61,0.0,,10309.86,2142,false,0
a97a37,N71FF   ,United States,1778033938,1778033938,-117.3874,33.2312,556.26,false,49.8,109.93,-4.23,,548.64,,false,0
c05bd5,ACA177  ,Canada,1778033939,1778033939,-88.0069,48.1544,9761.22,false,209.46,303.38,0.0,,9387.84,,false,0
a561fd,GTI8692 ,United States,1778033935,1778033935,-128.7355,53.5779,10058.4,false,258.1,132.82,0.0,,10226.04,,false,0
a0e93e,N158PT  ,United States,1778033939,1778033939,-80.0673,26.5791,441.96,false,50.97,182.31,0.65,,449.58,,false,0
347303,SWT5781 ,Spain,1778033939,1778033939,9.326,42.6007,3017.52,false,150.73,103.42,-4.55,,3101.34,1000,false,0
a0996b,FDX5168 ,United States,1778033939,1778033939,3.1567,48.984,3893.82,false,199.01,99.97,11.7,,3886.2,,false,0
8a0a13,UBG322  ,Indonesia,1778033939,1778033939,90.3867,22.4298,9220.2,false,253.51,97.11,-6.83,,9784.08,4766,false,0
a441f5,UAL2109 ,United States,1778033939,1778033939,-98.1983,30.5009,10972.8,false,194.4,283.78,-0.33,,11513.82,7424,false,0
a9a7c4,FDX1266 ,United States,1778033939,1778033939,-86.4928,32.8949,10972.8,false,190.28,315.99,0.0,,11437.62,3545,false,0
4072ea,VIR20V  ,United Kingdom,1778033939,1778033939,-112.7588,39.4406,10073.64,false,234.35,69.97,3.58,,10187.94,2015,false,0
a944b9,PDT6074 ,United States,1778033939,1778033939,-76.0704,38.541,4876.8,false,187.09,227.01,-1.3,,4991.1,7135,false,0
a09947,DAL2920 ,United States,1778033939,1778033939,-73.8649,40.7739,,true,6.17,123.75,,,,7556,false,0
a10931,AAL1751 ,United States,1778033876,1778033876,-97.032,32.8857,,true,7.72,180.0,,,,,false,0
ad21af,RAX131  ,United States,1778033939,1778033939,-100.2454,28.5401,9075.42,false,204.66,145.03,14.63,,9578.34,,false,0
780fd2,CSZ633  ,China,1778033937,1778033939,113.9823,22.7735,3726.18,false,184.08,347.25,12.03,,3901.44,,false,0
a22927,N2384L  ,United States,1778033898,1778033913,-121.4934,38.5142,,true,11.32,225.0,,,,1200,false,0
780fd1,CSZ9308 ,China,1778033798,1778033799,113.6852,22.8168,800.1,false,92.06,118.0,-2.28,,838.2,,false,0
a5fa72,N48440  ,United States,1778033939,1778033939,-122.9677,45.5605,198.12,false,35.38,319.13,3.25,,182.88,,false,0
aa84da,N777UR  ,United States,1778033939,1778033939,-80.6524,32.5921,9448.8,false,144.02,26.75,0.0,,9829.8,3667,false,0
ad21bc,SWA2776 ,United States,1778033939,1778033939,-114.7821,33.7103,8854.44,false,224.29,276.72,-4.88,,8877.3,2764,false,0
a1e302,SWA1558 ,United States,1778033939,1778033939,-113.0028,33.4816,10972.8,false,198.04,283.06,0.33,,11094.72,7120,false,0
adcd6d,JBU615  ,United States,1778033940,1778033940,-119.3145,37.8324,10675.62,false,253.26,261.59,-4.88,,10858.5,,false,0
76bcc1,"",Singapore,1778033734,1778033821,121.4739,27.4159,11612.88,false,272.54,208.4,0.33,,12184.38,,false,0
76bcc3,TGW17   ,Singapore,1778033939,1778033939,115.9416,-31.8604,1287.78,false,129.23,293.71,7.48,,1402.08,1274,false,0
780fdb,CCA898  ,China,1778033939,1778033939,11.7418,48.6067,10972.8,false,267.15,43.13,0.0,,10988.04,2310,false,0
7c4317,NJD     ,Australia,1778033939,1778033939,116.7083,-32.0604,906.78,false,71.33,78.77,0.0,,1021.08,1200,false,0
780ff1,CHH7925 ,China,1778033938,1778033938,-142.3182,58.0946,11269.98,false,259.4,124.01,0.0,,11132.82,4154,false,0
ac01fc,FDX1234 ,United States,1778033939,1778033939,-118.4858,33.9116,853.44,false,122.85,233.51,8.45,,830.58,,false,0
a0d659,N153LL  ,United States,1778033939,1778033939,-77.7959,35.9613,472.44,false,44.86,229.18,-1.3,,457.2,,false,0
76bccd,TGW820  ,Singapore,1778033939,1778033939,121.3437,16.1248,12496.8,false,252.87,25.68,0.33,,13312.14,,false,0
c05bc8,ROU1918 ,Canada,1778033939,1778033939,-70.4917,45.3166,10050.78,false,246.41,77.7,0.0,,10096.5,6327,false,0
a6e4bb,N543TA  ,United States,1778033939,1778033939,-84.5716,38.0665,541.02,false,55.86,220.14,-2.28,,472.44,,false,0
a5c4e2,ASA649  ,United States,1778033939,1778033940,-121.5476,41.4469,11582.4,false,211.33,342.14,0.33,,11833.86,1026,false,0
a10970,RAX716  ,United States,1778033939,1778033939,-95.7098,30.2804,11590.02,false,196.12,231.18,-0.98,,12176.76,,false,0
a85a19,N6370D  ,United States,1778033939,1778033939,-80.7999,28.4855,1501.14,false,56.45,161.4,-2.28,,1539.24,1200,false,0
84b5ac,JJP17   ,Japan,1778033939,1778033939,136.5312,34.7241,9738.36,false,180.19,244.82,0.0,,10119.36,3757,false,0
a26fc9,SWA4055 ,United States,1778033939,1778033939,-117.6267,34.0932,3040.38,false,151.03,281.2,0.0,,3040.38,7576,false,0
a6e4c2,N543TH  ,United States,1778033939,1778033939,-75.1967,39.488,769.62,false,38.68,151.39,-0.33,,746.76,,false,0
aa9963,EJA782  ,United States,1778033939,1778033939,-90.9125,39.0327,12496.8,false,299.92,49.45,-0.33,,12679.68,,false,0
ac27a6,SWA3507 ,United States,1778033939,1778033939,-82.1168,29.596,7924.8,false,244.85,170.2,0.0,,8328.66,7256,false,0
ab3d14,FDY807  ,United States,1778033939,1778033939,-117.3515,33.5187,2423.16,false,83.4,299.57,1.3,,2423.16,,false,0
a4b964,N403SP  ,United States,1778033773,1778033774,-120.8531,44.1401,2133.6,false,56.6,115.87,-3.58,,2179.32,,false,0
a2acbe,N2711R  ,United States,1778033939,1778033939,-122.2104,47.5152,121.92,false,42.38,264.43,0.0,,114.3,,false,0
514005,        ,Georgia,1778033936,1778033938,40.2867,41.5792,-304.8,true,0.0,0.0,,,,7772,false,0
514004,        ,Georgia,1778033938,1778033938,86.53,40.45,,true,74.59,165.94,,,,7771,false,0
a83920,QXE2114 ,United States,1778033841,1778033853,-129.5679,52.7632,11277.6,false,212.98,142.85,0.33,,11475.72,,false,0
a3dffe,DAL325  ,United States,1778033939,1778033939,-77.1261,38.9406,662.94,false,70.32,138.26,-2.93,,640.08,5737,false,0
8a0a8a,PAS321  ,Indonesia,1778033936,1778033939,101.7859,0.5936,4046.22,false,157.45,114.72,10.73,,4290.06,,false,0
4d23e1,CHZ212  ,Malta,1778033939,1778033939,12.8965,47.3852,11277.6,false,231.8,136.53,0.0,,11308.08,6035,false,0
a5898b,N456MT  ,United States,1778033935,1778033935,-74.2148,39.9704,121.92,false,26.96,131.91,-0.65,,91.44,,false,0
a5d965,SWA2572 ,United States,1778033938,1778033939,-93.0372,39.3623,12496.8,false,297.18,87.22,-0.33,,12641.58,6711,false,0
a19343,AAL2068 ,United States,1778033939,1778033939,-79.6499,35.525,7825.74,false,246.22,42.12,9.43,,8077.2,6036,false,0
ab3d39,AAL891  ,United States,1778033939,1778033939,-83.8032,35.2051,10972.8,false,211.79,226.57,0.0,,11353.8,1146,false,0
a25cdc,SKW3952 ,United States,1778033939,1778033939,-92.8631,33.1439,11277.6,false,265.26,41.7,-0.33,,11742.42,,false,0
704b22,MYP418  ,Myanmar,,1778033938,,,,false,139.35,133.95,0.0,,,,false,0
a34978,JBU71   ,United States,1778033939,1778033939,-91.57,45.8261,10972.8,false,201.28,276.16,0.0,,10744.2,3333,false,0
ac5d0d,EJA896  ,United States,1778033939,1778033939,-89.6192,42.5653,12496.8,false,291.73,90.91,0.0,,12489.18,5724,false,0
a25ccb,N251SF  ,United States,1778033929,1778033939,-88.2193,41.9104,403.86,false,33.44,270.88,-3.9,,335.28,,false,0
a9ca2a,RAX801  ,United States,1778033939,1778033939,-85.9234,37.4192,3108.96,false,98.01,196.15,-0.65,,3108.96,7460,false,0
ac27cf,SWA3486 ,United States,1778033940,1778033940,-92.8367,31.3711,12192.0,false,190.49,291.72,0.0,,12763.5,,false,0
a1e395,BPX275  ,United States,1778033939,1778033940,-80.7397,28.2794,1356.36,false,50.46,343.41,0.0,,1394.46,,false,0
ac27f0,SWA1009 ,United States,1778033939,1778033939,-96.0104,39.3351,11887.2,false,292.91,95.24,0.0,,12009.12,,false,0
a5892f,TWY192  ,United States,1778033939,1778033939,-87.4897,34.2586,13106.4,false,174.76,280.52,0.65,,13540.74,7163,false,0
a44357,ASA812  ,United States,1778033935,1778033939,-125.2067,36.0333,11247.12,false,194.22,67.58,-7.48,,11536.68,,false,0
a1804c,AAL2324 ,United States,1778033939,1778033939,-97.0667,32.0486,7620.0,false,197.63,181.64,0.0,,7940.04,,false,0
ad34b4,AAL3008 ,United States,1778033939,1778033939,-118.4414,33.7426,2979.42,false,150.24,123.69,14.96,,2971.8,,false,0
3484d3,IBE03YY ,Spain,1778033728,1778033758,-74.1753,40.6894,,true,0.0,22.5,,,,6440,false,0
a49ce2,ATN3369 ,United States,1778033939,1778033939,-84.9229,41.3242,10972.8,false,171.07,275.52,0.33,,11049.0,0245,false,0
a32367,DAL1238 ,United States,1778033939,1778033939,-122.6966,45.6275,1143.0,false,122.39,300.01,11.7,,1150.62,,false,0
ae67d0,"",United States,1778033862,1778033902,122.1802,20.4929,10363.2,false,206.9,214.36,-1.3,,11041.38,,false,0
39b221,ABB853  ,France,1778033939,1778033939,114.1029,22.5137,5067.3,false,201.85,267.52,4.88,,5349.24,,false,0
8a0a43,GIA649  ,Indonesia,1778033788,1778033818,106.6161,-6.1253,106.68,false,75.76,68.49,-4.23,,152.4,5027,false,0
a44334,FFT3453 ,United States,1778033939,1778033939,-81.9158,35.7398,10980.42,false,221.19,224.25,0.0,,11346.18,3377,false,0
39b228,CMA153  ,France,1778032809,1778033938,38.5775,44.0885,10972.8,false,4.12,270.0,0.0,,10012.68,3224,false,0
a98d7e,UAL1563 ,United States,1778033940,1778033940,-100.5605,30.9237,8534.4,false,212.62,283.43,0.0,,8938.26,2460,false,0
abf4c6,N87JA   ,United States,1778033939,1778033939,-87.913,42.1246,457.2,false,37.89,221.7,-0.98,,388.62,,false,0
ac5d61,UAL312  ,United States,1778033939,1778033939,-93.5802,36.3792,9745.98,false,192.64,209.78,0.0,,9989.82,6214,false,0
acf10e,CAP4033 ,United States,1778033939,1778033939,-96.8046,43.4946,739.14,false,43.25,26.87,-0.33,,708.66,,false,0
a348a1,UPS401  ,United States,1778033939,1778033939,-82.6635,29.1232,10980.42,false,209.25,324.71,0.0,,11544.3,3425,false,0
86953e,ANA160  ,Japan,1778033939,1778033939,-74.1191,40.9526,5791.2,false,162.66,181.99,-1.3,,5897.88,0576,false,0
a8cffd,UAL920  ,United States,1778033716,1778033716,-66.8736,48.3588,10668.0,false,280.14,67.2,0.0,,10622.28,6560,false,0
a68371,KOW519  ,United States,1778033939,1778033940,-82.3088,34.105,13723.62,false,234.76,41.27,0.33,,14127.48,1002,false,0
ac046e,SWA759  ,United States,1778033939,1778033939,-94.6759,34.5659,11277.6,false,303.0,102.95,-0.33,,11689.08,7660,false,0
a098f6,AAL1448 ,United States,1778033939,1778033939,-97.4302,32.8768,3634.74,false,179.35,232.34,1.95,,3733.8,,false,0
a5b381,N4669J  ,United States,1778033939,1778033939,-93.1314,44.6835,769.62,false,49.41,231.34,-0.65,,716.28,1200,false,0
a9a97f,RPA3671 ,United States,1778033939,1778033939,-77.5762,38.9405,1066.8,false,113.61,257.98,16.26,,1059.18,,false,0
adcdd9,N989PA  ,United States,1778033929,1778033938,-111.9462,39.9793,2529.84,false,51.97,178.87,-1.63,,2499.36,,false,0
abe475,SWA2150 ,United States,1778033939,1778033939,-95.7383,33.2075,7818.12,false,275.15,67.46,9.1,,8100.06,,false,0
aab169,SWA497  ,United States,1778033625,1778033625,-118.3559,34.1977,,true,20.58,92.81,,,,3355,false,0
86d215,SNJ93   ,Japan,1778033939,1778033939,132.5298,34.2012,6477.0,false,146.8,249.91,-8.45,,6728.46,7332,false,0
7505a9,MXD811  ,Malaysia,1778033939,1778033939,101.9687,2.5023,5181.6,false,176.81,314.06,0.0,,5501.64,,false,0
a8268d,QXE2458 ,United States,1778033939,1778033939,-121.0667,36.9515,10972.8,false,220.59,309.89,-0.65,,11148.06,7372,false,0
ae578c,G20668  ,United States,1778033933,1778033933,-92.5327,45.1432,365.76,false,26.03,322.22,-3.58,,335.28,,false,0
a98cbc,AAL371  ,United States,1778033939,1778033939,-91.2355,39.8318,10965.18,false,175.93,265.64,-0.33,,11087.1,1107,false,0
aab187,UAL2276 ,United States,1778033939,1778033939,-107.0783,39.2468,11125.2,false,221.92,248.37,12.03,,11163.3,7734,false,0
a6706f,JJ14    ,United States,1778033917,1778033917,-87.8611,30.4693,320.04,false,57.77,8.71,-1.3,,312.42,5655,false,0
a12b2b,UAL2305 ,United States,1778033939,1778033939,-102.4508,31.699,11277.6,false,272.58,102.65,0.98,,11734.8,4076,false,0
a68336,DAL290  ,United States,1778033939,1778033939,-110.8547,38.1833,11277.6,false,246.68,64.56,0.0,,11353.8,2064,false,0
3c459a,BOX736  ,Germany,1778033939,1778033939,15.7188,50.2782,10668.0,false,242.27,120.92,0.0,,10736.58,4351,false,0
aae9a3,DAL2524 ,United States,1778033924,1778033924,-100.9905,42.1787,10363.2,false,208.22,301.26,0.0,,10248.9,3150,false,0
aab18c,SWA2515 ,United States,1778033939,1778033939,-85.3781,35.1227,7955.28,false,189.51,327.3,-5.2,,8229.6,7346,false,0
c05e62,ROU1986 ,Canada,1778033939,1778033939,-68.897,45.5507,9448.8,false,254.85,78.83,0.0,,9502.14,2217,false,0
4cadc9,ITY675  ,Ireland,1778033939,1778033939,0.4867,36.1965,11887.2,false,274.67,56.85,0.0,,12100.56,6267,false,0
a9a91a,AAL3084 ,United States,1778033939,1778033939,-97.4696,35.4791,11582.4,false,186.06,183.49,0.0,,11932.92,,false,0
4cadc6,ITY615  ,Ireland,1778033939,1778033939,-12.6084,50.434,11887.2,false,250.68,111.3,0.33,,11849.1,,false,0
4cadc7,"",Ireland,,1778033860,,,,false,249.06,91.3,0.0,,,,false,0
4cadc8,ITY641  ,Ireland,1778033939,1778033939,-87.7219,43.4613,10668.0,false,306.97,76.83,0.0,,10599.42,7633,false,0
a6f96c,ASA468  ,United States,1778033939,1778033939,-120.9512,46.9366,5250.18,false,161.92,289.87,-10.08,,5410.2,,false,0
ad2497,N946MT  ,United States,1778033939,1778033939,-80.018,33.0001,373.38,false,59.13,190.53,-1.3,,373.38,,false,0
ab819c,UAL1923 ,United States,1778033939,1778033939,-91.1017,41.929,2705.1,false,131.63,265.29,-10.73,,2628.9,5327,false,0
a8bca7,N662LF  ,United States,1778033939,1778033939,-157.9597,21.2754,312.42,false,82.48,14.82,-4.55,,358.14,2114,false,0
3a3a20,NTR716  ,France,1778033939,1778033939,-148.8308,-16.495,5486.4,false,131.45,215.12,0.0,,5806.44,,false,0
a67018,N5138V  ,United States,1778033935,1778033936,-119.1667,34.1931,243.84,false,40.41,338.33,-3.58,,228.6,4747,false,0
a75fdf,UAL2658 ,United States,1778033939,1778033939,-111.989,33.3082,9753.6,false,189.79,281.89,0.0,,9860.28,6177,false,0
adbaca,JBU1757 ,United States,1778033939,1778033939,-92.4418,44.5878,10363.2,false,185.41,267.3,0.0,,10165.08,7675,false,0
a25e33,CXK152  ,United States,1778033696,1778033696,-97.6773,30.6917,358.14,false,28.01,187.39,-2.6,,297.18,,false,0
a00b2d,ABX3111 ,United States,1778033939,1778033939,-121.8248,42.5805,10980.42,false,215.5,350.38,0.0,,11231.88,1740,false,0
a8397c,UPS751  ,United States,1778033939,1778033939,-86.822,37.7633,5600.7,false,240.78,99.22,-10.4,,5699.76,,false,0
a56382,N44617  ,United States,1778033573,1778033652,-122.2266,47.3214,30.48,false,6.69,180.0,0.0,,22.86,,false,0
a8cfb3,SKQ45   ,United States,1778033939,1778033939,-82.43,39.3263,3695.7,false,117.0,326.66,0.0,,3718.56,0701,false,0
c04b39,CGCMQ   ,Canada,1778033939,1778033939,-122.7025,49.213,15.24,false,32.23,278.26,-3.9,,0.0,,false,0
a81325,N6194V  ,United States,1778033935,1778033936,-87.1035,30.4093,800.1,false,42.83,114.1,3.58,,815.34,4244,false,0
4cadab,MAA8722 ,Ireland,1778033939,1778033939,-96.4065,17.5606,11582.4,false,241.11,310.76,0.0,,12359.64,,false,0
aa7426,UAL2330 ,United States,1778033934,1778033939,-118.7098,37.887,10972.8,false,240.94,276.87,0.0,,11132.82,,false,0
3c7a47,CFG033  ,Germany,1778033939,1778033939,-117.1459,52.3282,11757.66,false,215.76,36.76,2.93,,11902.44,3514,false,0
3c7a42,CFG2366 ,Germany,1778033852,1778033871,83.365,25.7575,11887.2,false,277.86,124.9,0.0,,12443.46,,false,0
3c7a44,CFG2367 ,Germany,1778033939,1778033940,19.9768,46.8888,12192.0,false,225.35,293.4,-0.33,,12306.3,1000,false,0
3c7a45,CFG081  ,Germany,1778033939,1778033939,-99.1667,39.3047,11277.6,false,310.29,67.69,0.0,,11353.8,7316,false,0
4cadfa,ITY672  ,Ireland,1778033939,1778033939,-17.3467,14.9095,11582.4,false,216.38,216.98,0.0,,12306.3,,false,0
a4a5c9,LBQ611  ,United States,1778033939,1778033939,-97.3672,28.4555,3131.82,false,135.83,190.03,-4.23,,3268.98,0145,false,0
a36b50,JBU513  ,United States,1778033936,1778033936,-77.8701,32.7732,12192.0,false,234.43,201.5,0.0,,12603.48,7602,false,0
a37e5a,DAL2686 ,United States,1778033939,1778033939,-115.631,33.4328,11887.2,false,253.06,98.89,0.0,,12001.5,5330,true,0
a4ee59,N417CF  ,United States,1778033939,1778033939,-96.9994,32.7372,495.3,false,46.04,50.44,-0.33,,441.96,,false,0
7c4468,NV131   ,Australia,1778033939,1778033939,151.3172,-32.7232,1280.16,false,121.14,314.48,14.96,,1371.6,,false,0
7c4462,NSK     ,Australia,1778033862,1778033862,149.8314,-30.2998,304.8,false,51.79,193.21,-2.6,,350.52,,false,0
a25e7f,CXK257  ,United States,1778033939,1778033939,-84.0605,42.4697,1127.76,false,64.92,123.69,-0.33,,1036.32,5154,false,0
424ba5,"",United Kingdom,1778033920,1778033920,113.9098,22.3046,,true,0.0,160.31,,,,,false,0
86d266,ANA102  ,Japan,1778033939,1778033939,142.3024,36.4563,10347.96,false,306.69,73.63,3.58,,10736.58,7005,false,0
347387,IBE0311 ,Spain,1778033939,1778033939,-89.5755,30.0506,12496.8,false,224.58,236.02,0.0,,13098.78,0756,false,0
c05e2d,MDC452  ,Canada,1778033939,1778033939,-73.2917,45.7107,967.74,false,118.43,108.75,-0.33,,883.92,4200,false,0
347386,IBE0308 ,Spain,1778033772,1778033772,-96.3258,24.4644,11277.6,false,266.06,32.12,0.0,,11948.16,,false,0
a5d8f0,SNC1255 ,United States,1778033939,1778033939,-81.5674,37.853,2468.88,false,87.74,277.75,1.3,,2476.5,,false,0
a562b7,UPS943  ,United States,1778033939,1778033939,-120.3836,37.033,10652.76,false,208.72,86.61,2.28,,10797.54,3323,false,0
84b7a1,APJ501  ,Japan,1778033939,1778033939,127.8792,26.295,1653.54,false,137.95,201.21,-8.45,,1775.46,,false,0
3c7a4c,CFG063  ,Germany,1778033939,1778033939,-98.3688,41.1209,11277.6,false,288.27,71.69,0.0,,11254.74,1345,false,0
3c7a4d,CFG017  ,Germany,1778033939,1778033939,-11.9406,52.8008,11887.2,false,253.64,97.34,0.0,,11811.0,,false,0
a4db44,N41177  ,United States,1778033939,1778033939,-118.021,33.7913,1082.04,false,51.17,260.16,0.33,,1051.56,,false,0
a4db48,FAQA    ,United States,1778033708,1778033708,-123.4898,48.6791,304.8,false,49.78,288.06,0.98,,297.18,,false,0
7c443f,NRL     ,Australia,1778033939,1778033939,150.6752,-33.9093,975.36,false,48.53,355.14,0.98,,1036.32,1200,false,0
a442f3,DAL2097 ,United States,1778033939,1778033939,-97.7518,31.0146,10972.8,false,185.72,279.57,0.0,,11498.58,7221,false,0
86d237,SNJ32   ,Japan,1778033935,1778033935,139.788,35.5567,,true,5.4,241.88,,,,4773,false,0
a08714,RPA4341 ,United States,1778033939,1778033939,-90.2873,37.4926,11582.4,false,163.08,255.57,-0.33,,11887.2,2121,false,0
ac1765,SWA4540 ,United States,1778033939,1778033939,-119.5816,37.9946,9913.62,false,257.31,259.63,-4.88,,10104.12,3260,false,0
abe40a,SWA732  ,United States,1778033939,1778033939,-97.6135,36.3112,11277.6,false,300.63,93.92,0.0,,11559.54,7761,false,0
ac042a,SWA3745 ,United States,1778033933,1778033939,-104.679,39.8654,,true,0.0,0.0,,,,,false,0
ac0448,SWA2913 ,United States,1778033939,1778033940,-75.5066,40.4349,8976.36,false,225.25,242.67,7.48,,9144.0,1764,false,0
347343,IBE0352 ,Spain,1778033939,1778033939,-110.2725,38.4745,11277.6,false,247.11,62.74,0.0,,11346.18,,false,0
a442bc,N374AW  ,United States,1778033939,1778033939,139.2645,35.3457,731.52,false,80.49,15.19,1.63,,861.06,1200,false,0
a455ea,ASA881  ,United States,1778033765,1778033766,-155.8069,18.4799,11277.6,false,235.2,166.21,0.0,,11940.54,2474,false,0
a36b73,JBU2587 ,United States,1778033940,1778033940,-75.055,40.1779,6705.6,false,191.6,259.32,0.0,,6835.14,1103,false,0
a7f399,N611MS  ,United States,1778033939,1778033939,-122.2592,47.3279,350.52,false,67.01,241.07,2.6,,350.52,,false,0
a335fa,DAL710  ,United States,1778033939,1778033939,-98.8853,41.2446,11582.4,false,192.78,251.81,0.0,,11559.54,2712,false,0
ac4ace,UAL2200 ,United States,1778033939,1778033939,-97.7636,40.2789,11300.46,false,285.11,91.55,0.0,,11285.22,,false,0
a25e9e,CXK404  ,United States,1778033749,1778033749,-111.7321,40.2298,1402.08,false,34.82,145.84,-2.6,,1363.98,,false,0
abe450,SWA2707 ,United States,1778033939,1778033939,-101.9545,30.6728,12496.8,false,270.72,107.82,0.0,,13030.2,,false,0
40621d,BAW12   ,United Kingdom,1778033939,1778033939,25.5813,44.8509,10972.8,false,232.37,296.85,0.0,,11087.1,2640,false,0
a50e3f,AAL2960 ,United States,1778033939,1778033939,-82.9792,27.8809,7208.52,false,224.81,89.87,-5.53,,7612.38,2650,false,0
ad2445,JBU277  ,United States,1778033939,1778033939,-90.4533,29.2374,10355.58,false,201.48,281.34,0.0,,10934.7,1513,false,0
ac045c,ASH6138 ,United States,1778033933,1778033938,-97.5362,27.7978,243.84,false,66.21,135.0,-4.55,,167.64,,false,0
ad7e6f,JBU607  ,United States,1778033899,1778033899,-109.4237,35.2678,10988.04,false,191.96,276.15,0.0,,11109.96,3570,false,0
a682ef,ASA1490 ,United States,1778033939,1778033939,-123.6685,44.8603,5463.54,false,176.8,44.53,-9.1,,5646.42,,false,0
ac4b72,SWA3298 ,United States,1778033730,1778033730,-73.8688,40.7729,,true,0.51,47.81,,,,3170,false,0
a8be80,N6623Z  ,United States,1778033939,1778033939,-98.7136,29.5439,982.98,false,54.58,78.58,0.0,,937.26,,false,0
abe2f6,RPA4722 ,United States,1778033939,1778033939,-81.681,41.4046,2598.42,false,124.49,229.86,-6.5,,2552.7,4152,false,0
34740f,AEA026  ,Spain,1778033859,1778033859,-3.5614,40.4922,,true,5.92,180.0,,,,4441,false,0
a85b75,N638AA  ,United States,1778033686,1778033686,-97.8837,29.9161,396.24,false,38.44,195.52,-1.95,,320.04,,false,0
44a6e4,TAY5IX  ,Belgium,1778033939,1778033939,4.7764,51.3176,11277.6,false,225.45,42.13,0.0,,11193.78,3335,false,0
c0168f,PHX632  ,Canada,1778033897,1778033897,-80.4764,47.2464,5791.2,false,140.47,358.95,0.65,,5577.84,4337,false,0
adbb39,AAL2194 ,United States,1778033939,1778033939,-83.8004,36.5652,10309.86,false,199.24,339.6,2.6,,10599.42,3754,false,0
ac4b95,SWA3194 ,United States,1778033939,1778033939,-109.3876,32.5705,11582.4,false,177.53,278.83,0.0,,11879.58,6276,false,0
a12ac8,UAL1591 ,United States,1778033939,1778033939,-88.0814,32.5385,8229.6,false,228.42,89.61,0.0,,8587.74,,false,0
aedb53,KNIFE27 ,United States,1778033939,1778033939,-119.5218,35.4764,906.78,false,70.9,96.25,0.0,,891.54,,false,0
a3373a,AAL2597 ,United States,1778033939,1778033939,-106.3015,32.2204,10972.8,false,178.84,273.46,0.0,,11346.18,3650,false,0
a0c42c,AAL1854 ,United States,1778033939,1778033939,-77.9485,36.2938,10073.64,false,217.72,15.91,0.0,,10355.58,,false,0
a50e93,DAL112  ,United States,1778033939,1778033939,-9.5121,49.6053,11277.6,false,249.68,113.82,-0.33,,11231.88,,false,0
7c4437,NRD     ,Australia,1778033939,1778033939,150.272,-34.3105,1645.92,false,50.28,48.32,0.33,,1706.88,,false,0
a12ac0,UAL2398 ,United States,1778033674,1778033674,-81.8537,41.4123,,true,16.46,64.69,,,,1171,false,0
a12ac2,UAL2416 ,United States,1778033939,1778033939,-101.9975,35.314,10363.2,false,188.89,287.6,0.33,,10614.66,7133,false,0
a4ee82,DAL162  ,United States,1778033939,1778033939,-79.6172,46.7251,10668.0,false,289.85,83.68,0.0,,10439.4,,false,0
a61b4e,ASA1480 ,United States,1778033939,1778033939,-122.2008,47.0957,3398.52,false,170.69,162.82,13.66,,3474.72,,false,0
407504,NPT2EA  ,United Kingdom,1778033939,1778033939,3.12,51.3389,9753.6,false,225.49,293.82,0.33,,9692.64,0113,false,0
a695ea,AAL332  ,United States,1778033913,1778033913,-112.0024,33.4376,,true,0.51,92.81,,,,,false,0
a37db9,FFT2133 ,United States,1778033939,1778033939,-114.3047,33.8459,7307.58,false,238.14,277.45,0.0,,7360.92,0713,false,0
a33743,SKW4102 ,United States,1778033939,1778033939,-118.9641,34.9366,7924.8,false,186.37,336.41,0.33,,8001.0,7236,false,0
a838e5,JIA5451 ,United States,1778033939,1778033939,-82.0228,35.8969,9098.28,false,203.95,310.6,5.2,,9395.46,1164,false,0
a37da1,ENY4039 ,United States,1778033925,1778033930,-111.9926,33.4321,,true,0.0,225.0,,,,,false,0
a12aa4,UAL1287 ,United States,1778033939,1778033939,-80.0407,37.1488,10972.8,false,219.51,227.18,0.0,,11262.36,1123,false,0
a12aa5,UAL1792 ,United States,1778033939,1778033939,-77.8131,42.1203,10972.8,false,193.65,289.88,0.0,,11056.62,1567,false,0
7c4418,VOZ391  ,Australia,1778033939,1778033939,152.301,-25.2761,12192.0,false,188.74,324.32,0.0,,12755.88,2552,false,0
ac1701,SWA1137 ,United States,1778033940,1778033940,-79.9797,42.5575,6073.14,false,239.26,66.96,-11.05,,6088.38,7752,false,0
a825e3,JBU1462 ,United States,1778033939,1778033939,-70.729,42.6768,1562.1,false,100.23,305.81,-2.28,,1569.72,,false,0
4cae35,EIN976  ,Ireland,1778033844,1778033844,-68.6914,47.8133,10058.4,false,279.93,69.9,0.33,,10027.92,1646,false,0
a958d2,FFT4689 ,United States,1778033735,1778033862,-117.5958,34.06,,true,0.0,0.0,,,,2236,false,0
a705ee,N5513L  ,United States,1778033939,1778033939,-117.988,33.8605,243.84,false,43.48,79.09,1.63,,198.12,,false,0
ad48a9,EJA955  ,United States,1778033939,1778033939,-76.5327,39.1,640.08,false,78.16,247.15,-0.98,,601.98,2310,false,0
a3cde4,AAL2578 ,United States,1778033939,1778033939,-95.3091,29.9522,10363.2,false,199.71,278.44,0.33,,10911.84,,false,0
a3244a,AAL2674 ,United States,1778033939,1778033939,-79.8431,35.3762,7018.02,false,241.28,70.83,0.0,,7239.0,7254,false,0
7c42e2,VOZ1217 ,Australia,1778033939,1778033939,151.7382,-30.1841,11887.2,false,246.04,41.35,0.33,,12260.58,,false,0
a2adf4,ASA332  ,United States,1778033820,1778033847,-117.8201,45.0756,10972.8,false,223.72,284.52,0.0,,11178.54,,false,0
4cae80,ITY673  ,Ireland,1778033939,1778033939,2.3002,37.0983,11887.2,false,272.56,57.33,0.0,,12077.7,6230,false,0
aae8ba,N80156  ,United States,1778033940,1778033940,-117.6807,33.7792,701.04,false,40.44,233.28,0.0,,685.8,,false,0
ac5e23,SWA987  ,United States,1778033939,1778033939,-88.3301,39.3191,8595.36,false,182.4,250.39,-6.18,,8740.14,3256,false,0
a2addf,UCA4256 ,United States,1778033939,1778033939,-86.3507,30.8195,3916.68,false,191.93,91.23,-7.8,,4114.8,,false,0
a3376c,UPS891  ,United States,1778033939,1778033939,-113.1907,35.9415,11894.82,false,250.32,79.22,0.0,,11955.78,7500,false,0
7c42d9,NWK1619 ,Australia,1778033939,1778033939,116.8577,-29.4896,9144.0,false,169.01,190.52,0.0,,9403.08,,false,0
a31120,BYA297  ,United States,1778033939,1778033939,-96.2951,31.0854,7924.8,false,117.94,222.88,0.0,,8366.76,1360,false,0
86e3ec,JAL407  ,Japan,1778033937,1778033939,143.2718,36.6974,9860.28,false,294.88,36.63,2.28,,10248.9,3106,false,0
a12ae9,UAL755  ,United States,1778033939,1778033939,-77.4561,38.9427,,true,6.43,180.0,,,,,false,0
ac28e5,SWA2763 ,United States,1778033939,1778033939,-109.3324,33.9697,11887.2,false,282.7,78.24,0.0,,12123.42,,false,0
a3cdfa,UPS1335 ,United States,1778033939,1778033939,-84.1836,33.5249,10370.82,false,219.07,352.31,0.0,,10797.54,1642,false,0
a12ae4,UAL555  ,United States,1778033939,1778033939,-82.3923,41.3584,10972.8,false,173.64,275.44,0.0,,11064.24,1672,false,0
a12ae5,UAL2294 ,United States,1778033939,1778033939,-88.9507,42.2944,10972.8,false,174.61,275.24,0.0,,10972.8,5606,false,0
a1d105,ENY3783 ,United States,1778033932,1778033932,-97.049,32.8819,,true,3.34,180.0,,,,,false,0
ac5e47,SWA1703 ,United States,1778033938,1778033938,-97.6646,30.2013,,true,3.6,354.38,,,,0731,false,0
a12aea,UAL2458 ,United States,1778033874,1778033928,-74.181,40.7015,,true,0.0,196.88,,,,5752,false,0
a20467,N229WC  ,United States,1778033857,1778033857,-117.1231,33.5967,495.3,false,40.67,177.83,-4.23,,472.44,,false,0
a57796,UAL2228 ,United States,1778033843,1778033854,-95.3039,29.9935,190.5,false,68.94,270.0,-3.58,,129.54,,false,0
ac15d1,UAL1126 ,United States,1778033939,1778033939,-97.9884,45.7601,6697.98,false,195.24,38.26,-8.45,,6515.1,,false,0
a0b199,AAL494  ,United States,1778033938,1778033939,-80.6182,35.1004,3154.68,false,174.89,105.88,7.15,,3223.26,,false,0
ad6b14,DAL2929 ,United States,1778033939,1778033940,-82.8943,37.5852,10675.62,false,272.84,134.39,0.0,,10949.94,2450,false,0
a0e9b7,UPS1151 ,United States,1778033939,1778033939,-84.8275,39.0604,6934.2,false,214.84,216.43,-9.1,,7063.74,2736,false,0
a109c8,UPS617  ,United States,1778033939,1778033939,-88.2003,40.7192,8839.2,false,248.61,147.59,0.98,,8923.02,6266,false,0
a44477,UPS1139 ,United States,1778033939,1778033939,-77.8558,42.6067,10980.42,false,210.09,246.32,1.63,,11033.76,6046,false,0
a01f37,FDX5202 ,United States,1778033939,1778033939,0.41,50.8292,7330.44,false,231.37,315.54,0.0,,7322.82,0656,false,0
ab92c4,DAL2215 ,United States,1778033939,1778033939,-76.9597,36.323,9448.8,false,238.85,31.7,0.0,,9707.88,6074,false,0
a48ae7,ASA805  ,United States,1778033939,1778033939,-116.5909,34.6933,11056.62,false,234.27,225.0,7.48,,11148.06,1362,false,0
aad5f2,ENY3440 ,United States,1778033907,1778033907,-97.0489,32.8879,,true,10.29,180.0,,,,,false,0
a086b4,DAL2581 ,United States,1778033939,1778033939,-112.054,40.4558,4739.64,false,181.74,353.5,-9.43,,4792.98,2720,false,0
abe2b2,N865PC  ,United States,1778033939,1778033939,-90.4903,30.1688,3055.62,false,223.63,10.07,0.0,,3169.92,,false,0
a0b169,ATN3356 ,United States,1778033939,1778033939,-98.204,32.4292,3451.86,false,189.35,83.92,-7.48,,3528.06,7770,false,0
ac02c1,BRW173  ,United States,1778033939,1778033939,-93.4717,44.8092,609.6,false,60.98,99.22,0.65,,556.26,,false,0
a49def,N397MT  ,United States,1778033939,1778033939,-80.7515,28.1771,792.48,false,57.85,189.21,-3.58,,822.96,1200,false,0
abe2c0,N865PS  ,United States,1778033939,1778033939,-118.6139,34.4862,1303.02,false,47.04,131.01,4.23,,1295.4,,false,0
ad6b0c,ASA326  ,United States,1778033939,1778033939,-92.2194,34.1132,10363.2,false,196.32,317.87,0.33,,10767.06,4240,false,0
ad6b0f,AAL435  ,United States,1778033939,1778033939,-111.6146,33.4394,6065.52,false,214.19,74.39,7.48,,6103.62,,false,0
ad6b0e,AMX001  ,United States,1778033939,1778033939,-82.7947,24.1139,11887.2,false,249.18,64.18,-0.65,,12565.38,,false,0
a48ac4,FFT2886 ,United States,1778033939,1778033939,-89.0816,29.6077,11277.6,false,272.1,114.58,0.0,,11894.82,6536,false,0
7c42f3,BMR612  ,Australia,1778033938,1778033939,115.7284,-32.3647,312.42,false,72.07,357.95,-0.33,,441.96,1200,false,0
a01f0d,DAL700  ,United States,1778033939,1778033939,-90.2895,41.8675,10972.8,false,177.0,257.58,0.0,,10995.66,4715,true,0
a22a20,MXY604  ,United States,1778033939,1778033939,-115.4476,35.5656,9753.6,false,258.95,227.82,0.0,,9814.56,6012,false,0
a327de,N302ML  ,United States,1778033939,1778033939,-98.2419,40.7822,12839.7,false,294.13,77.88,-5.2,,12854.94,2611,false,0
a47d11,DAL2255 ,United States,1778033939,1778033939,-92.6755,42.7796,11887.2,false,281.21,82.54,0.0,,11849.1,6054,false,0
aac8b5,N794UT  ,United States,1778033724,1778033773,-83.9405,35.8575,632.46,false,57.48,225.0,-3.25,,579.12,0221,false,0
a7e58d,CXK339  ,United States,1778033907,1778033907,-80.6924,35.4264,426.72,false,42.95,288.87,-3.25,,411.48,1200,false,0
ac08b1,SWA2484 ,United States,1778033939,1778033939,-70.697,42.5739,7094.22,false,231.58,22.46,-5.53,,7223.76,0523,false,0
adacfd,AAL2464 ,United States,1778033939,1778033939,-107.0692,32.1714,9121.14,false,190.71,273.56,0.33,,9395.46,0540,false,0
a47d05,DAL2505 ,United States,1778033939,1778033939,-82.9445,34.4289,10668.0,false,248.61,54.01,-0.65,,11094.72,7464,false,0
868338,ANA89   ,Japan,1778033937,1778033937,126.7759,26.2703,12184.38,false,202.62,224.69,0.0,,12786.36,,false,0
398699,DJT301  ,France,1778033914,1778033914,-57.3819,45.933,10668.0,false,239.8,64.86,0.0,,10812.78,2612,false,0
ac3e13,SWA1010 ,United States,1778033938,1778033938,-107.8248,39.5613,11582.4,false,220.16,262.21,0.0,,11650.98,2663,false,0
86d31d,APJ355  ,Japan,1778033939,1778033939,135.4923,35.1305,10972.8,false,171.51,258.76,2.28,,11353.8,0430,false,0
adf068,AAL2567 ,United States,1778033939,1778033939,-98.6909,33.3861,8397.24,false,191.11,290.48,5.2,,8702.04,,false,0
a23d25,SWA3036 ,United States,1778033939,1778033939,-111.7447,36.9292,12192.0,false,217.48,249.51,0.0,,12298.68,1104,false,0
a554b9,N4422R  ,United States,1778033939,1778033939,-80.5151,25.6392,396.24,false,38.1,87.68,-1.63,,381.0,,false,0
a4ba02,RPA4384 ,United States,1778033939,1778033939,-90.6161,41.566,5486.4,false,172.72,291.67,-9.1,,5448.3,3664,false,0
a9125f,DAL2072 ,United States,1778033939,1778033939,-84.4062,33.6457,,true,2.83,90.0,,,,,false,0
abe8b6,SWA739  ,United States,1778033939,1778033939,-117.1007,34.5492,8229.6,false,206.57,50.76,0.0,,8275.32,4604,false,0
ac08d4,SWA1064 ,United States,1778033795,1778033795,-104.668,39.8624,,true,1.54,0.0,,,,1320,false,0
c00930,PSC2811 ,Canada,1778033939,1778033939,-70.981,46.7893,5775.96,false,172.99,60.61,0.0,,5715.0,6552,false,0
7c57a2,RLG     ,Australia,1778033939,1778033939,145.3085,-38.1734,1005.84,false,27.84,16.09,0.98,,1043.94,1200,false,0
71bc36,"",Republic of Korea,,1778033938,,,,false,199.7,243.04,0.0,,,,false,0
a7824e,DAL565  ,United States,1778033784,1778033784,-101.3563,48.2183,10363.2,false,232.69,272.15,0.0,,10058.4,6602,false,0
7c7a38,VOZ682  ,Australia,1778033939,1778033939,137.895,-37.4314,11277.6,false,266.75,99.1,0.0,,11323.32,,false,0
ad5e27,SWA2260 ,United States,1778033939,1778033939,-113.2576,34.6097,12192.0,false,209.61,261.53,-0.33,,12329.16,,false,0
4caca1,ABR6UE  ,Ireland,1778033939,1778033940,3.186,49.0605,2895.6,false,116.97,83.69,5.2,,2865.12,,false,0
71bc20,AIH286  ,Republic of Korea,1778033939,1778033939,-119.5708,35.0175,8732.52,false,217.93,142.48,-9.1,,8823.96,3727,false,0
71bc23,AIH952  ,Republic of Korea,1778033932,1778033934,115.1025,21.7437,8587.74,false,267.51,90.0,4.55,,9105.9,,false,0
a35d73,DAL2324 ,United States,1778033939,1778033939,-83.2484,34.5603,11887.2,false,261.28,158.64,0.0,,12313.92,7172,false,0
71bc19,AIH242  ,Republic of Korea,1778033939,1778033939,-108.3854,51.4972,11277.6,false,262.35,122.1,0.0,,11132.82,5745,false,0
a0a1f1,N14SK   ,United States,1778033939,1778033940,-123.0607,45.4178,815.34,false,40.75,322.7,-3.58,,807.72,,false,0
a47d46,FFT2349 ,United States,1778033927,1778033936,-104.6665,39.8546,,true,0.0,180.0,,,,,false,0
4b934d,QRJ02   ,Turkey,1778033939,1778033939,-0.0944,53.2088,13106.4,false,218.15,280.46,0.0,,13060.68,0604,false,0
ad5e2c,N960WT  ,United States,1778033939,1778033939,-119.4443,35.141,8229.6,false,152.1,121.16,0.0,,8321.04,1744,false,0
ab72b3,DAL1187 ,United States,1778033939,1778033939,-82.0585,42.1797,7345.68,false,244.44,88.55,8.78,,7353.3,7451,false,0
7c7a14,YEE     ,Australia,1778033870,1778033914,149.3118,-33.69,2697.48,false,75.3,225.28,0.0,,2796.54,,false,0
800b05,BDA401  ,India,1778033938,1778033939,76.5457,26.4679,9448.8,false,248.06,193.43,0.0,,9814.56,,false,0
a35d49,N316BW  ,United States,1778033931,1778033931,-111.8909,33.8206,815.34,false,38.56,251.32,-2.93,,777.24,,false,0
a80595,FFT3339 ,United States,1778033939,1778033939,-87.6687,41.545,10363.2,false,170.8,270.35,0.0,,10447.02,2732,false,0
a9cecd,ASA1303 ,United States,1778033939,1778033939,-122.2283,37.3413,2186.94,false,150.33,155.54,-5.85,,2209.8,3565,false,0
a6b264,SKQ22   ,United States,1778033939,1778033939,-86.7663,41.8537,6393.18,false,123.28,123.42,0.98,,6393.18,6534,false,0
868316,ANA676  ,Japan,1778033939,1778033939,138.7334,34.5914,7475.22,false,226.87,115.81,-9.1,,7795.26,4651,false,0
4cacf1,GTR1924 ,Ireland,1778033939,1778033939,1.8098,41.3313,9875.52,false,195.03,276.06,-8.78,,9936.48,1000,false,0
3c56ef,EWG60T  ,Germany,1778033934,1778033935,7.1279,50.877,,true,6.94,137.81,,,,6423,false,0
ac4ffb,SWA147  ,United States,1778033939,1778033939,-112.7973,35.5709,9144.0,false,243.29,278.27,0.0,,9197.34,,false,0
850e14,JAL152  ,Japan,1778033939,1778033939,140.2116,35.5827,1203.96,false,105.09,240.05,-3.58,,1333.5,4632,false,0
a46a72,DAL2640 ,United States,1778033939,1778033940,-121.9165,44.7369,11582.4,false,210.59,335.0,0.0,,11864.34,1355,false,0
a1e908,N222GC  ,United States,1778033768,1778033770,-115.3621,35.5762,2392.68,false,112.7,11.05,-8.78,,2346.96,1051,false,0
a6c4d7,AAL727  ,United States,1778033939,1778033939,-122.1805,47.6393,2065.02,false,103.93,0.85,-7.48,,2103.12,2206,false,0
a301f3,EDV5410 ,United States,1778033939,1778033939,-86.0359,36.3425,10363.2,false,192.83,332.34,-0.33,,10675.62,3160,false,0
4d235c,VJT762  ,Malta,1778033925,1778033933,-61.8961,45.3932,13716.0,false,268.55,64.71,0.33,,13769.34,7102,false,0
a661bf,DAL488  ,United States,1778033939,1778033939,-116.1632,34.1177,9144.0,false,239.92,263.1,0.0,,9182.1,3263,false,0
a2090d,FFT3383 ,United States,1778033937,1778033937,-117.1938,32.7321,,true,0.0,196.88,,,,,false,0
348358,BCS472  ,Spain,1778033939,1778033939,-2.8605,45.3969,10668.0,false,241.13,188.96,0.0,,10599.42,2206,false,0
850e36,JAL575  ,Japan,1778033939,1778033939,139.94,35.5099,2087.88,false,146.92,12.33,14.63,,2209.8,0427,false,0
800b30,AXB1248 ,India,1778033939,1778033939,88.4457,22.6677,45.72,true,12.35,8.44,,,,1463,false,0
800b2b,IGO2121 ,India,1778033939,1778033939,85.8892,22.8712,11285.22,false,264.99,77.56,0.33,,11902.44,0272,false,0
aab698,TWY79   ,United States,1778033939,1778033939,-91.2161,39.6022,13716.0,false,241.01,35.79,-0.33,,13868.4,3355,false,0
a434f9,DAL978  ,United States,1778033939,1778033939,-78.6201,43.0237,739.14,false,88.04,224.05,0.0,,678.18,5121,false,0
348345,SWT1810 ,Spain,1778033939,1778033939,5.0789,50.0409,8595.36,false,237.62,226.49,4.88,,8564.88,4133,false,0
7c4567,NZT     ,Australia,1778033938,1778033938,152.7028,-26.2926,1348.74,false,23.01,206.57,-15.61,,1440.18,,false,0
ab603c,ERU832  ,United States,1778033636,1778033645,-81.0526,29.1633,251.46,false,44.94,254.05,-2.28,,259.08,,false,0
a19969,N20193  ,United States,1778033898,1778033899,-117.7873,34.4608,2926.08,false,60.71,126.38,-0.33,,2880.36,,false,0
a1e948,N222JS  ,United States,1778033657,1778033657,-111.9047,33.6263,,true,0.0,225.0,,,,6752,false,0
a0c94f,JTL15   ,United States,1778033939,1778033939,-81.8299,41.4233,784.86,false,107.42,42.48,12.35,,716.28,,false,0
aa52a0,RPA3662 ,United States,1778033933,1778033934,-92.8038,37.3979,7376.16,false,169.76,218.85,-5.53,,7505.7,4474,false,0
ab7394,AAL618  ,United States,1778033939,1778033939,-83.205,34.2718,11277.6,false,242.22,53.81,0.0,,11704.32,2350,false,0
a817b1,QXE2056 ,United States,1778033939,1778033939,-122.5214,45.2919,2247.9,false,122.36,47.73,-6.83,,2301.24,7623,false,0
a11cc1,ABX3114 ,United States,1778033939,1778033939,-86.4239,39.3662,8542.02,false,211.61,284.07,-0.65,,8686.8,4004,false,0
ab738b,NDU837  ,United States,1778033939,1778033939,-111.6014,33.0991,1242.06,false,48.49,318.87,-1.63,,1196.34,,false,0
a44917,UAL1872 ,United States,1778033939,1778033939,-94.8473,38.9744,11277.6,false,257.72,15.4,0.0,,11422.38,,false,0
a12ff9,FDX1240 ,United States,1778033930,1778033935,-115.1254,36.0824,,true,0.0,90.0,,,,,false,0
4d239b,CXI7FR  ,Malta,1778033939,1778033939,19.5681,41.8067,11277.6,false,244.33,140.98,0.0,,11490.96,6032,false,0
a1863b,DAL771  ,United States,1778033939,1778033939,-115.8928,34.8776,11582.4,false,235.78,226.24,0.0,,11673.84,2243,false,0
a59d63,ASA267  ,United States,1778033936,1778033936,-157.1592,21.525,5692.14,false,219.82,50.98,8.78,,5996.94,2605,false,0
800b9c,AXB2406 ,India,1778033939,1778033939,84.9739,21.8974,11285.22,false,253.08,32.04,0.0,,11894.82,7270,false,0
a5a4c7,ASI85   ,United States,1778033939,1778033939,-113.6805,33.5023,2324.1,false,57.77,98.71,-0.65,,2316.48,4101,true,0
ad036b,ASA372  ,United States,1778033939,1778033939,-114.4346,42.9256,11277.6,false,251.89,129.28,0.33,,11407.14,3505,false,0
a0c936,N15QB   ,United States,1778033939,1778033939,-124.0106,36.6693,10370.82,false,230.25,61.14,-15.93,,10614.66,3745,false,0
8468aa,ANA1164 ,Japan,1778033937,1778033938,127.9092,27.9111,10652.76,false,268.46,37.68,0.33,,11216.64,,false,0
c007d8,ACA271  ,Canada,1778033939,1778033939,-82.0161,44.7171,10972.8,false,186.28,302.02,0.0,,10866.12,0566,false,0
800b81,SEJ128  ,India,1778033938,1778033939,77.5388,31.2703,10363.2,false,240.81,183.92,0.0,,10690.86,,false,0
c007d0,ACA337  ,Canada,1778033939,1778033939,-102.4487,53.005,10980.42,false,238.72,269.26,-0.33,,10728.96,,false,0
a8f28f,FFT4440 ,United States,1778033939,1778033939,-78.9948,27.7316,8839.2,false,232.1,14.9,0.0,,9311.64,2402,true,0
a44969,DAL2291 ,United States,1778033939,1778033939,-84.6683,39.123,662.94,false,71.52,180.82,-3.9,,594.36,3122,false,0
ae6a76,KYOTE36 ,United States,1778033841,1778033898,-111.9643,33.4675,,true,0.0,191.25,,,,,false,0
a2f62a,FTT13   ,United States,1778033939,1778033939,-81.994,27.7217,1341.12,false,53.51,181.1,0.0,,1386.84,6316,false,0
a44960,UAL1510 ,United States,1778033939,1778033939,-94.5352,40.9138,11277.6,false,301.78,83.64,0.0,,11300.46,,false,0
a44963,UAL2175 ,United States,1778033939,1778033939,-94.7406,42.5059,10972.8,false,189.34,270.93,0.0,,10888.98,3367,false,0
8694d8,ANA112  ,Japan,1778033936,1778033939,141.3077,36.0624,9121.14,false,299.69,70.76,4.88,,9494.52,3172,false,0
a29337,SKW3689 ,United States,1778033939,1778033939,-84.7963,34.4514,6362.7,false,195.73,340.66,2.6,,6598.92,3301,false,0
a43632,N3700Q  ,United States,1778033939,1778033939,-122.4635,45.6463,426.72,false,52.43,137.39,-0.33,,441.96,,false,0
a35cba,JBU2626 ,United States,1778033939,1778033939,-81.2252,32.2112,11887.2,false,195.15,2.42,0.0,,12374.88,3625,false,0
84b7fa,ANA454  ,Japan,1778033939,1778033939,139.1952,34.7985,6164.58,false,256.99,67.64,-12.68,,6461.76,3306,false,0
a0a332,FDX382  ,United States,1778033939,1778033939,-119.2929,45.5291,9761.22,false,246.43,269.52,-0.33,,9982.2,,false,0
a48fbe,UPS733  ,United States,1778033939,1778033939,-91.7774,37.4908,11277.6,false,302.65,68.67,0.0,,11536.68,,false,0
a73fa6,N56601  ,United States,1778033935,1778033937,-121.8159,37.3301,,true,0.06,146.25,,,,,false,0
a68946,DAL170  ,United States,1778033939,1778033939,-93.2122,44.8815,,true,0.0,14.06,,,,1113,false,0
c83311,NOR4    ,New Zealand,1778033939,1778033939,174.9728,-37.0003,144.78,false,70.66,196.06,-1.95,,312.42,,false,0
a4493f,UAL1869 ,United States,1778033939,1778033939,-98.3735,29.6211,929.64,false,98.88,220.57,-5.2,,891.54,3304,false,0
a4493e,UAL1938 ,United States,1778033940,1778033940,-110.4449,34.4875,10058.4,false,171.28,245.51,1.3,,10180.32,,false,0
a4493d,UAL1394 ,United States,1778033939,1778033939,-93.1084,36.6084,10972.8,false,189.05,218.15,-0.33,,11269.98,2515,false,0
0d0ef2,RFD281  ,Mexico,1778033911,1778033923,-94.8895,18.7109,3406.14,false,71.43,109.35,0.0,,3604.26,,false,0
ab2fad,N82MZ   ,United States,1778033693,1778033693,-122.8777,42.3715,,true,0.06,292.5,,,,,false,0
a23ccb,SKW4156 ,United States,1778033939,1778033939,-104.6787,39.8559,,true,7.2,270.0,,,,0441,true,0
ae6a96,KNIFE12 ,United States,1778033939,1778033939,-118.0518,33.7917,,true,2.83,298.12,,,,,false,0
a44940,UAL2054 ,United States,1778033939,1778033939,-108.8493,37.58,10972.8,false,213.27,238.11,-0.33,,11056.62,2474,false,0
a6893e,DAL688  ,United States,1778033939,1778033939,-96.9627,47.4188,10972.8,false,224.41,271.84,0.0,,10706.1,3077,false,0
a54312,RPA4344 ,United States,1778033939,1778033939,-76.7301,38.8727,3413.76,false,176.83,61.12,9.1,,3482.34,4062,false,0
c82009,ANZ710M ,New Zealand,1778033857,1778033857,172.5217,-43.498,7.62,false,60.21,40.5,-3.9,,68.58,,false,0
8681b2,SKY106  ,Japan,1778033938,1778033938,135.6608,34.8568,7780.02,false,249.35,93.07,12.68,,8039.1,,false,0
ac0941,DAL1257 ,United States,1778033778,1778033778,-76.6508,39.1725,91.44,false,79.46,274.46,-3.9,,68.58,7132,false,0
8681b5,SKY512  ,Japan,1778033939,1778033940,139.9863,35.0253,3185.16,false,148.71,28.52,-2.28,,3322.32,3351,false,0
8681b3,SKY831  ,Japan,1778033939,1778033939,133.317,34.7103,12192.0,false,192.04,255.26,-0.33,,12580.62,2411,false,0
862d72,JAL933  ,Japan,1778033939,1778033939,138.7706,34.9767,10363.2,false,200.47,266.62,0.0,,10774.68,2363,false,0
ac4fb5,SWA1828 ,United States,1778033939,1778033939,-91.8757,40.5086,11269.98,false,301.16,84.81,0.0,,11384.28,0671,false,0
8681aa,SKY514  ,Japan,1778033939,1778033939,127.6532,26.7144,4831.08,false,209.12,6.36,14.31,,5036.82,,false,0
a0667b,LN125CD ,United States,1778033939,1778033940,-112.1684,40.802,2842.26,false,141.04,288.5,9.43,,2834.64,6040,false,0
a71a72,N557LM  ,United States,1778033939,1778033939,-148.6611,63.7515,10180.32,false,233.13,196.28,10.08,,9852.66,,false,0
ad292a,SWA1755 ,United States,1778033938,1778033938,-87.8353,33.0613,12192.0,false,186.74,230.48,0.0,,12694.92,6702,false,0
7c4557,NZD     ,Australia,1778033864,1778033864,153.4975,-28.1426,144.78,false,28.85,219.94,-3.25,,220.98,,false,0
aa9a7a,SWA2770 ,United States,1778033939,1778033940,-114.6345,35.8916,8763.0,false,195.36,86.38,12.35,,8823.96,1052,false,0
aa51fe,SKW4906 ,United States,1778033939,1778033939,-112.1338,33.2593,2933.7,false,146.11,152.53,13.33,,2956.56,,false,0
85d7c0,ANA653  ,Japan,1778033935,1778033936,134.523,34.93,3284.22,false,141.76,253.34,-8.78,,3444.24,2454,false,0
84b7c3,APJ352  ,Japan,1778033939,1778033939,139.0146,34.0143,11887.2,false,275.65,64.34,0.0,,12390.12,1725,false,0
abd627,SWA2229 ,United States,1778033939,1778033939,-98.1456,35.7737,12496.8,false,300.91,80.55,0.0,,12809.22,,false,0
a68902,VAR520  ,United States,1778033903,1778033903,-112.3671,33.4304,,true,5.4,39.38,,,,,false,0
c03bf2,WJA469  ,Canada,1778033939,1778033939,-79.6309,43.6874,,true,7.72,317.81,,,,0575,false,0
c03bf5,WJA276  ,Canada,1778033939,1778033939,-114.2634,50.9328,2476.5,false,128.5,68.88,-5.85,,2499.36,,false,0
a28036,ENY4209 ,United States,1778033939,1778033939,-87.5118,40.7529,8945.88,false,217.24,171.83,9.1,,9037.32,3151,false,0
a7f7fc,UPS81   ,United States,1778033939,1778033939,-126.3025,49.6348,11277.6,false,258.8,139.76,0.0,,11559.54,,false,0
ac4fd8,SWA687  ,United States,1778033939,1778033939,-120.4855,39.0355,4953.0,false,205.5,283.76,-11.38,,5074.92,,false,0
862d2e,JAL6777 ,Japan,1778033924,1778033938,133.2851,35.9205,12192.0,false,199.2,268.08,0.0,,12550.14,3202,false,0
a44988,DAL1370 ,United States,1778033939,1778033939,-80.3386,33.9169,11193.78,false,219.94,26.68,-4.88,,11620.5,2644,false,0
a44983,UAL1148 ,United States,1778033939,1778033939,-101.9361,33.2117,10363.2,false,199.84,307.78,0.0,,10706.1,4732,false,0
a7d1e8,BPX253  ,United States,1778033939,1778033939,-80.5812,28.0364,990.6,false,45.93,164.41,1.95,,1028.7,,false,0
a3298a,JBU1902 ,United States,1778033918,1778033918,-77.9113,32.6238,11277.6,false,208.51,8.37,0.0,,11689.08,,false,0
a95a1c,AAL2554 ,United States,1778033939,1778033939,-87.6396,35.8273,11879.58,false,277.42,68.0,0.0,,12260.58,4424,false,0
ac096a,FDX108  ,United States,1778033938,1778033938,-117.1553,53.5986,11277.6,false,276.09,146.01,0.0,,11399.52,,false,0
7c585c,RQM     ,Australia,1778033939,1778033939,145.3697,-38.1421,967.74,false,46.48,117.7,-3.9,,990.6,1200,false,0
aaa326,AAL748  ,United States,1778033939,1778033939,-10.4614,42.0393,11277.6,false,257.28,117.9,0.0,,11308.08,3342,false,0
a83a5b,N6292S  ,United States,1778033932,1778033939,-97.6591,30.2031,213.36,false,2.06,0.0,0.0,,129.54,,false,0
a4dfa6,DAL80   ,United States,1778033939,1778033939,-120.929,50.1486,10988.04,false,222.93,17.18,3.9,,11231.88,3551,false,0
a4495c,UAL1118 ,United States,1778033939,1778033939,-111.7545,35.646,10363.2,false,221.26,278.83,0.33,,10431.78,,false,0
a4495b,UAL1577 ,United States,,1778033933,,,,false,0.0,199.69,,,,,false,0
c03bc3,CFWQK   ,Canada,1778033938,1778033938,-98.3926,50.0659,800.1,false,60.94,281.69,-0.33,,762.0,,true,0
aafd4d,EJA807  ,United States,1778033939,1778033939,-82.9976,42.1547,12496.8,false,291.44,83.62,-0.33,,12542.52,2005,false,0
c82058,CFL11   ,New Zealand,1778033928,1778033928,176.5499,-37.8217,160.02,false,63.52,294.9,-1.63,,320.04,,false,0
a66355,VOI1253 ,United States,1778033939,1778033939,-97.4717,18.9361,8869.68,false,224.98,255.3,4.55,,9471.66,1342,false,0
ad4a11,N9553X  ,United States,1778033939,1778033939,-81.8163,29.6847,1828.8,false,77.76,22.15,-1.3,,1882.14,3156,true,0
a92650,TAI589  ,United States,1778033938,1778033939,-90.4553,14.3644,3444.24,false,142.69,128.85,4.55,,3665.22,2713,false,0
846954,ANA745  ,Japan,1778033938,1778033938,135.3915,34.7704,1104.9,false,96.98,167.44,6.83,,1211.58,,false,0
ac2a33,AAL690  ,United States,1778033939,1778033940,-85.7748,40.4056,8702.04,false,262.89,39.2,-4.55,,8808.72,0516,false,0
151fd2,SBI2626 ,Russian Federation,1778033935,1778033936,81.5288,54.4926,11574.78,false,201.94,282.66,0.0,,11612.88,,false,0
ac07fd,SWA1073 ,United States,1778033939,1778033939,-86.5312,39.6912,1524.0,false,121.13,204.06,-2.6,,1455.42,6575,false,0
a3f04a,DAL1174 ,United States,1778033939,1778033939,-76.8219,38.6474,7901.94,false,252.12,45.91,-17.56,,8100.06,2054,false,0
a8afec,UAL924  ,United States,1778033940,1778033940,-76.0555,39.1712,7018.02,false,253.84,81.49,0.0,,7162.8,0515,false,0
a93997,PDT6077 ,United States,1778033939,1778033939,-80.8452,36.086,4861.56,false,203.82,9.3,-0.65,,4998.72,1111,false,0
a7e630,JIA5664 ,United States,1778033939,1778033939,-80.4144,35.1509,6972.3,false,209.98,201.41,-9.1,,7193.28,2111,false,0
71bd32,KAL415  ,Republic of Korea,1778033715,1778033715,129.9957,32.9163,10668.0,false,221.45,157.61,0.0,,11071.86,,false,0
71bd33,KAL765  ,Republic of Korea,1778033939,1778033939,128.445,37.6544,8229.6,false,252.44,79.19,0.0,,8473.44,4310,false,0
4cad47,ITY681  ,Ireland,1778033939,1778033939,2.6095,36.7887,12504.42,false,285.14,51.37,0.0,,12687.3,6265,false,0
ae47da,PAT12   ,United States,1778033939,1778033939,-77.0921,38.6871,297.18,false,70.32,59.68,-0.33,,243.84,4312,false,0
4cad49,ITY621  ,Ireland,1778033939,1778033939,-75.2954,45.9435,11277.6,false,300.09,77.73,0.33,,11178.54,7636,false,0
3482d6,AEA046  ,Spain,1778033912,1778033912,-3.5653,40.4688,,true,4.89,261.56,,,,,false,0
151ffa,AFL1009 ,Russian Federation,1778031180,1778033934,20.5657,55.4159,10668.0,false,4.15,277.13,0.0,,9707.88,6626,false,0
aafd82,WMU18   ,United States,1778033939,1778033939,-85.3806,42.5228,1104.9,false,81.75,155.85,0.0,,1005.84,,false,0
a3f071,N353FB  ,United States,1778033933,1778033934,-97.3675,32.83,396.24,false,28.08,331.56,6.83,,304.8,,false,0
84b940,JJP104  ,Japan,1778033939,1778033939,141.7333,42.3993,3352.8,false,166.86,177.35,-0.33,,3451.86,2220,false,0
a5a690,UPS913  ,United States,1778033939,1778033939,-117.8876,33.6435,594.36,false,91.71,201.38,7.8,,563.88,,false,0
ae6a13,OTIS18  ,United States,1778033940,1778033940,-98.2956,50.6158,7010.4,false,170.61,135.12,0.0,,6713.22,,false,0
3c458a,BOX715  ,Germany,1778033939,1778033939,27.6628,34.738,10363.2,false,224.01,331.32,0.0,,10553.7,,false,0
3c458e,BOX621  ,Germany,1778033939,1778033939,14.8151,48.331,10972.8,false,233.59,295.15,0.0,,11056.62,1000,false,0
a5ecfa,N481GV  ,United States,1778033900,1778033900,-117.0336,37.1229,12496.8,false,252.37,144.63,-0.33,,12626.34,3230,false,0
a3f06f,N353F   ,United States,1778033938,1778033938,-80.6469,28.0876,99.06,false,40.65,51.68,-1.63,,91.44,,false,0
a1c386,N21212  ,United States,1778033939,1778033939,-111.6332,33.6655,1447.8,false,40.98,321.12,-1.63,,1447.8,,false,0
aa797d,SKW6239 ,United States,1778033939,1778033939,-96.6489,36.4221,6400.8,false,182.22,231.19,-7.8,,6507.48,6227,false,0
3c4593,BOX390  ,Germany,1778033939,1778033939,-83.6917,41.2249,9204.96,false,221.11,196.07,-10.08,,9304.02,0704,false,0
abd4e7,"",United States,1778033939,1778033939,-95.2773,29.5989,670.56,false,103.1,217.5,5.2,,,,false,0
3c4591,BOX393  ,Germany,1778033939,1778033940,2.941,53.6236,11277.6,false,247.48,120.62,0.0,,11170.92,6012,false,0
a6a00b,JBU2279 ,United States,1778033937,1778033937,-87.7415,28.614,9753.6,false,209.22,287.9,0.0,,10325.1,4726,false,0
3c4597,BOX611  ,Germany,1778033939,1778033939,91.766,22.3236,9144.0,false,249.09,319.1,-0.33,,9646.92,7072,false,0
0d0f92,XAAYB   ,Mexico,1778033939,1778033939,-95.9062,18.8971,1706.88,false,60.27,267.06,-2.6,,1767.84,,false,0
abc1bc,DAL1233 ,United States,1778033938,1778033938,-97.6731,30.1989,,true,6.69,47.81,,,,0655,false,0
acf4e8,DAL2159 ,United States,1778033939,1778033939,-93.8022,44.7721,4023.36,false,175.73,72.63,-1.95,,3886.2,,false,0
a66316,SKW5011 ,United States,1778033939,1778033939,-109.7034,38.3776,10972.8,false,230.09,250.27,-0.33,,11056.62,2611,false,0
a81945,N6205A  ,United States,1778033795,1778033796,-83.4005,42.6672,426.72,false,31.45,266.25,-3.9,,373.38,,false,0
a41096,LXJ361  ,United States,1778033939,1778033939,-77.0268,38.1635,10462.26,false,206.03,28.48,-7.48,,10713.72,1307,false,0
846910,ANA1279 ,Japan,1778033924,1778033938,134.649,35.9348,10668.0,false,299.0,53.47,-0.33,,11033.76,2105,false,0
a0b5c5,FDX1359 ,United States,1778033939,1778033939,-117.1401,33.9317,2948.94,false,152.17,143.25,14.63,,2948.94,,false,0
a85fb8,FFT2857 ,United States,1778033938,1778033939,-121.9955,37.0604,3482.34,false,157.83,342.75,-9.1,,3558.54,7674,false,0
aaea6a,N802MM  ,United States,1778033939,1778033939,-86.0422,30.1015,8229.6,false,160.84,93.67,-0.33,,8633.46,4001,false,0
ab0a95,AAL1599 ,United States,1778033939,1778033939,-102.4448,41.2113,10363.2,false,190.88,260.54,-0.33,,10309.86,,false,0
a3f00a,ATN3373 ,United States,1778033939,1778033939,-83.6102,27.6123,10949.94,false,210.09,263.81,4.23,,11544.3,3473,false,0
aaea84,AAL2073 ,United States,1778033939,1778033939,-81.2486,35.8432,7315.2,false,225.49,346.95,-0.33,,7543.8,6005,false,0
8694fa,ANA961  ,Japan,1778033939,1778033939,126.2837,37.4101,11582.4,false,222.25,269.47,0.0,,11902.44,3122,false,0
a53013,UPS282  ,United States,1778033939,1778033939,8.2348,51.6062,7947.66,false,221.23,32.17,7.8,,7947.66,3734,false,0
a72ca2,SWA4111 ,United States,1778033939,1778033939,-113.8633,32.7916,12496.8,false,268.69,80.41,0.0,,12710.16,7237,false,0
ae21a1,G8524557,United States,1778031675,1778033737,-111.996,40.6137,2133.6,false,0.39,340.31,,,,1200,false,0
4c01ed,ASL137  ,Serbia,1778031128,1778033938,20.2459,54.9447,10660.38,false,4.66,353.66,0.0,,,6265,false,0
a80641,JIA5432 ,United States,1778033939,1778033939,-92.8752,41.4703,3360.42,false,145.22,261.24,-1.95,,3284.22,4025,false,0
151fc5,SBI6409 ,Russian Federation,1778033465,1778033743,104.2667,52.4821,4351.02,false,169.14,336.71,9.75,,4305.3,,false,0
86e4fc,JAL39   ,Japan,1778033939,1778033939,138.1585,35.3268,10081.26,false,202.84,261.54,8.78,,10515.6,6172,false,0
a4105b,DAL881  ,United States,1778033938,1778033939,-114.6589,47.4858,10965.18,false,227.53,267.93,-0.33,,11056.62,,false,0
aaea8c,DAL105  ,United States,1778033724,1778033766,-65.3603,16.867,10668.0,false,246.17,147.37,0.0,,11330.94,,false,0
a66346,AAL3162 ,United States,1778033939,1778033939,-78.9195,29.2152,10972.8,false,262.13,186.76,0.0,,11483.34,5640,false,0
a3f02e,USC101  ,United States,1778033939,1778033939,-82.0155,33.6225,12496.8,false,205.29,355.83,0.0,,12946.38,0775,false,0
151fb6,AUL528  ,Russian Federation,1778033666,1778033667,60.8891,55.4119,3398.52,false,178.01,269.34,10.73,,,,false,0
c04eba,CGDVD   ,Canada,1778033638,1778033638,-113.1105,53.4258,,true,4.89,300.94,,,,,false,0
a1b092,RPA5655 ,United States,1778033939,1778033939,-74.4528,43.0233,6705.6,false,172.13,273.43,0.65,,6774.18,,false,0
a85fba,TCF639  ,United States,1778033938,1778033939,-82.1687,28.9497,1554.48,false,53.75,174.51,0.33,,1554.48,,false,0
71aa64,XUM2593 ,Republic of Korea,1778033939,1778033939,127.486,36.7906,3322.32,false,134.59,116.08,0.33,,3421.38,7267,false,0
ae116a,PAT120  ,United States,1778033930,1778033930,-114.0797,47.2982,7612.38,false,176.33,167.02,-0.65,,7665.72,,false,0
a172d4,N1926S  ,United States,1778033939,1778033939,-118.5369,33.682,2933.7,false,173.23,133.32,-13.98,,2933.7,3201,false,0
a4ce28,ATN3366 ,United States,1778033939,1778033939,-111.9752,33.4288,510.54,false,68.42,270.0,-4.23,,457.2,3450,false,0
a34b30,KII124  ,United States,1778033939,1778033939,-92.0848,42.4104,9448.8,false,261.36,79.8,0.33,,9357.36,0614,false,0
881427,AIQ237  ,Thailand,1778033838,1778033839,117.5694,21.1834,10363.2,false,223.47,255.74,0.0,,11041.38,,false,0
881421,AIQ3103 ,Thailand,1778033939,1778033939,100.2328,12.34,10965.18,false,229.46,6.69,0.0,,11696.7,,false,0
881426,AIQ3236 ,Thailand,1778033857,1778033938,99.9726,11.1341,10668.0,false,225.69,17.24,0.0,,11369.04,,false,0
a35e4b,N316ND  ,United States,1778033939,1778033939,-82.5779,27.4151,259.08,false,39.88,329.8,3.9,,251.46,0143,false,0
881424,AIQ3438 ,Thailand,1778033939,1778033939,100.3953,14.9974,5334.0,false,194.72,168.57,-6.83,,5631.18,,false,0
71bd84,KAL2106 ,Republic of Korea,1778033877,1778033905,128.1588,36.7274,5250.18,false,197.53,305.14,-7.15,,5593.08,7046,false,0
a35e49,DAL900  ,United States,1778033939,1778033939,-80.5872,36.8057,7315.2,false,222.28,225.66,0.0,,7513.32,3452,false,0
39c494,FBU98B  ,France,1778033939,1778033939,-78.4791,27.1188,8930.64,false,249.26,46.42,3.9,,9395.46,,false,0
88140b,MTNG402 ,Thailand,1778033867,1778033936,100.7766,15.3857,5783.58,false,133.5,44.84,0.65,,6134.1,,false,0
a448d7,UAL602  ,United States,1778033939,1778033939,-89.8535,42.1339,8740.14,false,201.34,267.51,5.53,,8717.28,7243,false,0
a448d6,UAL367  ,United States,1778033939,1778033939,-77.4573,38.9401,,true,4.37,180.0,,,,,false,0
a11e8b,SKW3306 ,United States,1778033939,1778033939,-117.0985,32.7865,1927.86,false,112.8,104.8,-3.9,,1927.86,6647,false,0
407371,VIR300  ,United Kingdom,1778033939,1778033940,71.0179,29.6949,12496.8,false,287.84,140.22,-0.33,,13014.96,,false,0
ab99f4,N847BA  ,United States,1778033939,1778033939,-87.6549,41.006,3985.26,false,148.88,137.1,-6.5,,3909.06,3633,false,0
a35e36,MHF316  ,United States,1778033850,1778033850,-151.498,59.6415,60.96,false,0.0,0.0,0.0,,38.1,,false,0
a555c3,AAL1524 ,United States,1778033743,1778033743,-73.795,40.6448,,true,8.23,354.38,,,,7714,false,0
a448ba,DAL2626 ,United States,1778033937,1778033939,-84.5808,33.827,3329.94,false,155.37,359.62,6.5,,3429.0,2022,false,0
a675a9,SKW6211 ,United States,1778033939,1778033939,-107.0322,32.1275,10668.0,false,270.04,105.02,0.65,,11026.14,0024,false,0
a208f2,EPI230  ,United States,1778033939,1778033939,-80.7372,28.429,1043.94,false,56.96,159.93,0.0,,1074.42,,false,0
ac2c10,SWA3839 ,United States,1778033939,1778033940,-113.5615,34.8014,10447.02,false,232.32,302.7,3.9,,10500.36,,false,0
86e778,ANA114  ,Japan,1778033939,1778033939,141.7157,35.829,9540.24,false,299.14,82.89,5.53,,9936.48,3143,false,0
ac3f2f,SWA2001 ,United States,1778033939,1778033939,-98.8111,40.3535,10668.0,false,293.89,84.88,0.33,,10668.0,,false,0
a7e691,SKW4916 ,United States,1778033901,1778033906,-104.1072,36.4293,10972.8,false,207.1,305.19,-0.33,,11209.02,,false,0
ac2c23,ASH6131 ,United States,1778033939,1778033939,-97.3355,37.3893,1897.38,false,132.92,320.02,-6.5,,1874.52,,false,0
800c44,AIC5ZH  ,India,1778033939,1778033939,75.8275,26.7991,10386.06,false,231.45,204.0,3.9,,10820.4,,false,0
ac2c33,SWA3383 ,United States,1778033939,1778033939,-77.1648,38.4451,3375.66,false,175.42,17.05,-0.33,,3436.62,0770,false,0
ab86f0,N8417U  ,United States,1778033939,1778033939,-151.2862,60.5593,304.8,false,43.01,186.87,-1.3,,243.84,,false,0
347191,BCS7552 ,Spain,1778033903,1778033931,7.1241,50.8777,,true,0.0,289.69,,,,,false,0
800c3c,AIC8AN  ,India,1778033939,1778033939,77.4788,30.5107,9159.24,false,226.4,184.04,0.0,,9410.7,,false,0
a34b64,JCM311  ,United States,1778033939,1778033939,-85.1807,39.6634,12192.0,false,185.35,227.59,0.0,,12367.26,2247,false,0
aab6dc,GTI803  ,United States,1778033939,1778033939,-151.9114,61.9475,11582.4,false,244.47,265.9,0.33,,11323.32,5655,false,0
adf194,AAL1976 ,United States,1778033751,1778033754,-76.0395,43.0352,1325.88,false,135.4,78.6,-6.5,,1272.54,3154,false,0
800c11,IGO6913 ,India,1778033939,1778033939,87.9634,21.5211,10058.4,false,261.55,45.24,0.0,,10629.9,1477,false,0
71bd73,KAL621  ,Republic of Korea,1778033939,1778033939,120.5714,17.5914,10972.8,false,249.06,193.38,0.0,,11727.18,,false,0
a448fa,UAL399  ,United States,1778033939,1778033939,-98.7815,30.8995,9753.6,false,205.21,302.61,-0.33,,10218.42,2763,false,0
881405,MTNG303 ,Thailand,1778033938,1778033939,99.9504,14.5426,3992.88,false,134.02,6.17,-3.58,,4213.86,,false,0
a1d5fa,N21706  ,United States,1778033939,1778033939,-97.3296,32.5555,601.98,false,54.1,176.73,-3.25,,533.4,,false,0
aa9afc,SWA3771 ,United States,1778033939,1778033939,-106.7915,36.9623,9852.66,false,293.11,63.3,-4.55,,9974.58,,false,0
a35e5b,GXA6112 ,United States,1778033939,1778033939,-83.1926,35.9113,11590.02,false,202.47,236.71,0.0,,11978.64,7210,false,0
a292c9,ENY3567 ,United States,1778033939,1778033939,-98.604,36.4704,10972.8,false,211.13,335.68,0.33,,11239.5,,false,0
7c7b0c,YLA     ,Australia,1778033939,1778033940,149.5313,-34.5321,2377.44,false,87.98,233.8,-0.33,,2484.12,4304,false,0
868428,ANA375  ,Japan,1778033938,1778033938,140.2602,37.4678,10355.58,false,255.01,8.7,-0.33,,10698.48,1635,false,0
862dd8,JAL627  ,Japan,1778033939,1778033939,133.9757,34.6593,5486.4,false,212.82,250.51,0.0,,5692.14,4636,false,0
a448f8,UAL1932 ,United States,1778033939,1778033939,-106.4005,35.6291,10363.2,false,189.15,291.54,0.33,,10538.46,,false,0
4cabd3,EIN118  ,Ireland,1778033939,1778033939,-67.5984,43.3556,10066.02,false,246.42,64.13,0.0,,10210.8,2414,false,0
a60e95,N49JP   ,United States,1778033939,1778033939,-72.0188,42.5635,2560.32,false,130.05,59.58,-6.83,,2552.7,1610,false,0
a0b702,145TX   ,United States,1778033939,1778033939,-97.758,30.3239,548.64,false,51.17,189.84,0.0,,472.44,,false,0
8469ec,FDA613  ,Japan,1778033939,1778033939,139.9874,40.0116,9144.0,false,190.34,198.43,0.0,,9387.84,0423,false,0
4cabc7,ABR2VE  ,Ireland,1778033939,1778033939,6.9617,50.3262,6873.24,false,120.55,96.12,1.95,,6865.62,1000,false,0
abd75a,N862MB  ,United States,1778033641,1778033641,-111.5351,32.8641,1005.84,false,75.34,146.42,0.65,,967.74,,false,0
c03e80,SUT8085 ,Canada,1778033649,1778033650,-92.106,62.8081,,true,5.4,42.19,,,,,false,0
4cabc3,ABR2CH  ,Ireland,1778033939,1778033939,9.1144,53.0035,6400.8,false,149.87,44.72,0.0,,6385.56,7143,false,0
800c88,AIC6BN  ,India,1778033939,1778033939,77.4212,30.7387,10675.62,false,225.6,6.15,0.0,,10995.66,,false,0
a71b43,AAL757  ,United States,1778033937,1778033938,-103.6394,36.9289,11277.6,false,249.51,126.87,0.0,,11468.1,6061,false,0
800c85,AIC1QG  ,India,1778033937,1778033937,76.7159,25.2497,11277.6,false,249.55,174.68,0.0,,11826.24,,false,0
800c89,AIC3QF  ,India,1778033939,1778033939,75.4724,13.0875,11894.82,false,227.54,153.84,0.0,,12565.38,,false,0
abc455,SWA3471 ,United States,1778033939,1778033940,-101.9514,36.4504,12489.18,false,239.11,139.8,0.0,,12725.4,1736,false,0
a46b6b,N384P   ,United States,1778033939,1778033939,-111.9285,33.4704,563.88,false,52.84,276.71,0.0,,525.78,,false,0
ae1115,JEDDA10 ,United States,1778033939,1778033939,-99.547,27.8788,1356.36,false,100.12,143.78,-10.4,,1356.36,,false,0
a662ee,N510RH  ,United States,1778033939,1778033939,-98.4001,38.0248,12192.0,false,169.74,277.66,0.0,,12367.26,3156,false,0
861c10,ANA1262 ,Japan,1778033939,1778033939,137.9946,36.2716,7917.18,false,199.04,207.56,0.0,,8214.36,4631,false,0
800c4a,AIC2333 ,India,1778033939,1778033939,88.2843,21.6568,10355.58,false,222.63,308.43,0.0,,10919.46,0725,false,0
a782dd,UPS1083 ,United States,1778033939,1778033939,-76.4763,40.0063,10972.8,false,236.48,239.98,0.0,,11125.2,2634,false,0
ab6162,EDV4917 ,United States,1778033939,1778033939,-82.7663,38.0664,10972.8,false,185.21,249.85,0.0,,11231.88,0170,false,0
ae6aad,TRTGA31 ,United States,1778033939,1778033939,-117.2042,32.8872,464.82,false,85.96,312.09,-1.3,,441.96,,false,0
a35e9c,AAL806  ,United States,1778033939,1778033939,-107.9754,32.203,10363.2,false,189.87,279.51,0.0,,10675.62,2237,false,0
ae1105,CASH21  ,United States,1778033939,1778033939,-97.4084,30.4054,3832.86,false,82.86,257.09,-1.63,,4000.5,,false,0
a9be0e,FDX1685 ,United States,1778033939,1778033939,-74.9401,40.055,1851.66,false,133.32,91.99,-0.33,,1851.66,4007,false,0
abc478,SWA1965 ,United States,1778033939,1778033939,-84.4229,42.5892,12192.0,false,176.69,296.27,0.0,,12214.86,2116,false,0
ae6aa6,LDACE22 ,United States,1778033877,1778033877,-116.3075,33.456,2887.98,false,119.15,36.57,0.33,,2865.12,,false,0
a782e4,AAL3186 ,United States,1778033939,1778033939,-90.0865,35.5457,10698.48,false,179.92,243.87,-1.95,,11056.62,6504,false,0
abb12d,SWA2626 ,United States,1778033940,1778033940,-74.9846,39.0183,4351.02,false,189.87,9.51,-9.75,,4442.46,2653,false,0
a925bc,N689MC  ,United States,1778033671,1778033672,-100.2388,25.8601,,true,1.8,36.56,,,,,false,0
a47e89,UPS959  ,United States,1778033940,1778033940,-120.9299,38.4889,4008.12,false,149.36,87.24,16.26,,4069.08,3337,false,0
ae1137,VIRAL63 ,United States,1778033939,1778033939,-99.4045,27.5189,1219.2,false,104.61,93.38,11.7,,1196.34,,false,0
ac9491,N91CN   ,United States,1778033939,1778033939,-121.473,38.5412,701.04,false,90.05,23.93,0.33,,754.38,4276,false,0
ae1139,ROVE64  ,United States,1778033939,1778033939,-101.503,31.6621,4305.3,false,114.73,299.55,1.3,,4442.46,,false,0
a5ee51,SWA980  ,United States,1778033939,1778033939,-120.1025,36.1263,11582.4,false,232.85,316.07,0.0,,11727.18,7306,false,0
ae112b,JEDDA13 ,United States,1778033939,1778033939,-99.2445,27.5829,1912.62,false,118.43,341.25,0.65,,1943.1,,false,0
3c68cb,BCS364  ,Germany,1778033939,1778033940,11.8266,51.567,4251.96,false,188.37,268.28,5.2,,4251.96,4160,false,0
aa9c39,        ,United States,1778033939,1778033939,-86.0231,36.0365,12496.8,false,292.7,100.74,0.33,,12854.94,7273,false,0
a84e0c,QXE2341 ,United States,1778033939,1778033939,-120.3406,39.0764,10972.8,false,196.07,351.55,0.33,,11178.54,3275,false,0
a925a8,LFA546  ,United States,1778033746,1778033747,-81.2348,28.7842,7.62,false,33.96,179.13,-1.95,,7.62,,false,0
ae111c,CASH22  ,United States,1778033939,1778033939,-97.4436,30.2933,3855.72,false,85.6,255.38,-0.65,,4023.36,,false,0
a4ce71,DAL256  ,United States,1778033939,1778033939,-6.1843,53.6718,11887.2,false,251.18,108.14,0.0,,11780.52,6250,false,0
800c99,IGO7171 ,India,1778033634,1778033634,77.8078,11.3821,4267.2,false,131.69,169.88,0.33,,4480.56,,false,0
ab618b,UAL2265 ,United States,1778033938,1778033939,-77.4942,38.9464,388.62,false,83.4,308.99,12.35,,335.28,,false,0
abc49b,SWA3847 ,United States,1778033938,1778033939,-108.1872,32.3153,12496.8,false,276.66,102.02,0.33,,12847.32,7223,false,0
a72e69,ASA552  ,United States,1778033880,1778033880,-119.4184,40.8231,9753.6,false,211.91,334.24,0.0,,9951.72,,false,0
a542d7,SWA670  ,United States,1778033873,1778033922,-118.358,34.2103,,true,0.0,309.38,,,,,false,0
a84e3f,SKW5529 ,United States,1778033931,1778033936,-104.683,39.8597,,true,0.0,270.0,,,,3700,false,0
abb172,SWA1647 ,United States,1778033939,1778033939,-111.828,33.3892,5105.4,false,200.2,74.5,16.26,,5135.88,,false,0
800c8e,AIC7JN  ,India,1778033939,1778033939,77.2202,26.028,11582.4,false,205.9,358.0,0.0,,12115.8,,false,0
a662b8,N510PD  ,United States,1778033939,1778033939,-122.1941,37.755,175.26,false,39.29,43.94,0.98,,167.64,4375,true,0
acd13e,FDX1347 ,United States,1778033939,1778033939,-75.5688,42.2428,10340.34,false,212.27,241.32,3.9,,10469.88,3442,false,0
ad4afb,ASA348  ,United States,1778033939,1778033939,-88.5982,41.6808,11277.6,false,293.48,106.5,0.0,,11323.32,6643,false,0
ad4afe,AAL3293 ,United States,1778033939,1778033939,-92.8918,31.2972,8534.4,false,207.07,299.3,0.0,,8968.74,2142,false,0
ad049a,AAL1576 ,United States,1778033939,1778033939,-88.2178,36.2814,12192.0,false,176.28,244.78,0.0,,12557.76,2106,false,0
a5db2c,ASA753  ,United States,1778033939,1778033939,-119.0144,36.6393,10363.2,false,209.35,348.66,0.0,,10500.36,7233,false,0
70afb7,RNA416  ,Nepal,1778033822,1778033937,96.1583,17.2312,10355.58,false,234.01,325.75,-0.33,,11026.14,,false,0
a22ac6,RPA5661 ,United States,1778033939,1778033939,-81.2392,32.2471,731.52,false,95.85,266.62,-7.15,,746.76,1670,false,0
a9ab87,FFT3091 ,United States,1778033930,1778033939,-73.8701,40.7739,,true,0.06,104.06,,,,4112,false,0
4d2190,DAH3015 ,Malta,1778033939,1778033939,16.0333,38.5436,10972.8,false,218.02,250.71,0.0,,11254.74,2311,false,0
a0a457,SKW5459 ,United States,1778033939,1778033939,-100.0351,34.9444,10363.2,false,180.87,309.58,0.33,,10668.0,,false,0
7c5950,RXA6661 ,Australia,1778033939,1778033939,150.951,-34.1795,2506.98,false,101.6,222.33,5.53,,2590.8,4243,false,0
a1c441,N2127D  ,United States,1778033939,1778033939,-94.2077,44.7179,1402.08,false,62.89,256.76,0.65,,1348.74,,false,0
78562c,15062   ,China,1778033734,1778033734,121.42,13.8026,1226.82,false,39.69,47.63,0.65,,1303.02,,false,0
710064,SVA862  ,Saudi Arabia,1778033939,1778033939,100.0333,14.0392,10668.0,false,257.42,104.7,0.0,,11361.42,,false,0
aafda1,"",United States,1778033821,1778033821,-82.878,39.9977,,true,2.57,61.88,,,,,false,0
a2942e,N2652   ,United States,1778033901,1778033901,-109.1891,35.3575,11269.98,false,199.59,257.65,-7.8,,12108.18,5643,false,0
ab8748,AAL136  ,United States,1778033939,1778033939,-107.376,34.4349,11269.98,false,302.72,92.24,-0.33,,11521.44,,false,0
0d0dda,AMX643  ,Mexico,1778033939,1778033939,-113.4433,31.4342,11277.6,false,264.13,119.01,0.0,,11521.44,3316,false,0
a3f119,N353MV  ,United States,1778033939,1778033939,-118.726,34.016,693.42,false,50.58,80.63,0.98,,662.94,5566,true,0
a6c70f,DAL798  ,United States,1778033939,1778033939,-107.8734,36.1068,10972.8,false,175.74,232.49,-0.33,,11125.2,2703,false,0
a3f120,DAL2578 ,United States,1778033939,1778033939,-95.8,32.6933,11590.02,false,189.23,223.46,0.33,,12070.08,6033,false,0
a46ad7,N384HB  ,United States,1778033825,1778033825,-111.9243,40.8838,1424.94,false,30.26,234.69,-2.93,,1379.22,,false,0
ab741e,UAL514  ,United States,1778033939,1778033940,-90.9586,38.5986,10660.38,false,290.99,100.59,-0.33,,10866.12,,false,0
ab6101,AAL1081 ,United States,1778033939,1778033939,-95.1484,33.2769,8983.98,false,271.85,69.51,7.15,,9334.5,,false,0
3c42de,FMJ     ,Germany,1778033654,1778033654,13.4945,52.354,,true,9.77,247.5,,,,,false,0
a912f0,PDT5931 ,United States,1778033939,1778033939,-80.9726,35.5585,4305.3,false,185.03,16.97,10.08,,4419.6,3125,false,0
a34ae0,DAL2187 ,United States,1778033939,1778033939,-90.8939,39.8544,10972.8,false,213.12,342.0,0.0,,11125.2,2012,false,0
a41120,MVK69   ,United States,1778033796,1778033847,-94.3735,44.1886,1539.24,false,66.03,116.37,0.33,,1455.42,,false,0
a84e98,WMU63   ,United States,1778033936,1778033936,-86.0471,43.1459,792.48,false,69.13,355.73,0.0,,708.66,,false,0
861b06,JAL257  ,Japan,1778033939,1778033939,136.816,35.3775,10363.2,false,179.06,261.24,0.0,,10683.24,4731,false,0
a34ae6,DAL1188 ,United States,1778033934,1778033934,-111.9799,40.7855,,true,0.06,357.19,,,,,false,0
a7d2bc,DAL339  ,United States,1778033939,1778033939,-101.5701,31.3752,10988.04,false,191.31,279.29,0.0,,11490.96,2650,false,0
a3ada3,AAL1179 ,United States,1778033939,1778033939,-104.1932,39.8231,9753.6,false,202.24,248.2,0.33,,9776.46,6270,false,0
a1d796,N218DS  ,United States,1778033938,1778033938,-76.7856,40.2702,640.08,false,36.89,188.02,-0.33,,594.36,6002,false,0
a34abd,N311CC  ,United States,1778033939,1778033939,-122.9269,45.2988,381.0,false,44.76,217.53,-2.28,,381.0,,false,0
a30460,ASA276  ,United States,1778033908,1778033913,-129.6666,53.7685,11277.6,false,232.98,140.02,0.0,,11437.62,,false,0
0d0da5,AMX810  ,Mexico,1778033939,1778033939,-94.6116,18.617,10431.78,false,234.8,109.59,-16.58,,11163.3,7620,false,0
abc40d,SWA1946 ,United States,1778033901,1778033920,-99.7357,38.3219,11887.2,false,273.38,113.04,0.0,,12024.36,1452,false,0
a04183,VTE3397 ,United States,1778033904,1778033904,-110.8095,36.6751,10363.2,false,215.94,212.25,0.65,,10416.54,,false,0
abc432,SWA3402 ,United States,1778033939,1778033940,-88.4398,40.8279,8610.6,false,200.43,198.71,3.58,,8663.94,6234,false,0
7c5971,RYB     ,Australia,1778033939,1778033940,145.2937,-37.9937,883.92,false,73.22,107.16,0.0,,922.02,1200,false,0
a7d2f7,LXJ603  ,United States,1778033939,1778033939,-97.7359,41.7625,13106.4,false,201.56,266.34,0.0,,13114.02,0615,false,0
ab0acb,EJA810  ,United States,1778033939,1778033939,-78.5172,30.265,13106.4,false,210.0,7.18,0.0,,13578.84,6240,true,0
7c3315,KDJ     ,Australia,1778033939,1778033939,145.1303,-38.0079,274.32,false,37.05,268.41,-4.23,,320.04,3000,false,0
ac2ab8,EJM883  ,United States,1778033939,1778033939,-122.3814,47.6234,594.36,false,86.4,150.38,-3.9,,586.74,4323,false,0
a9be4c,N727HR  ,United States,1778033939,1778033939,-117.0176,32.7712,830.58,false,50.2,155.8,-1.95,,800.1,,false,0
a89119,ABX107  ,United States,1778033939,1778033939,-98.2294,29.7852,11285.22,false,244.06,2.42,0.0,,11826.24,2501,false,0
71be35,AAR224  ,Republic of Korea,1778033936,1778033936,-73.7925,40.6421,,true,0.0,151.88,,,,5106,false,0
71be34,AAR711  ,Republic of Korea,1778033936,1778033938,121.0091,24.9846,1447.8,false,104.16,113.27,-5.53,,1539.24,7132,false,0
758087,GAP2941 ,Philippines,1778033939,1778033939,121.1805,14.5203,1874.52,false,139.39,139.49,11.05,,2011.68,,false,0
151ec6,SBI5224 ,Russian Federation,1778033939,1778033939,84.8334,55.1669,6751.32,false,167.23,257.2,-9.75,,6812.28,,false,0
7c7a5d,YGF     ,Australia,1778033939,1778033939,150.3396,-31.1333,1775.46,false,46.71,334.56,-0.33,,1882.14,,false,0
a6c781,JBU1195 ,United States,1778033939,1778033939,-73.8057,40.5764,1196.34,false,130.4,165.14,17.23,,1181.1,,false,0
4cac46,MAA8324 ,Ireland,1778033762,1778033777,-90.1798,11.4742,11582.4,false,246.09,318.81,0.0,,12374.88,5536,false,0
acf5d2,N934PH  ,United States,1778033939,1778033939,-122.187,44.7601,2956.56,false,69.47,161.43,-0.33,,2971.8,,false,0
71be29,"",Republic of Korea,1778033853,1778033933,126.5091,37.3124,1760.22,false,154.7,222.98,11.38,,1836.42,4133,false,0
71be20,AIH587  ,Republic of Korea,1778033939,1778033939,-113.1388,53.0163,10058.4,false,265.2,111.39,0.0,,10073.64,4733,false,0
71be23,KAL8592 ,Republic of Korea,1778033938,1778033939,116.7962,40.0945,10088.88,false,254.43,171.39,0.0,,10317.48,,false,0
71be21,KAL703  ,Republic of Korea,1778033780,1778033792,129.6723,37.256,9456.42,false,259.14,121.61,0.33,,9715.5,4302,false,0
7c7a4b,VOZ735  ,Australia,1778033939,1778033939,153.6586,-28.22,1569.72,false,148.87,334.41,-3.58,,1691.64,5455,true,0
7c7a4d,VOZ1037 ,Australia,1778033939,1778033939,148.8308,-33.4012,11277.6,false,241.49,37.38,0.0,,11529.06,6250,true,0
a5449a,AAL2542 ,United States,1778033898,1778033898,-75.192,39.8812,182.88,false,72.37,255.17,-3.58,,152.4,3021,false,0
a66482,N5105M  ,United States,1778033939,1778033939,-112.3298,41.2088,2011.68,false,48.97,19.01,-0.65,,1988.82,,false,0
7c7a60,YGI     ,Australia,1778033939,1778033939,150.8805,-31.085,1333.5,false,58.95,110.97,0.0,,1424.94,,false,0
86d2fb,APJ102  ,Japan,1778033939,1778033939,138.8231,38.733,10972.8,false,199.93,206.1,0.0,,11224.26,1745,false,0
800af2,VTNAL   ,India,1778033866,1778033866,78.1459,30.5122,2781.3,false,50.28,19.73,3.25,,1722.12,,false,0
7c7a3e,VOZ608  ,Australia,1778033939,1778033939,152.1046,-26.359,7178.04,false,229.09,137.82,-10.08,,7559.04,,false,0
850dae,JAL143  ,Japan,1778033802,1778033802,140.8301,40.8173,891.54,false,65.56,231.69,-4.55,,990.6,2103,false,0
a7e77a,N6081H  ,United States,1778033913,1778033913,-79.0161,37.3644,2118.36,false,64.6,84.52,0.65,,2133.6,,false,0
a8f402,WMU67   ,United States,1778033939,1778033939,-86.2582,43.1573,381.0,false,43.8,229.76,3.9,,320.04,,false,0
7c7a3d,VOZ838  ,Australia,1778033939,1778033939,150.1191,-34.9606,9944.1,false,225.76,233.99,6.83,,10157.46,4216,false,0
7c7a58,YGA     ,Australia,1778033939,1778033939,150.8382,-31.0856,365.76,false,20.38,312.95,0.0,,441.96,,false,0
4cac0b,KZR292  ,Ireland,1778033939,1778033939,75.1883,30.6263,10363.2,false,210.48,351.85,0.0,,10683.24,0343,false,0
c03cf1,ACA7303 ,Canada,1778033939,1778033939,-96.1381,33.5869,7528.56,false,170.09,222.18,-10.08,,7810.5,2276,false,0
a41144,DAL537  ,United States,1778033939,1778033939,-83.098,34.0551,8229.6,false,250.47,57.58,5.2,,8549.64,7147,false,0
758073,GAP2919 ,Philippines,1778033939,1778033939,122.5617,13.7409,6766.56,false,194.66,117.38,-11.05,,7307.58,,false,0
ac2b6c,ASH6248 ,United States,1778033939,1778033939,-98.125,26.5188,2118.36,false,139.84,229.92,-5.53,,2171.7,,false,0
7c7a49,"",Australia,1778033927,1778033933,151.1804,-33.9348,,true,1.03,292.5,,,,,false,0
a2d147,OXF5940 ,United States,1778033939,1778033940,-111.59,33.4374,914.4,false,41.24,303.29,0.98,,868.68,,false,0
a65104,JBU2919 ,United States,1778033939,1778033939,-75.958,38.974,10668.0,false,238.44,40.01,0.0,,10881.36,1051,false,0
ac2b80,SWA1999 ,United States,1778033940,1778033940,-112.4433,33.0838,5989.32,false,192.91,236.86,16.58,,6027.42,,false,0
a449af,DAL1446 ,United States,1778033939,1778033939,-81.9976,39.8234,7010.4,false,227.54,10.42,-0.33,,7101.84,7161,false,0
7c7a8f,YHT     ,Australia,1778033939,1778033939,115.8815,-32.1182,175.26,false,43.61,287.15,-3.58,,281.94,3000,false,0
0d0e7a,ESF313  ,Mexico,1778033939,1778033939,-115.3102,31.2246,10066.02,false,241.26,133.53,0.98,,10203.18,,false,0
4cac97,VOR09   ,Ireland,1778033939,1778033939,-9.6678,38.2477,1805.94,false,77.73,30.64,0.0,,1866.9,6635,false,0
4d20e7,VJT474  ,Malta,1778033939,1778033939,114.4424,22.078,6705.6,false,214.23,143.79,16.91,,7147.56,,false,0
a84dd1,JIA5124 ,United States,1778033938,1778033939,-81.608,35.0999,3040.38,false,130.41,260.46,0.33,,3108.96,,false,0
39c428,AFR201  ,France,1778033939,1778033939,11.7819,48.6732,11582.4,false,237.32,284.31,-0.33,,11612.88,1000,false,0
ace2f9,N9297U  ,United States,1778033939,1778033940,-122.6405,45.2384,1188.72,false,44.32,183.33,0.98,,1181.1,,false,0
a6b435,ASA202  ,United States,1778033939,1778033939,-123.3362,47.1657,5897.88,false,207.5,248.78,9.43,,6073.14,,false,0
71be10,KAL261  ,Republic of Korea,1778033928,1778033930,-119.8732,55.0506,10058.4,false,275.78,119.63,0.0,,10203.18,,false,0
a079fc,N13MS   ,United States,1778033939,1778033939,-113.1028,36.0366,12192.0,false,251.09,238.92,0.33,,12306.3,3214,false,0
a71aad,DAL391  ,United States,1778033939,1778033939,-98.1784,38.3896,11582.4,false,180.38,296.05,0.0,,11727.18,0610,false,0
a449a2,UAL1216 ,United States,1778033939,1778033939,-96.5752,36.533,11277.6,false,245.1,4.45,0.0,,11567.16,,false,0
a449a1,UAL2400 ,United States,1778033939,1778033939,-104.8225,42.3622,9753.6,false,210.7,257.59,0.33,,9631.68,,false,0
a10c0a,N167DR  ,United States,1778033937,1778033939,-123.146,45.1944,320.04,false,49.05,279.66,3.9,,312.42,,false,0
c04ff7,ROU1747 ,Canada,1778033939,1778033939,-122.1435,46.473,10972.8,false,212.37,356.39,0.0,,11254.74,5553,false,0
a11f59,UAL1558 ,United States,1778033940,1778033940,-88.6011,43.1484,10980.42,false,176.44,277.54,0.0,,10911.84,6014,false,0
800d13,SEJ937  ,India,1778033939,1778033939,76.7961,28.5687,1485.9,false,96.01,67.97,-4.23,,1485.9,0262,false,0
861bec,ANA663  ,Japan,1778033939,1778033939,138.6362,35.572,11986.26,false,175.73,262.94,4.23,,12344.4,3353,false,0
a2e09a,AMX861  ,United States,1778033645,1778033645,-99.0651,19.4386,,true,26.75,59.06,,,,1001,false,0
a12e57,VTE3347 ,United States,1778033938,1778033939,-111.9911,33.4408,388.62,false,64.31,270.0,-3.9,,335.28,,false,0
0c20a6,CMP188  ,Panama,1778033939,1778033939,-90.4383,14.0377,10972.8,false,226.41,292.02,0.0,,11711.94,0241,false,0
a24e39,FDX1654 ,United States,1778033915,1778033915,-117.1845,32.7335,,true,0.0,109.69,,,,,false,0
0c20a8,CMP899  ,Panama,1778033939,1778033939,-71.9124,-4.9838,10668.0,false,236.62,151.71,0.0,,11414.76,,false,0
aa5194,NDU64   ,United States,1778033834,1778033835,-97.0714,47.774,952.5,false,55.07,1.61,-5.53,,883.92,,false,0
800d0f,"",India,,1778033939,,,10668.0,false,238.4,30.33,0.0,,11163.3,2107,false,0
800d1b,SEJ160  ,India,1778033939,1778033939,75.6197,29.1846,10370.82,false,215.36,346.46,-0.33,,10736.58,,false,0
a4207c,N365SN  ,United States,1778033939,1778033939,-90.761,30.9585,6545.58,false,210.22,145.07,-9.43,,6850.38,6600,false,0
a2e098,ASA569  ,United States,1778033939,1778033939,-104.8041,39.8298,10972.8,false,205.67,300.35,0.0,,11003.28,7404,false,0
a11b00,AAL469  ,United States,1778033939,1778033939,-85.0229,27.3597,10378.44,false,202.01,295.98,0.0,,10957.56,5366,false,0
4cab80,NOS230  ,Ireland,1778033939,1778033939,-71.3203,19.4505,12184.38,false,226.79,291.56,0.0,,12877.8,4026,false,0
a338ac,JBU358  ,United States,1778033939,1778033939,-110.1769,38.8504,10972.8,false,241.84,234.35,0.0,,11071.86,0656,false,0
86d572,ANA179  ,Japan,1778033931,1778033931,140.3975,35.7749,,true,8.75,157.5,,,,3123,false,0
800d01,IGO1641 ,India,1778033924,1778033933,97.9059,14.6317,10668.0,false,244.85,123.26,0.0,,11353.8,0443,false,0
800d09,IGO6302 ,India,1778033939,1778033939,77.5885,13.2644,2125.98,false,142.94,300.26,13.98,,2125.98,,false,0
0c20dd,"",Panama,,1778033817,,,,false,243.07,109.28,0.0,,,,false,0
a062ec,DAL1299 ,United States,1778033939,1778033939,-112.0095,40.8949,1844.04,false,96.04,175.08,-4.88,,1813.56,0727,false,0
a35b39,AAL2309 ,United States,1778033938,1778033938,-102.7406,35.3934,10972.8,false,191.92,302.97,-0.33,,11239.5,,false,0
a1e5f1,ENY3427 ,United States,1778033939,1778033939,-86.7927,41.6712,3695.7,false,184.79,346.31,-0.33,,3642.36,1570,false,0
a445c7,UAL407  ,United States,1778033938,1778033939,-97.595,41.4117,11582.4,false,191.68,266.77,0.0,,11551.92,1572,false,0
a35b42,AAL775  ,United States,1778033939,1778033939,-79.4121,26.5306,7018.02,false,224.12,21.26,6.83,,7376.16,,false,0
abf9b1,SWA3851 ,United States,1778033939,1778033939,-116.52,33.8933,4945.38,false,188.48,286.65,-10.4,,4998.72,4150,false,0
a0c5ef,UPS701  ,United States,1778033939,1778033939,-89.989,35.2059,967.74,false,90.23,135.92,-3.25,,929.64,5247,false,0
7c7c74,VOZ1495 ,Australia,1778033783,1778033787,151.5951,-24.3728,11582.4,false,192.27,324.69,0.0,,12207.24,4745,false,0
a48e46,DAL916  ,United States,1778033939,1778033939,-95.7327,41.7724,10972.8,false,184.84,259.25,0.0,,10911.84,7222,false,0
a24e94,RFS801  ,United States,1778033939,1778033939,-121.1796,47.1893,3337.56,false,71.74,108.82,-0.33,,3390.9,4772,false,0
a80329,SKW4676 ,United States,1778033939,1778033939,-98.5578,37.0067,11277.6,false,208.26,154.7,0.0,,11498.58,1473,false,0
0c20d6,CMP422  ,Panama,1778033930,1778033931,-78.336,30.9243,10668.0,false,205.15,3.59,0.0,,11102.34,,false,0
a7e318,SKW5644 ,United States,1778033939,1778033939,-119.976,39.7864,10668.0,false,199.13,30.94,0.33,,10888.98,3675,false,0
a7e310,UPS4    ,United States,1778033939,1778033939,3.5941,49.518,5654.04,false,200.51,223.44,-6.5,,5661.66,4110,false,0
a11b6c,XCN70   ,United States,1778033939,1778033939,-83.8734,30.3599,3337.56,false,131.26,82.57,0.0,,3459.48,,false,0
0c20bb,CMP366  ,Panama,1778033939,1778033939,-73.8704,40.4209,9646.92,false,243.03,36.65,-4.88,,9829.8,3652,false,0
0c20ba,CMP736  ,Panama,1778033939,1778033939,-73.4587,40.7613,937.26,false,101.56,322.2,0.0,,914.4,7452,false,0
86e866,ANA834  ,Japan,1778033939,1778033939,122.7397,16.4453,11879.58,false,261.55,60.16,0.0,,12694.92,,false,0
861bca,ANA693  ,Japan,1778033939,1778033939,137.5056,35.2375,12192.0,false,194.19,261.16,0.0,,12565.38,7343,false,0
800d2c,IGO1069 ,India,1778033715,1778033715,79.3054,25.6468,10668.0,false,259.69,146.72,0.0,,11140.44,,false,0
a445a9,UAL2291 ,United States,1778033939,1778033939,-76.5595,37.3785,12192.0,false,233.8,207.81,0.0,,12451.08,3371,false,0
a7e340,WMU60   ,United States,1778033912,1778033912,-86.2247,43.1745,266.7,false,41.39,237.69,-1.95,,205.74,,false,0
a445a4,UAL778  ,United States,1778033939,1778033939,-104.6808,39.8553,,true,0.0,270.0,,,,6240,true,0
75808c,GAP2142 ,Philippines,1778033939,1778033939,121.5416,13.0174,7658.1,false,225.14,336.72,-9.43,,8260.08,,false,0
abf9d5,SWA3794 ,United States,1778033939,1778033939,-110.5578,32.4384,9197.34,false,194.77,283.6,-17.56,,9403.08,2466,false,0
0c20ac,CMP721  ,Panama,1778033939,1778033939,-89.639,13.6951,10972.8,false,225.76,292.65,0.0,,11719.56,0243,false,0
ac4f51,N8921V  ,United States,1778033939,1778033939,-81.7636,26.3462,1341.12,false,48.55,347.14,1.63,,1386.84,,false,0
a6c358,DAL520  ,United States,1778033939,1778033939,-80.0829,35.9931,10066.02,false,242.46,57.39,-0.33,,10386.06,1724,false,0
a67399,SCX3050 ,United States,1778033939,1778033939,-83.4212,35.0036,11582.4,false,206.5,357.43,0.0,,12009.12,6651,false,0
aa5130,ENY4003 ,United States,1778033819,1778033939,-97.0502,32.8806,,true,63.28,0.47,0.33,,,,false,0
ac3c0c,MVJ88   ,United States,1778033938,1778033939,-81.5238,46.6912,13716.0,false,287.73,61.6,0.0,,13571.22,4177,false,0
ab1c47,DAL1252 ,United States,1778033903,1778033903,-117.1761,32.7298,,true,5.92,64.69,,,,,false,0
aa777e,SWA1731 ,United States,1778033938,1778033938,-92.4715,31.2708,11582.4,false,183.58,240.63,-0.33,,12131.04,0561,false,0
a3be7c,DAL2855 ,United States,1778033939,1778033939,-85.2154,42.1109,10439.4,false,281.39,84.02,-11.05,,10477.5,3620,false,0
aa76ef,SWA457  ,United States,1778033939,1778033939,-91.9664,37.4389,10972.8,false,175.46,222.86,0.0,,11231.88,,false,0
aaa100,N784SP  ,United States,1778033939,1778033939,-121.8325,37.1958,609.6,false,50.58,313.76,0.65,,609.6,,false,0
aac762,FDX1296 ,United States,1778033939,1778033939,-78.9788,42.4853,6225.54,false,170.36,199.58,11.05,,6233.16,4133,false,0
a445ef,UAL1199 ,United States,1778033939,1778033939,-89.853,39.8534,10668.0,false,293.62,95.63,0.0,,10812.78,,false,0
34810b,IBE0150 ,Spain,1778033939,1778033939,-7.9628,36.4842,10370.82,false,253.07,39.97,0.0,,10561.32,4472,false,0
ac3aa8,SWA1255 ,United States,1778033939,1778033939,-109.1253,38.7716,11582.4,false,218.86,248.2,0.0,,11658.6,6766,false,0
aa0f6c,N74737  ,United States,1778033939,1778033939,-121.6478,37.0884,1280.16,false,61.89,117.2,-0.98,,1264.92,4507,false,0
a445f8,DAL1439 ,United States,1778033939,1778033939,-74.5602,40.0988,11277.6,false,239.03,48.32,0.33,,11452.86,6323,false,0
0c2194,DAE1001 ,Panama,1778033918,1778033918,-79.7623,23.3324,10668.0,false,253.22,170.17,0.0,,11269.98,,false,0
710102,SVA932  ,Saudi Arabia,1778033939,1778033939,6.4286,50.253,7437.12,false,218.35,122.49,4.88,,7437.12,7156,false,0
0c2189,CMP302  ,Panama,1778033939,1778033939,-96.4297,19.959,10363.2,false,241.93,307.92,0.0,,11056.62,,false,0
a4cb64,N408LS  ,United States,1778033668,1778033668,-74.0657,40.8493,,true,9.77,306.56,,,,0554,false,0
09a068,TQQ263  ,Gambia,1778033908,1778033934,50.1547,21.6467,10363.2,false,222.43,272.39,0.0,,10980.42,3521,false,0
010161,MSR834  ,Egypt,1778033939,1778033939,32.958,28.871,10210.8,false,216.12,313.84,-4.88,,10568.94,5276,false,0
abc107,SWA3099 ,United States,1778033900,1778033918,-104.6764,39.8635,,true,0.0,180.0,,,,,false,0
010153,MSR996  ,Egypt,1778033939,1778033939,28.9235,33.5598,11277.6,false,270.46,137.08,0.0,,11483.34,,false,0
86e7a2,JAL29   ,Japan,1778033864,1778033865,136.3889,34.2169,10355.58,false,207.06,243.75,0.0,,10805.16,3272,false,0
abd41a,RPA4369 ,United States,1778033939,1778033940,-79.1185,43.162,4328.16,false,173.63,309.35,-5.2,,4290.06,3073,false,0
a1d2dc,JBU841  ,United States,1778033939,1778033939,-65.9377,45.0668,10058.4,false,246.75,49.74,0.33,,10165.08,1522,false,0
7c7aed,YKF     ,Australia,1778033760,1778033760,152.8623,-31.4381,,true,5.4,210.94,,,,,false,0
a24e99,N248KA  ,United States,1778033915,1778033930,-158.3187,21.4175,1242.06,false,85.99,112.88,-2.28,,1318.26,,false,0
01013c,MSR986  ,Egypt,1778033939,1778033940,15.1169,36.1547,11277.6,false,261.55,98.37,0.0,,11574.78,,false,0
348101,SWT1TW  ,Spain,1778033939,1778033939,7.9288,51.0682,6400.8,false,143.25,76.71,0.0,,6393.18,1000,false,0
a59b6b,UPS1341 ,United States,1778033939,1778033939,-80.2168,26.2564,4526.28,false,218.27,355.54,10.4,,4732.02,,false,0
aa76cb,SWA3163 ,United States,1778033938,1778033939,-119.5705,36.743,12496.8,false,242.71,159.53,-0.33,,12649.2,3343,false,0
a445cd,UAL2486 ,United States,1778033939,1778033939,-96.3803,39.4585,11887.2,false,302.57,75.73,0.0,,11993.88,7347,false,0
710121,SVA143  ,Saudi Arabia,1778033939,1778033939,24.9412,35.3849,10972.8,false,218.36,311.27,0.0,,11224.26,5515,false,0
abe77a,SWA1108 ,United States,1778033939,1778033939,-82.8959,38.4602,8534.4,false,186.91,265.11,0.0,,8717.28,3634,false,0
a7d085,SKW5797 ,United States,1778033939,1778033939,-94.8904,39.2143,9380.22,false,285.42,96.73,-10.08,,9448.8,,false,0
4d2159,BRD140  ,Malta,1778033909,1778033930,7.1252,50.8715,,true,0.0,137.81,,,,,false,0
abc123,6       ,United States,1778033891,1778033892,106.6583,-6.4947,228.6,false,25.21,358.83,-2.93,,251.46,2547,false,0
ad0119,EJA937  ,United States,1778033742,1778033743,-85.4853,37.8431,403.86,false,48.05,201.35,-2.6,,327.66,,false,0
a0640b,N124RF  ,United States,1778033939,1778033939,-97.0801,30.5613,792.48,false,58.97,35.77,-2.93,,739.14,,false,0
86d594,ANA249  ,Japan,1778033940,1778033940,134.0374,34.8614,12192.0,false,207.62,256.24,0.0,,12588.24,3350,false,0
408314,TOM513  ,United Kingdom,1778033939,1778033939,-1.098,52.9552,6050.28,false,197.64,297.1,-11.7,,6065.52,1110,false,0
ac3adf,SWA862  ,United States,1778033939,1778033939,-96.7875,32.7975,563.88,false,76.76,315.81,-3.58,,502.92,0723,false,0
abc12a,SWA2808 ,United States,1778033939,1778033939,-97.6399,29.8835,5036.82,false,194.05,274.56,-11.7,,5288.28,,false,0
86d57f,APJ565  ,Japan,1778033939,1778033939,140.1303,36.0954,7376.16,false,224.53,2.63,10.73,,7635.24,2026,false,0
aecaa3,STGRY31 ,United States,1778033939,1778033939,-96.6835,28.8646,3108.96,false,128.85,186.19,0.0,,3208.02,,false,0
01010c,MSR728  ,Egypt,1778033939,1778033939,27.7561,36.9472,11277.6,false,260.14,156.58,0.0,,11430.0,7411,false,0
01010b,MSR746  ,Egypt,1778033939,1778033939,30.9242,33.7857,10668.0,false,247.02,178.45,0.0,,10866.12,2374,false,0
abe79d,SWA2241 ,United States,1778033938,1778033938,-103.7354,36.1484,11887.2,false,293.71,67.12,0.0,,12131.04,,false,0
ae2125,C2701   ,United States,1778033939,1778033939,-119.9842,34.0254,746.76,false,90.99,313.17,0.33,,723.9,3777,false,0
a85e16,N6382D  ,United States,1778033939,1778033939,-117.713,34.0383,670.56,false,44.74,171.4,-0.65,,647.7,,false,0
c018c8,JZA123  ,Canada,1778033743,1778033746,-123.1862,49.195,,true,0.0,90.0,,,,,false,0
4d2147,EAU56D  ,Malta,1778033939,1778033939,-73.0915,43.2364,12489.18,false,256.99,47.11,0.0,,12557.76,3416,true,0
abc14d,SWA3307 ,United States,1778033939,1778033939,-96.5653,38.186,11277.6,false,293.27,86.48,0.0,,11452.86,1066,false,0
39d2ae,AFR185  ,France,1778033939,1778033939,14.4991,48.2009,12192.0,false,232.49,286.19,-0.33,,12222.48,3221,false,0
39d2aa,AFR333F ,France,1778033939,1778033939,-10.2359,50.5334,12496.8,false,259.61,100.62,0.0,,12420.6,,false,0
39d2ab,AFR069  ,France,1778033938,1778033938,-69.5199,47.628,11277.6,false,297.59,72.6,-0.33,,11193.78,2443,false,0
ac3b8c,"",United States,,1778033927,,,,false,189.55,127.83,-8.13,,,,false,0
a24dc1,ASA19   ,United States,1778033939,1778033939,-120.8077,45.5238,6316.98,false,193.47,271.22,-9.75,,6499.86,,false,0
0c210e,CMP205  ,Panama,1778033937,1778033939,-53.368,-13.0278,10668.0,false,244.2,119.54,0.0,,11399.52,,false,0
0c210d,CMP743  ,Panama,1778033939,1778033939,-70.5933,-2.1974,10668.0,false,239.49,133.09,0.33,,11414.76,,false,0
ad12df,N941WM  ,United States,1778033939,1778033939,-122.9602,44.6018,762.0,false,64.31,53.13,0.65,,739.14,,false,0
39d2b0,AFR028  ,France,1778033939,1778033940,-108.3322,45.68,12192.0,false,266.01,215.87,0.33,,12092.94,,false,0
a06461,AAL3231 ,United States,1778033939,1778033939,-92.9095,32.0788,10660.38,false,275.1,108.2,0.0,,11140.44,0555,false,0
a06435,SKW5947 ,United States,1778033939,1778033939,-104.2289,40.1549,5196.84,false,156.84,219.28,-4.23,,5189.22,1671,false,0
7c3409,KKB     ,Australia,1778033939,1778033939,151.0065,-33.9394,175.26,false,36.1,32.78,-1.63,,243.84,3000,false,0
a11aa6,N170RB  ,United States,1778033698,1778033698,-94.887,38.5739,525.78,false,47.96,218.47,-4.23,,495.3,,false,0
39d2a5,AFR63J  ,France,1778033939,1778033939,-12.0535,50.7356,12496.8,false,259.56,99.24,0.0,,12428.22,,false,0
a32718,DAL1011 ,United States,1778033939,1778033939,-82.0635,34.9547,7010.4,false,245.5,54.81,0.0,,7261.86,2043,false,0
39d2a1,AFR174  ,France,1778033939,1778033939,-99.1701,19.3102,3268.98,false,105.36,307.26,-8.78,,3467.1,3277,false,0
39d2a2,AFR53M  ,France,1778033939,1778033939,-74.1919,40.2061,11894.82,false,262.14,67.86,0.98,,12031.98,7025,false,0
39d2a4,AFR995  ,France,1778033939,1778033939,6.3286,37.9298,12192.0,false,251.19,350.09,0.0,,12382.5,,false,0
7c7ad5,YJR     ,Australia,1778033939,1778033939,143.3477,-37.8296,2689.86,false,108.57,91.09,-0.33,,2750.82,4204,false,0
a17140,SKW3298 ,United States,1778033939,1778033939,-114.1633,42.7487,10668.0,false,250.24,127.48,0.0,,10759.44,,false,0
a1d44e,SWA3884 ,United States,1778033939,1778033940,-115.1919,35.726,12192.0,false,228.67,310.89,0.0,,12298.68,2605,false,0
aac721,CON352  ,United States,1778033939,1778033939,-150.3306,63.5799,7612.38,false,165.23,181.96,-0.33,,7360.92,,false,0
800bc0,IGO6446 ,India,1778033939,1778033939,77.4121,28.5506,2583.18,false,153.11,126.25,7.48,,2613.66,,false,0
a2f41d,N29LB   ,United States,1778033765,1778033765,-118.141,33.8148,0.0,false,15.06,277.85,-3.25,,-7.62,,false,0
3480da,SWT4HJ  ,Spain,1778033939,1778033939,7.7097,51.8058,5791.2,false,143.27,50.54,0.0,,5775.96,1000,false,0
a35ab8,EDV5179 ,United States,1778033939,1778033939,-79.0305,43.4274,8237.22,false,248.5,106.97,-0.33,,8275.32,2406,false,0
a0fac3,SKW5705 ,United States,1778033939,1778033939,-117.4345,34.3375,5090.16,false,183.82,116.42,-4.23,,5128.26,7264,false,0
7c7ab8,VOZ9210 ,Australia,1778033939,1778033939,116.0839,-32.1976,1813.56,false,136.86,269.14,-5.85,,1950.72,4235,false,0
a8ae2e,PDT6038 ,United States,1778033938,1778033938,-79.2544,37.3687,922.02,false,131.91,31.77,-3.58,,1013.46,4156,false,0
7c7aae,VOZ834  ,Australia,1778033939,1778033939,144.8297,-37.6616,,true,18.52,253.12,,,,7217,false,0
7c7aa4,VOZ1281 ,Australia,1778033939,1778033939,149.5279,-32.5158,10965.18,false,201.83,309.21,0.0,,11239.5,1277,false,0
800ba9,BDA102  ,India,1778033939,1778033939,85.3133,24.6086,11887.2,false,257.23,119.08,0.0,,12458.7,0565,false,0
7c7aa0,VOZ688  ,Australia,1778033935,1778033937,115.9706,-31.9422,,true,1.54,33.75,,,,,false,0
a32756,CXK551  ,United States,1778033939,1778033939,-80.2512,35.8238,1371.6,false,40.07,221.88,0.33,,1371.6,0157,false,0
a5fde4,N48521  ,United States,1778033939,1778033939,-122.9526,45.5462,60.96,false,30.98,324.46,0.33,,38.1,,false,0
c01970,ROU2050 ,Canada,1778033939,1778033939,-67.215,44.911,9456.42,false,238.43,102.21,0.33,,9555.48,4714,false,0
71bf54,AAR107  ,Republic of Korea,1778033775,1778033777,126.4382,37.6769,1097.28,false,105.93,277.82,-9.43,,1158.24,7050,false,0
ab1b30,N8144V  ,United States,1778033937,1778033938,-122.4524,48.0216,335.28,false,38.28,228.81,0.33,,350.52,,false,0
ad38bf,DAL560  ,United States,1778033938,1778033938,-98.3369,39.2998,10668.0,false,272.81,123.54,0.0,,10736.58,,false,0
aafb20,N8064W  ,United States,1778033940,1778033940,-98.0115,33.1699,1432.56,false,52.27,259.8,0.0,,1386.84,,false,0
a4478d,DAL1365 ,United States,1778033939,1778033939,-91.8311,37.5598,10965.18,false,182.95,235.19,0.0,,11239.5,5705,false,0
c00642,CJT1925 ,Canada,1778033885,1778033885,-123.1734,49.1883,,true,0.9,2.81,,,,,false,0
3c4321,"",Germany,,1778033846,,,,false,11.83,233.44,,,,,false,0
a5b760,AAL2888 ,United States,1778033939,1778033939,-87.1088,32.4701,9761.22,false,204.23,310.91,0.0,,10226.04,1433,false,0
a4345e,"",United States,1778033798,1778033798,-74.0539,40.8554,,true,0.0,92.81,,,,,false,0
a0d9a4,N154GC  ,United States,1778033893,1778033893,-114.0872,36.0661,1371.6,false,59.83,295.46,-1.95,,1508.76,,false,0
ac3b0f,SWA685  ,United States,1778033939,1778033939,-83.1309,42.3036,2186.94,false,129.09,22.99,-7.48,,2103.12,5607,false,0
7c7b81,YOJ     ,Australia,1778033939,1778033939,115.8578,-32.1248,160.02,false,39.35,334.44,-0.98,,266.7,3000,false,0
c01968,ROU1611 ,Canada,1778033939,1778033939,-78.4345,30.5242,8839.2,false,232.65,5.71,0.0,,9212.58,,false,0
a12f09,UAL2235 ,United States,1778033939,1778033939,-81.664,35.1968,8229.6,false,231.4,52.95,0.33,,8511.54,4026,false,0
7c7b87,YOP     ,Australia,1778033837,1778033837,115.8836,-32.0874,,true,0.0,101.25,,,,3000,false,0
a35af8,AAL726  ,United States,1778033890,1778033890,-92.9451,29.6302,10363.2,false,203.81,285.37,0.0,,10927.08,,false,0
a6878c,N52KX   ,United States,1778033583,1778033891,-96.0487,35.8283,1584.96,false,50.78,13.47,-2.28,,1539.24,,false,0
a48dea,UAL838  ,United States,1778033939,1778033939,120.6609,23.9773,10058.4,false,231.01,45.63,0.0,,10645.14,,false,0
a6745a,DAL281  ,United States,1778033939,1778033939,-154.0861,57.7507,10972.8,false,244.13,277.02,0.33,,10728.96,,false,0
a84ab1,UPS59   ,United States,1778033939,1778033939,-122.9633,44.8376,11277.6,false,266.92,159.82,0.0,,11582.4,,false,0
a43458,FFT2484 ,United States,1778033939,1778033939,-81.0696,25.9274,3116.58,false,163.83,115.68,-6.5,,3261.36,7130,false,0
a23af6,CXK602  ,United States,1778033939,1778033939,-91.3192,42.0363,1546.86,false,55.91,64.38,0.0,,1478.28,5344,false,0
ae58e6,BOMR741 ,United States,1778033939,1778033939,-97.2423,28.0294,1280.16,false,112.67,233.91,-0.65,,1287.78,,false,0
800be7,AIC2276 ,India,1778033934,1778033934,77.564,10.288,11887.2,false,223.41,152.73,0.0,,12557.76,,false,0
a4caee,N408FZ  ,United States,1778033707,1778033707,-73.6975,41.064,205.74,false,45.81,282.32,-1.95,,160.02,,false,0
c0196c,ROU1676 ,Canada,1778033939,1778033940,-80.6219,34.553,11582.4,false,269.39,163.47,0.0,,11978.64,0735,false,0
abf8ff,SWA3151 ,United States,1778033939,1778033939,-89.4805,39.1856,11582.4,false,194.87,206.84,0.0,,11788.14,0076,false,0
a1d45a,RPA5722 ,United States,1778033812,1778033826,-80.19,40.4851,487.68,false,71.55,272.06,-3.25,,419.1,3524,false,0
a17170,AAL2130 ,United States,1778033939,1778033939,-86.657,36.1457,10675.62,false,277.13,68.44,-0.33,,10972.8,2244,false,0
800bf9,AIC2213 ,India,1778033924,1778033939,51.223,22.1581,10355.58,false,226.62,280.6,0.0,,10972.8,4746,false,0
a97da7,SKW5001 ,United States,1778033939,1778033939,-87.8697,42.537,2156.46,false,136.82,347.85,0.0,,2065.02,2216,false,0
a54169,LXJ438  ,United States,1778033939,1778033939,-77.4355,38.989,320.04,false,53.5,180.55,-3.25,,274.32,2016,false,0
a12f2a,UAL2456 ,United States,1778033939,1778033939,-102.6265,33.889,10363.2,false,202.95,309.14,0.33,,10668.0,7376,false,0
a339b4,DAL2967 ,United States,1778033939,1778033940,-97.1518,36.0969,10965.18,false,194.42,195.03,0.33,,11262.36,4566,false,0
a81706,N620JA  ,United States,1778033919,1778033919,-116.9633,43.7396,1722.12,false,36.56,13.84,0.0,,1699.26,,false,0
ac3b51,SWA1691 ,United States,1778033934,1778033939,-100.8096,40.863,10972.8,false,191.88,253.17,-0.33,,10942.32,,false,0
adbe2c,AMF7275 ,United States,1778033939,1778033939,-86.52,35.9654,975.36,false,63.38,176.74,10.73,,914.4,,false,0
a2919a,ASA1525 ,United States,1778033939,1778033939,-105.851,43.5294,10972.8,false,214.05,302.74,0.0,,10835.64,7625,false,0
ae58f2,BB253   ,United States,1778033939,1778033939,-87.9867,30.6333,746.76,false,118.98,43.77,1.3,,762.0,,false,0
a076a8,N129RR  ,United States,1778033939,1778033939,-111.6485,32.8816,2019.3,false,56.98,320.13,0.33,,2019.3,,false,0
ac3b78,SWA8511 ,United States,1778033870,1778033875,-104.6705,39.8619,1623.06,true,0.51,2.81,,,,,false,0
71bf32,AAR551  ,Republic of Korea,1778033884,1778033884,125.6391,37.2598,6667.5,false,200.76,293.08,8.13,,6758.94,4130,false,0
c0192e,ACA357  ,Canada,1778033938,1778033939,-114.0214,51.1105,1036.32,false,52.51,357.75,0.0,,1066.8,,false,0
a5fdae,N4851G  ,United States,1778033939,1778033939,-81.811,28.0137,1333.5,false,49.28,283.89,-2.28,,1371.6,1200,false,0
71bf19,JNA404  ,Republic of Korea,1778033939,1778033939,126.9151,35.5855,6400.8,false,210.71,5.04,0.0,,6621.78,,false,0
a12f6d,UAL292  ,United States,1778033939,1778033939,-122.1384,37.5191,1150.62,false,104.49,298.21,-6.83,,1158.24,2015,false,0
a12f6f,UAL1373 ,United States,1778033903,1778033903,-77.448,38.9466,,true,3.09,247.5,,,,7262,false,0
a7e492,TRF577  ,United States,1778033939,1778033939,-97.7265,33.1089,1272.54,false,53.51,236.77,-0.98,,1211.58,,false,0
7c47ea,OHO     ,Australia,1778033939,1778033939,145.3357,-37.7209,487.68,false,48.24,187.35,3.25,,510.54,1200,false,0
a12f75,UAL1302 ,United States,1778033939,1778033939,-120.8857,35.5565,9753.6,false,235.72,322.8,0.0,,9906.0,6721,false,0
a0fc35,N1625T  ,United States,1778033939,1778033939,-82.5353,27.3792,152.4,false,30.32,284.74,-3.9,,160.02,7675,false,0
4b191b,SWR180  ,Switzerland,1778033912,1778033929,97.9061,14.632,11277.6,false,12.56,34.99,0.0,,10317.48,,false,0
7580b3,GAP2205 ,Philippines,1778033939,1778033939,122.0122,13.327,8229.6,false,202.17,151.09,0.0,,8854.44,,false,0
abc29a,DAL353  ,United States,1778033939,1778033939,-106.7062,37.1211,12192.0,false,205.47,252.06,0.33,,12367.26,1743,false,0
a12f4c,UAL671T ,United States,1778033939,1778033939,-86.3058,38.6277,11277.6,false,294.74,96.72,0.0,,11513.82,1417,false,0
a12f52,UAL1444 ,United States,1778033939,1778033940,-88.3975,31.4242,10668.0,false,265.1,56.16,0.0,,11193.78,,false,0
a96ae3,ASA1396 ,United States,1778033939,1778033939,-119.3777,45.0195,10363.2,false,214.33,327.15,0.0,,10584.18,,false,0
a076f1,UPS1013 ,United States,1778033939,1778033939,-71.0238,42.3717,,true,6.17,135.0,,,,,false,0
c00821,ACA696  ,Canada,1778033928,1778033933,-70.2924,46.2312,8839.2,false,253.65,72.41,0.0,,8862.06,2206,false,0
a1e6b9,SWA1676 ,United States,1778033939,1778033939,-114.9747,32.8739,10363.2,false,204.31,268.41,0.0,,10439.4,1320,false,0
a60c09,SWA2937 ,United States,1778033939,1778033939,-80.7338,41.2245,12192.0,false,179.5,277.41,0.33,,12291.06,2663,false,0
a12f70,UAL3883 ,United States,1778033939,1778033939,-94.7535,29.8297,2606.04,false,143.35,307.86,-5.2,,2689.86,,false,0
a12f72,UAL1360 ,United States,1778033939,1778033939,-99.8906,30.7572,9753.6,false,200.21,282.46,0.0,,10203.18,2542,false,0
ac07b8,SWA3846 ,United States,1778033639,1778033639,-104.6701,39.8636,,true,2.57,180.0,,,,7715,false,0
a300a9,ASA726  ,United States,1778033939,1778033940,-119.3361,36.3404,10972.8,false,208.37,351.91,0.0,,11117.58,1022,false,0
71bf93,AAR1055 ,Republic of Korea,1778033935,1778033936,127.7815,36.9402,4876.8,false,174.4,304.91,0.0,,5029.2,7045,false,0
c03c6b,HRT370  ,Canada,1778033939,1778033939,-80.4244,43.4404,5646.42,false,220.65,62.66,-11.7,,5593.08,6567,false,0
a446db,N375F   ,United States,1778033939,1778033939,-150.1508,61.2723,114.3,false,49.26,277.2,0.0,,53.34,,false,0
71bf92,AAR363  ,Republic of Korea,1778033937,1778033938,126.6733,36.5645,6614.16,false,210.89,165.01,9.43,,6827.52,4140,false,0
71bf90,ASV712  ,Republic of Korea,1778033939,1778033939,128.9143,36.2986,8534.4,false,201.48,305.96,0.0,,8808.72,6135,false,0
a96ac5,N7059S  ,United States,1778033939,1778033939,-122.0271,37.6888,365.76,false,31.02,229.71,0.0,,365.76,,false,0
a7811e,ASA7019 ,United States,1778033939,1778033939,-156.4487,58.5824,815.34,false,83.75,312.51,-4.23,,784.86,,false,0
71bf89,ASV724  ,Republic of Korea,1778033939,1778033939,128.5165,35.8725,7315.2,false,172.45,315.97,0.0,,7566.66,3222,false,0
7c6a54,AM315   ,Australia,1778033939,1778033939,142.4123,-36.84,3878.58,false,108.03,130.36,8.78,,3962.4,,false,0
7c6a53,AM341   ,Australia,1778033939,1778033939,145.2345,-37.3108,2659.38,false,127.35,202.32,-3.9,,2705.1,4345,false,0
ab97e6,UAL477  ,United States,1778033919,1778033919,-118.3582,34.211,,true,0.0,312.19,,,,,false,0
a7f765,JIA5560 ,United States,1778033939,1778033939,-79.8904,37.2762,10980.42,false,210.0,232.77,0.0,,11285.22,0136,false,0
a0a0d0,N14EW   ,United States,1778033925,1778033925,-98.0679,29.7363,480.06,false,32.39,190.06,-4.23,,419.1,,false,0
aafd1e,N807NV  ,United States,1778033928,1778033928,-157.9032,21.3236,121.92,false,47.82,220.2,-2.6,,152.4,3334,false,0
86d64b,APJ109  ,Japan,1778033939,1778033939,135.7022,34.8229,5356.86,false,188.78,78.05,13.66,,5585.46,,false,0
a36f66,MDS320  ,United States,1778033939,1778033940,-91.0457,33.1377,5791.2,false,155.95,51.43,-0.33,,6019.8,7425,false,0
a313b4,FDX944  ,United States,1778033748,1778033748,-117.6208,34.0597,,true,0.0,0.0,,,,,false,0
ad27aa,FDX1615 ,United States,1778033939,1778033939,-86.3983,39.6264,922.02,false,74.21,45.0,-4.88,,853.44,0661,false,0
ab84c9,AAL3327 ,United States,1778033939,1778033939,-87.501,40.0239,12192.0,false,233.85,170.25,0.0,,12367.26,6224,false,0
abe7c5,SWA4134 ,United States,1778033939,1778033939,-117.7632,33.0969,6781.8,false,200.99,319.26,15.61,,6812.28,,false,0
a72aec,ASI57   ,United States,1778033939,1778033939,-111.8782,33.2212,1211.58,false,34.68,237.72,2.93,,1181.1,,false,0
a97dcb,DAL667  ,United States,1778033939,1778033939,-91.3021,44.9392,11582.4,false,201.47,278.81,0.0,,11414.76,4162,false,0
ac07dc,SWA444  ,United States,1778033939,1778033939,-100.4326,30.7143,11582.4,false,183.79,283.76,0.33,,12123.42,7433,false,0
ad14a0,ASA1415 ,United States,1778033924,1778033924,-122.3062,47.4612,,true,7.72,0.0,,,,,false,0
a446aa,DAL2149 ,United States,1778033939,1778033939,-102.0237,41.4501,10972.8,false,202.66,275.68,-0.98,,10919.46,,false,0
a446b6,DAL1513 ,United States,1778033939,1778033939,-79.899,29.0823,8930.64,false,248.37,210.5,-17.23,,9395.46,5462,false,0
a72c41,N561SR  ,United States,1778033898,1778033898,-86.6666,36.1186,,true,3.09,320.62,,,,,false,0
a816ca,FFT3923 ,United States,1778033939,1778033939,-102.4906,37.6405,10363.2,false,175.44,269.33,0.0,,10523.22,2506,false,0
abd536,SWA2004 ,United States,1778033939,1778033939,-97.7877,32.2684,4693.92,false,214.21,87.52,-12.35,,4876.8,2024,false,0
498b29,OKBYI   ,Czech Republic,1778033939,1778033939,15.6915,49.9538,518.16,false,25.12,124.99,0.33,,518.16,,false,0
3c66c3,DLH495  ,Germany,1778033939,1778033939,-63.3076,48.98,11887.2,false,286.4,73.94,0.0,,11818.62,6313,false,0
aa64f7,WMU76   ,United States,1778033939,1778033939,-84.1628,42.2389,1409.7,false,75.41,275.09,0.0,,1310.64,5750,false,0
0c2084,CMP804  ,Panama,1778033939,1778033939,-78.39,24.4909,10668.0,false,206.69,3.57,0.0,,11269.98,,false,0
4b199a,DGX802  ,Switzerland,1778033938,1778033938,-57.8359,46.1188,11887.2,false,263.01,68.91,0.33,,11971.02,0501,false,0
0c206a,CMP448  ,Panama,1778033939,1778033939,-78.6906,24.4464,11277.6,false,207.75,3.69,0.0,,11902.44,,false,0
a35c97,JBU1419 ,United States,1778033939,1778033939,-73.5642,40.678,3268.98,false,165.43,38.69,7.8,,3314.7,2676,false,0
a923a9,UAL1573 ,United States,1778033939,1778033939,-91.773,39.4872,10668.0,false,298.76,77.06,-0.33,,10820.4,,false,0
0c205e,CMP172  ,Panama,1778033939,1778033939,-79.9664,-7.3065,10668.0,false,233.95,162.2,0.0,,11399.52,,false,0
a23c93,EJA243  ,United States,1778033932,1778033936,-122.3014,47.5322,,true,3.09,331.88,,,,7656,false,0
ab1bf9,ASA538  ,United States,1778033697,1778033697,-107.8031,46.0084,11277.6,false,242.82,103.48,0.33,,11148.06,,false,0
0c205b,CMP434  ,Panama,1778033897,1778033902,-81.317,28.4227,,true,5.66,270.0,,,,6331,false,0
861e56,JAL570  ,Japan,1778033939,1778033939,140.1092,35.6058,1554.48,false,94.16,270.94,-3.25,,1638.3,3403,false,0
0c2064,CMP285  ,Panama,1778033935,1778033935,-81.2974,28.4228,,true,8.75,270.0,,,,6644,false,0
86e8ac,ANA20   ,Japan,1778033845,1778033845,139.7891,35.5521,,true,0.0,239.06,,,,3422,false,0
aa77f9,ABX814  ,United States,1778033651,1778033654,-122.3179,47.464,129.54,false,65.85,180.45,-3.58,,129.54,,false,0
aafbf3,AAL2253 ,United States,1778033939,1778033939,-78.8802,36.1264,8229.6,false,238.81,36.94,-0.33,,8488.68,7245,false,0
ac3bf2,N888EA  ,United States,1778033722,1778033726,-106.9168,32.2836,,true,0.06,272.81,,,,,false,0
ab8590,WMU84   ,United States,1778033938,1778033939,-85.2804,42.2463,906.78,false,57.69,171.8,4.88,,830.58,,false,0
abe892,SWA127  ,United States,1778033935,1778033938,-104.6731,39.8635,,true,0.0,180.0,,,,,false,0
47ae38,IGO64J  ,Norway,1778033938,1778033938,50.3389,22.3193,10972.8,false,238.53,280.44,0.0,,11658.6,4742,false,0
7c47b8,QFA646  ,Australia,1778033939,1778033939,115.9604,-31.9404,,true,16.98,59.06,,,,5075,false,0
adbef0,AAL2649 ,United States,1778033939,1778033939,-81.2654,32.699,11277.6,false,190.4,347.99,0.0,,11734.8,1446,false,0
a4df56,ASA78   ,United States,1778033932,1778033939,-131.3729,53.7494,10363.2,false,225.17,315.28,0.0,,10515.6,,false,0
7c47aa,JST975  ,Australia,1778033939,1778033939,119.162,-32.9661,10675.62,false,234.0,119.21,0.0,,10972.8,4072,false,0
acf54f,JBU2077 ,United States,1778033939,1778033939,-110.221,36.3392,9745.98,false,207.37,255.93,0.0,,9806.94,2004,false,0
ae4882,JELLO31 ,United States,1778033939,1778033939,-81.1436,31.9275,281.94,false,45.59,139.12,0.33,,281.94,,false,0
ac9256,N909TT  ,United States,1778033939,1778033939,-76.7357,41.8283,11582.4,false,181.66,290.39,0.0,,11704.32,1504,false,0
ab7270,AAL1628 ,United States,1778033934,1778033937,-69.5799,44.8439,2758.44,false,170.64,69.16,-6.5,,2750.82,6210,false,0
c03c02,WJA729  ,Canada,1778033939,1778033939,-114.5646,49.9925,11582.4,false,218.88,267.31,0.0,,11666.22,0535,false,0
ad1560,JBU603  ,United States,1778033939,1778033939,-100.6653,48.5099,10363.2,false,232.55,270.76,0.0,,10073.64,1527,false,0
ac3beb,DAL1884 ,United States,1778033939,1778033939,-84.4389,33.7331,2712.72,false,140.47,91.05,-11.38,,2796.54,6574,false,0
7c47a8,JST801  ,Australia,1778033939,1778033939,150.8405,-29.2012,10652.76,false,256.28,61.07,0.0,,11079.48,,false,0
4d2047,AAE122  ,Malta,1778033939,1778033939,24.8517,44.2148,10363.2,false,234.26,329.66,0.0,,10477.5,1000,false,0
3c79c5,MAC9906 ,Germany,1778033939,1778033939,2.5162,48.7041,11315.7,false,246.04,37.78,-5.2,,11247.12,3372,false,0
a4df4b,CNS15   ,United States,1778033939,1778033939,-71.4576,42.87,1257.3,false,68.59,245.16,0.0,,1226.82,7433,false,0
a0b510,N1448V  ,United States,1778033939,1778033939,-123.1996,43.9783,647.7,false,47.16,353.11,0.0,,647.7,,false,0
a9249c,UAL2863 ,United States,1778033939,1778033939,-77.9696,34.2103,10668.0,false,202.78,1.74,0.0,,11026.14,,false,0
a4cc2d,N408UT  ,United States,1778033939,1778033939,-82.6922,34.5364,701.04,false,76.49,38.72,0.0,,693.42,,false,0
c019eb,WJA861  ,Canada,1778033714,1778033716,-87.5463,49.861,12192.0,false,222.31,275.71,0.0,,11871.96,,false,0
aa77c0,SWA1571 ,United States,1778033939,1778033939,-90.0047,39.9761,10058.4,false,248.91,20.57,0.0,,10165.08,7347,false,0
a0c810,N15CH   ,United States,1778033939,1778033939,-82.1082,28.4916,731.52,false,50.28,7.05,0.65,,746.76,2205,false,0
a72c10,EJA561  ,United States,1778033806,1778033808,-83.0028,42.4047,266.7,false,54.12,323.89,-2.93,,190.5,3137,false,0
3c66c2,DLH477  ,Germany,1778033630,1778033630,-121.9026,50.6929,9387.84,false,240.0,25.52,5.2,,9555.48,,false,0
c03c04,WJA233  ,Canada,1778033939,1778033939,-114.0064,51.1285,,true,3.34,0.0,,,,7154,false,0
a3ac77,DAL2442 ,United States,1778033939,1778033939,-114.0069,38.8807,10972.8,false,207.75,333.37,-0.33,,11087.1,,false,0
4b9067,PGT23AG ,Turkey,1778033939,1778033939,19.5552,45.4608,10668.0,false,256.84,135.65,0.0,,10850.88,7656,false,0
4b9065,PGT1458 ,Turkey,1778030233,1778033939,22.7092,52.3996,11277.6,false,228.5,12.88,0.0,,11353.8,6032,false,0
a8f0bd,UAL639  ,United States,1778033932,1778033932,-101.7254,44.7896,10972.8,false,214.62,256.7,0.0,,10774.68,3551,false,0
8814d3,HSEFS   ,Thailand,1778033940,1778033940,101.0672,13.1279,1005.84,false,51.17,254.85,-16.91,,1005.84,,false,0
4082e6,TOM235  ,United Kingdom,1778033939,1778033939,-8.1866,42.5683,11582.4,false,228.13,21.71,0.0,,11605.26,4445,false,0
a31533,SWA2082 ,United States,1778033939,1778033939,-91.6313,36.0917,12192.0,false,203.85,197.93,-0.33,,12527.28,,false,0
7c7ba3,YPH     ,Australia,1778033741,1778033742,153.1201,-30.315,2080.26,false,65.99,171.93,0.0,,2202.18,,false,0
7c7ba5,YPJ     ,Australia,1778033939,1778033939,152.9212,-31.1829,723.9,false,59.22,11.02,0.0,,815.34,,false,0
4082cd,TOM871  ,United Kingdom,1778033939,1778033939,8.6588,51.9211,11582.4,false,234.03,313.13,0.0,,11536.68,3551,false,0
7c7ba1,YPF     ,Australia,1778033891,1778033891,152.8626,-31.4378,,true,4.12,177.19,,,,,false,0
75823e,GAP2040 ,Philippines,1778033939,1778033939,120.9363,14.4626,449.58,false,67.51,60.31,-2.6,,510.54,,false,0
7c3538,KSQ     ,Australia,1778033939,1778033939,147.0048,-36.061,281.94,false,51.59,260.82,-2.6,,358.14,5475,false,0
75823d,GAP2131 ,Philippines,1778033939,1778033939,121.0328,13.4407,7063.74,false,200.64,179.41,7.48,,7597.14,,false,0
a32851,AAL1757 ,United States,1778033939,1778033939,-80.866,34.8029,3992.88,false,176.65,171.96,15.61,,4091.94,1746,false,0
a0fba3,N1621M  ,United States,1778033727,1778033734,-121.4299,43.6853,2331.72,false,90.15,340.32,-5.2,,2385.06,,false,0
a05225,N12JD   ,United States,1778033939,1778033939,-85.5915,31.9166,5791.2,false,157.38,124.21,0.0,,6065.52,,false,0
a56862,AAL2663 ,United States,1778033939,1778033939,-105.4174,40.2549,10355.58,false,207.5,265.31,-0.33,,10378.44,6730,false,0
a56866,ASA730  ,United States,1778033936,1778033937,-119.8917,41.5468,11277.6,false,248.27,154.34,0.33,,11506.2,,false,0
0c2047,CMP175  ,Panama,1778033937,1778033938,-87.3682,16.4584,10972.8,false,233.52,319.47,0.0,,11689.08,0251,false,0
0c202c,CMP470  ,Panama,1778033939,1778033939,-78.6493,25.7983,10668.0,false,205.33,4.31,0.0,,11231.88,,false,0
a923cd,UAL1210 ,United States,1778033940,1778033940,-87.6004,42.0161,1318.26,false,106.06,202.83,-3.9,,1249.68,1505,false,0
a30246,SKW4040 ,United States,1778033938,1778033939,-85.9039,38.4297,960.12,false,101.19,71.93,1.3,,883.92,2626,false,0
a84c4d,N63376  ,United States,1778033678,1778033678,-80.3782,27.4794,213.36,false,46.71,258.57,-2.28,,243.84,,false,0
a23bfb,RPA5801 ,United States,1778033939,1778033939,-84.5497,39.2718,1508.76,false,101.74,247.71,-3.9,,1455.42,5603,true,0
a32890,UPS1219 ,United States,1778033939,1778033939,-77.4549,38.9359,,true,2.31,180.0,,,,,false,0
ac0843,SWA4073 ,United States,1778033939,1778033940,-111.7641,33.44,1447.8,false,88.01,268.33,-1.63,,1432.56,,false,0
a72c78,AAL2339 ,United States,1778033939,1778033939,-95.7921,40.7254,10972.8,false,168.54,247.19,0.0,,10972.8,0136,false,0
7c3574,SPTR648 ,Australia,1778033939,1778033939,116.4482,-32.3385,929.64,false,54.77,174.61,0.33,,1082.04,0561,false,0
a8af98,EJA659  ,United States,1778033939,1778033939,-99.166,35.3864,12245.34,false,127.26,263.97,2.93,,12573.0,,false,0
0d0fd5,XAEGS   ,Mexico,1778033939,1778033939,-96.8228,19.2725,5295.9,false,165.42,120.87,-11.05,,5623.56,1377,false,0
a0fbfa,UAL1541 ,United States,1778033920,1778033920,-100.8852,38.0743,11887.2,false,237.92,140.53,0.0,,12024.36,3231,false,0
0c2025,CMP781  ,Panama,1778033939,1778033939,-81.4742,25.1768,9768.84,false,209.75,348.83,-9.75,,10332.72,,false,0
800cb9,AIC4UM  ,India,1778033940,1778033940,77.8608,13.3337,3169.92,false,127.61,91.16,-3.58,,3253.74,,false,0
800cc2,IGO7651 ,India,1778033939,1778033939,77.752,27.7069,4572.0,false,134.7,71.98,0.0,,4724.4,,false,0
a7e3f0,N6072T  ,United States,1778033939,1778033939,-82.0453,27.9763,1973.58,false,56.39,54.28,3.9,,2042.16,0130,false,0
86e7e6,JAL69   ,Japan,1778033939,1778033939,-158.8054,56.7569,11582.4,false,237.43,280.36,-0.33,,11391.9,,false,0
a32886,AAL1702 ,United States,1778033939,1778033939,-80.5362,27.3322,9761.22,false,210.84,338.38,7.8,,10287.0,7415,false,0
abe82c,SWA2224 ,United States,1778033932,1778033932,-86.6763,36.1249,,true,8.75,216.56,,,,,false,0
7c7bcc,VOZ488  ,Australia,1778033939,1778033939,151.4417,-31.7843,11369.04,false,236.99,192.92,-4.88,,11704.32,1163,false,0
a793fd,DAL653  ,United States,1778033634,1778033634,-111.981,40.7855,,true,0.0,354.38,,,,2516,false,0
0c2018,CMP207  ,Panama,1778033939,1778033939,-59.6705,-22.3918,11887.2,false,234.37,150.11,0.0,,12611.1,,false,0
abd50f,SWA2680 ,United States,1778033939,1778033939,-112.0015,40.8267,1440.18,false,76.39,175.36,-3.9,,1402.08,2011,false,0
a32879,N302TR  ,United States,1778033940,1778033940,-164.8806,65.7654,13106.4,false,266.67,220.7,0.0,,12854.94,,false,0
800cd6,AXB2980 ,India,1778033939,1778033939,77.836,12.8335,3962.4,false,150.35,28.85,-6.83,,4091.94,,false,0
0d0ff3,AMX682  ,Mexico,1778033939,1778033939,-97.4724,23.9945,11277.6,false,242.86,11.86,0.0,,11986.26,,false,0
0d0ff7,AMX784  ,Mexico,1778033933,1778033935,-114.1204,31.4057,10972.8,false,204.47,313.98,0.33,,11186.16,,false,0
0d0ff6,AMX837  ,Mexico,1778033939,1778033939,-95.9048,19.254,10972.8,false,233.48,247.73,0.0,,11696.7,,false,0
aa63e3,LYM472  ,United States,1778033939,1778033939,-104.6426,39.7486,2156.46,false,66.44,2.66,-2.93,,2133.6,5153,false,0
aafc36,DAL1409 ,United States,1778033939,1778033939,-87.3054,39.5024,11277.6,false,287.48,98.96,-0.33,,11483.34,5177,false,0
3481d5,LOT5N   ,Spain,1778033935,1778033935,-73.7939,40.6425,,true,0.77,225.0,,,,,false,0
abf9f8,SWA4071 ,United States,1778033939,1778033939,-86.384,37.9082,12496.8,false,263.97,158.99,0.0,,12771.12,6542,false,0
3c4214,SQB02ERA,Germany,1778033742,1778033742,11.0812,49.4946,,true,4.37,284.06,,,,,false,0
a5fef9,OAE2127 ,United States,1778033939,1778033939,-125.8206,49.4861,10363.2,false,229.23,320.74,0.0,,10622.28,,false,0
4b17fc,SWISS   ,Switzerland,1778033933,1778033939,8.5651,47.4418,,true,0.0,140.62,,,,2000,false,0
a47bf1,N3884L  ,United States,1778033939,1778033939,-82.4349,28.4685,365.76,false,38.24,197.22,4.23,,381.0,,false,0
ab96fc,JRE846  ,United States,1778033939,1778033939,-98.2447,30.6453,7010.4,false,218.83,11.39,0.0,,7353.3,2463,false,0
a72bda,JIA5657 ,United States,1778033939,1778033939,-75.6648,39.1857,3497.58,false,177.13,5.0,-7.8,,3550.92,1620,false,0
a2f584,ASA1393 ,United States,1778033939,1778033939,-122.6985,37.987,4762.5,false,189.33,167.29,-9.1,,4869.18,6614,false,0
ab83e8,DAL682  ,United States,1778033939,1778033939,-92.2366,35.3286,10363.2,false,179.21,286.51,0.0,,10713.72,7177,false,0
7c7c7a,YVG     ,Australia,1778033940,1778033940,116.528,-30.7373,6400.8,false,125.17,170.54,0.0,,6576.06,3614,false,0
ac4f6f,SWA3582 ,United States,1778033938,1778033939,-114.8288,32.7474,11567.16,false,270.9,87.28,6.18,,11734.8,2061,false,0
a0b59d,DAL2115 ,United States,1778033939,1778033939,-74.4385,40.4554,2727.96,false,158.32,70.45,-5.2,,2766.06,3334,false,0
800cfe,"",India,1778033657,1778033657,77.0909,28.5646,,true,0.32,351.56,,,,,false,0
ab2f9d,RFS729  ,United States,1778033939,1778033939,-122.0787,47.2553,449.58,false,51.65,185.14,0.0,,441.96,,false,0
86d602,TZP16   ,Japan,1778033935,1778033936,143.5101,35.8237,10797.54,false,294.52,78.0,4.88,,11224.26,3145,false,0
800cfb,IGO7324 ,India,1778033939,1778033939,78.2412,28.7769,3962.4,false,137.87,73.53,0.0,,4069.08,,false,0
ad5c30,ASA1409 ,United States,1778033630,1778033630,-122.5983,45.5917,,true,1.54,126.56,,,,,false,0
ac90a7,AAL1605 ,United States,1778033939,1778033939,-86.445,34.685,11292.84,false,283.83,83.34,0.0,,11704.32,0322,false,0
7c7c84,YVQ     ,Australia,1778033939,1778033939,152.9982,-27.5722,-7.62,false,25.87,107.35,-0.33,,53.34,,false,0
abd3c7,AAL1891 ,United States,1778033939,1778033939,-78.6748,36.0283,891.54,false,102.74,122.74,0.0,,899.16,2103,false,0
a6d833,N540CW  ,United States,1778033939,1778033939,-121.6565,47.0864,3040.38,false,51.57,274.0,-0.33,,3093.72,,false,0
aa6533,RPA3588 ,United States,1778033939,1778033939,-91.9605,39.5001,10363.2,false,177.32,275.66,0.0,,10492.74,1141,false,0
a81832,SKQ48   ,United States,1778033818,1778033818,-75.4286,40.6592,,true,3.86,334.69,,,,,false,0
abc0c1,SWA2399 ,United States,1778033939,1778033939,-93.2014,39.2033,12192.0,false,151.25,269.81,0.0,,12352.02,,false,0
aa0ec5,N747YV  ,United States,1778033478,1778033668,-118.4486,34.0194,,true,0.0,137.81,,,,,false,0
aa0ec7,RPA3635 ,United States,1778033938,1778033938,-77.4552,38.9353,,true,1.54,199.69,,,,,false,0
4b1917,SWR139  ,Switzerland,1778033939,1778033939,25.2641,44.8257,10363.2,false,235.11,294.15,0.0,,10492.74,1000,false,0
ad5c83,N960DT  ,United States,1778033939,1778033939,-104.7416,39.2963,2773.68,false,150.84,302.61,-5.53,,2750.82,4173,false,0
a5b867,N468MA  ,United States,1778033937,1778033938,-98.6012,29.0866,1120.14,false,56.7,78.49,2.28,,1082.04,,false,0
850fb6,SFJ45   ,Japan,1778033939,1778033939,135.4225,35.2244,11582.4,false,167.46,260.45,0.0,,11993.88,0434,false,0
a8183d,WMU62   ,United States,1778033934,1778033939,-84.1767,42.5694,1409.7,false,75.28,248.34,0.0,,1318.26,1200,false,0
aa781f,CKS217  ,United States,1778033939,1778033939,-108.7684,50.7148,10675.62,false,270.67,123.45,0.0,,10538.46,,false,0
